Metadata_cell,Metadata_hour,Metadata_treatment,Metadata_site,Metadata_dish,Metadata_concentration,ObjectNumber,Cell_Ed_mean_value,Cell_Ed_variance,Cell_Ed_not_zero_mean_value,Cell_Ed_not_zero_variance,Cell_Ed_region_mean_value,Cell_Ed_region_variance,Cell_Ed_region_max_value,Cell_Ed_region_min_value,Cell_Ed_region_top_50_value,Cell_Ed_region_top_25_value,Cell_Ed_not_region_mean_value,Cell_Ed_not_region_variance,Cell_Ed_not_region_max_value,Cell_Ed_not_region_min_value,Cell_Ed_not_region_top_50_value,Cell_Ed_not_region_top_25_value,Fp_mito_ratio_mean,Fp_non_mito_ratio_mean,Fp_whole_cell_ratio_mean,Fp_mito_pixels,Fp_non_mito_pixels,Fp_whole_cell_pixels
MCF7,2.0,roi,1,1,0.5,1,0.033173587173223495,0.0017986275488510728,0.057680562138557434,0.0017137869726866484,0.03922779858112335,0.0009887246415019035,0.1880795657634735,0.0,0.06484191,0.08239339,0.03170480951666832,0.00198406376875937,0.3185776472091675,0.0,0.063398525,0.097594775,0.8800467,0.9247488,0.9160213,5273.0,21735.0,27008.0
MCF7,2.0,roi,1,1,0.5,2,0.016110356897115707,0.0005254216375760734,0.03134945034980774,0.0005446908180601895,0.0171950850635767,0.000339056714437902,0.12354832142591476,0.0,0.031991307,0.043688882,0.01572786085307598,0.000590576499234885,0.20564332604408264,0.0,0.03145845,0.05201575,0.5054509,0.60874087,0.5818138,4071.0,11545.0,15616.0
MCF7,2.0,roi,1,1,0.5,3,0.1641804724931717,0.004606375005096197,0.16980069875717163,0.0038097414653748274,0.17212936282157898,0.001093492261134088,0.3157471716403961,0.05494007095694542,0.19839722,0.21462643,0.16196992993354797,0.005560833960771561,0.46749526262283325,0.0,0.22027984,0.25488487,3.158256,2.1075532,2.3361712,4766.0,17138.0,21904.0
MCF7,2.0,roi,1,1,0.5,4,0.07661987841129303,0.0016622634138911963,0.07921136170625687,0.001513210590928793,0.08014073967933655,0.000578278093598783,0.17052802443504333,0.0,0.099318855,0.11108966,0.07558545470237732,0.001976026687771082,0.3322162926197052,0.0,0.110401064,0.13420323,1.4829117,1.1909832,1.2572752,5886.0,20034.0,25920.0
MCF7,2.0,roi,1,1,0.5,5,0.08612935990095139,0.002173178130760789,0.08972058445215225,0.0019415834685787559,0.08923444151878357,0.0007996323984116316,0.20129495859146118,0.0,0.11171955,0.12529725,0.0851273238658905,0.0026123239658772945,0.3774453401565552,0.0,0.12562409,0.1519016,1.6019639,1.3308494,1.3969955,6199.0,19209.0,25408.0
MCF7,2.0,roi,1,1,0.5,6,0.08981211483478546,0.0010080208303406835,0.09010651707649231,0.0009847980691120028,0.10194545984268188,0.0002319570630788803,0.16184359788894653,0.03536389395594597,0.11384528,0.12037682,0.08652228116989136,0.0011677033035084605,0.25699445605278015,0.0,0.113613814,0.13094673,1.4789944,1.2213273,1.2685175,6054.0,27002.0,33056.0
MCF7,2.0,roi,1,1,0.5,7,0.10133862495422363,0.001233592745848,0.10152071714401245,0.001217323006130755,0.11225022375583649,0.0003896297712344676,0.17114616930484772,0.0412154458463192,0.12761141,0.13536473,0.09869362413883209,0.001402313937433064,0.30706462264060974,0.0,0.12860923,0.14904678,1.5191455,1.2302366,1.2866049,6309.0,26027.0,32336.0
MCF7,2.0,roi,1,1,0.5,8,0.061822324991226196,0.0012250146828591824,0.06355056166648865,0.0011494294740259647,0.05020463839173317,0.0005245640059001744,0.14006127417087555,0.0,0.068313815,0.08012474,0.06537284702062607,0.0013852269621565938,0.29995059967041016,0.0,0.09430235,0.11420938,0.82659817,0.9059205,0.887353,3925.0,12843.0,16768.0
MCF7,2.0,roi,2,1,0.5,1,0.08299025893211365,0.003332276362925768,0.09468106180429459,0.0026947951409965754,0.08328153192996979,0.0013838965678587556,0.22545738518238068,0.0,0.11325811,0.13140042,0.08290311694145203,0.0039152237586677074,0.3535388708114624,0.0,0.13405003,0.16661085,1.4934847,1.2867308,1.3343468,5741.0,19187.0,24928.0
MCF7,2.0,roi,2,1,0.5,2,0.011486304923892021,0.00041386185330338776,0.030371330678462982,0.000520742847584188,0.02000078558921814,0.00031726600718684494,0.09699230641126633,0.0,0.03452245,0.044916417,0.008768548257648945,0.0004141680255997926,0.33029964566230774,0.0,0.017537873,0.03507886,0.38981184,0.62112397,0.56515557,7193.0,22535.0,29728.0
MCF7,2.0,roi,2,1,0.5,3,0.07384322583675385,0.002187152160331607,0.07800452411174774,0.0019858048763126135,0.06970742344856262,0.0007150786113925278,0.16294541954994202,0.0,0.09124347,0.1040805,0.07511354237794876,0.002632429823279381,0.36769694089889526,0.0,0.11502363,0.14388354,1.3305825,1.1246792,1.1730616,5083.0,16549.0,21632.0
MCF7,2.0,roi,2,1,0.5,4,0.10225078463554382,0.0017951270565390587,0.10294768214225769,0.001735619269311428,0.10085856914520264,0.0006090431706979871,0.18339064717292786,0.004223474767059088,0.12057878,0.13259128,0.10277922451496124,0.0022442990448325872,0.4306735694408417,0.0,0.13913055,0.16462424,1.9308738,1.5356209,1.6443667,5934.0,15634.0,21568.0
MCF7,2.0,roi,2,1,0.5,5,0.07602345943450928,0.0036398032680153847,0.09152442216873169,0.0029632323421537876,0.0734710842370987,0.001568258972838521,0.22034887969493866,0.0,0.105692685,0.12525734,0.07706211507320404,0.004479053430259228,0.4060426652431488,0.0,0.13249528,0.1688094,1.5595421,1.3245553,1.3925214,4003.0,9837.0,13840.0
MCF7,2.0,roi,2,1,0.5,6,0.09062007069587708,0.003011929802596569,0.09738386422395706,0.002578053157776594,0.09454155713319778,0.0008324661175720394,0.22506844997406006,0.0,0.11756764,0.13115655,0.08991304039955139,0.0034016119316220284,0.40560609102249146,0.0,0.13565065,0.16695584,1.8963197,1.3614566,1.4431608,4854.0,26922.0,31776.0
MCF7,2.0,roi,2,1,0.5,7,0.06133333593606949,0.0033576535061001778,0.08499271422624588,0.0026419959031045437,0.07639441639184952,0.0015420502750203013,0.23967404663562775,0.0,0.10795523,0.12715055,0.057437509298324585,0.0037534392904490232,0.3770331144332886,0.0,0.10765683,0.14514871,1.7685866,1.3320953,1.4217983,4245.0,16411.0,20656.0
MCF7,2.0,roi,3,1,0.5,1,0.011205370537936687,0.0003388584591448307,0.026376977562904358,0.00039747761911712587,0.01410742662847042,0.000234140083193779,0.09007289260625839,0.0,0.026317738,0.036216557,0.010267352685332298,0.0003691039455588907,0.15938884019851685,0.0,0.020535894,0.038538653,0.3545834,0.49602586,0.46147567,5585.0,17279.0,22864.0
MCF7,2.0,roi,3,1,0.5,2,0.035692598670721054,0.0012656498001888394,0.04671403765678406,0.0011416111374273896,0.024191012606024742,0.0005171088851056993,0.1321120709180832,0.0,0.04271744,0.056206144,0.03905187174677849,0.0014343545772135258,0.3088541626930237,0.0,0.06926224,0.092119865,0.6698584,0.75282234,0.7340685,3407.0,11665.0,15072.0
MCF7,2.0,roi,3,1,0.5,3,0.09086015820503235,0.0006548344390466809,0.09087496995925903,0.0006535958382301033,0.09545892477035522,0.00029834944871254265,0.15236876904964447,0.026347607374191284,0.10905876,0.11740502,0.08963103592395782,0.000742949778214097,0.22380463778972626,0.0,0.11108202,0.12464762,1.2114434,1.1087015,1.1303701,3884.0,14532.0,18416.0
MCF7,2.0,roi,3,1,0.5,4,0.1580630987882614,0.0025159174110740423,0.15826812386512756,0.0024867344181984663,0.15999098122119904,0.0013876459561288357,0.30204591155052185,0.02480350248515606,0.1891614,0.20739213,0.1574079841375351,0.002897626254707575,0.5017195343971252,0.0,0.19962981,0.22696485,2.6250825,1.7974147,2.0073335,3916.0,11524.0,15440.0
MCF7,2.0,roi,3,1,0.5,5,0.03015720844268799,0.00048519388656131923,0.03388295695185661,0.0004188974271528423,0.03498554974794388,0.00018781937251333147,0.08798526227474213,0.0,0.04581766,0.052335456,0.028802186250686646,0.0005602700402960181,0.17269575595855713,0.0,0.0478125,0.061481565,0.48287058,0.49579093,0.49295956,6469.0,23051.0,29520.0
MCF7,2.0,roi,4,1,0.5,1,0.03492811694741249,0.0015854418743401766,0.05179999768733978,0.0014773196307942271,0.030694803223013878,0.0007392035331577063,0.14623737335205078,0.0,0.052930247,0.06866542,0.03638453781604767,0.0018682930385693908,0.40422323346138,0.0,0.06987405,0.09866391,0.8339474,0.8837642,0.87101245,6471.0,18809.0,25280.0
MCF7,2.0,roi,4,1,0.5,2,0.06912888586521149,0.0019184909760951996,0.07416371256113052,0.0016848183004185557,0.06631684303283691,0.0008580330177210271,0.18855787813663483,0.0,0.08974933,0.10415169,0.07000932097434998,0.0022472639102488756,0.36599430441856384,0.0,0.10804606,0.13290437,1.306103,1.1624538,1.1967056,2434.0,7774.0,10208.0
MCF7,2.0,roi,4,1,0.5,3,0.12976320087909698,0.0035787441302090883,0.13354560732841492,0.0031779338605701923,0.12749376893043518,0.001562678487971425,0.2663486897945404,0.007704576011747122,0.15893494,0.178966,0.13038581609725952,0.004130066372454166,0.4580855965614319,0.0,0.1811791,0.21229643,2.005861,1.6159592,1.6999015,3641.0,13271.0,16912.0
MCF7,2.0,roi,4,1,0.5,4,0.14104005694389343,0.0025422568432986736,0.14191626012325287,0.0024337025824934244,0.14765600860118866,0.0009975363500416279,0.2793753743171692,0.03170006722211838,0.17273247,0.18883608,0.13869567215442657,0.003068625694140792,0.4215490221977234,0.0,0.18189923,0.20937711,2.0876207,1.626322,1.747016,5170.0,14590.0,19760.0
MCF7,2.0,roi,4,1,0.5,5,0.14250965416431427,0.0025532757863402367,0.1433275043964386,0.0024507103953510523,0.14944255352020264,0.0008412502356804907,0.24862025678157806,0.04951179400086403,0.17245534,0.1867183,0.14036446809768677,0.0030635434668511152,0.4879995584487915,0.0,0.1829404,0.21114217,2.0246015,1.5204388,1.6395751,6212.0,20076.0,26288.0
MCF7,2.0,roi,4,1,0.5,6,0.07645051926374435,0.0020653025712817907,0.08007688075304031,0.0018728806171566248,0.06776402145624161,0.0008498146198689938,0.1888742446899414,0.0,0.09116437,0.10565332,0.07950423657894135,0.0024567535147070885,0.3856410086154938,0.0,0.118632056,0.14488263,1.0971779,1.0879843,1.090223,5517.0,17139.0,22656.0
MCF7,2.0,roi,4,1,0.5,7,0.11288806051015854,0.0019361557206138968,0.11361144483089447,0.0018663789378479123,0.12071915715932846,0.0005556966061703861,0.20040234923362732,0.03464856743812561,0.1395372,0.15067057,0.11051663011312485,0.0023299946915358305,0.41307345032691956,0.0,0.14781097,0.17291412,2.0744872,1.467916,1.6089047,6352.0,20976.0,27328.0
MCF7,2.0,roi,4,1,0.5,8,0.06786271184682846,0.001630436978302896,0.07365129142999649,0.0013431742554530501,0.0795200914144516,0.00047044374514371157,0.15440179407596588,0.005602934863418341,0.096766904,0.106910616,0.0652003213763237,0.0018572392873466015,0.43219372630119324,0.0,0.09896613,0.121166624,0.7314416,0.75028926,0.7467851,5545.0,24279.0,29824.0
MCF7,2.0,roi,4,1,0.5,9,0.07684378325939178,0.0017652721144258976,0.08026755601167679,0.001569106592796743,0.09028942137956619,0.0005337614566087723,0.18613263964653015,0.0,0.10856437,0.11899898,0.07352535426616669,0.0020135832019150257,0.3585037887096405,0.0,0.1092687,0.13295247,1.0725707,0.8994998,0.933759,5077.0,20571.0,25648.0
MCF7,2.0,roi,4,1,0.5,10,0.04750099405646324,0.001790483482182026,0.059581492096185684,0.0015260668005794287,0.04596021771430969,0.0007066886755637825,0.14869919419288635,0.0,0.06744759,0.08082427,0.047907404601573944,0.0020755634177476168,0.333537220954895,0.0,0.08445108,0.11121192,0.8014069,0.8461436,0.8368063,3817.0,14471.0,18288.0
MCF7,2.0,roi,4,1,0.5,11,0.07856065779924393,0.0021474778186529875,0.08263235539197922,0.0019223245326429605,0.08868082612752914,0.0006350319599732757,0.179476797580719,0.0,0.108528085,0.12037553,0.07591050863265991,0.0025096931494772434,0.45309481024742126,0.0,0.11517275,0.14326058,0.9895802,0.8897085,0.9104341,5037.0,19235.0,24272.0
MCF7,2.0,roi,4,1,0.5,12,0.02102147974073887,0.0007990543963387609,0.03875395655632019,0.0007858859025873244,0.028621483594179153,0.0004010397824458778,0.1015789657831192,0.0,0.044907507,0.05573014,0.019038278609514236,0.0008839098154567182,0.24411846697330475,0.0,0.03807656,0.06280092,0.52515817,0.6727253,0.64218694,4672.0,17904.0,22576.0
MCF7,2.0,roi,4,1,0.5,13,0.06240600720047951,0.002482202835381031,0.07204113900661469,0.0021713143214583397,0.048660971224308014,0.0010685957968235016,0.1630319058895111,0.0,0.07532357,0.09238748,0.06787733733654022,0.002939761383458972,0.37459826469421387,0.0,0.111328825,0.1411307,0.9083477,0.97058076,0.9528616,3321.0,8343.0,11664.0
MCF7,2.0,roi,0,1,1.0,1,0.061587393283843994,0.0028946080710738897,0.07834916561841965,0.0023691400419920683,0.07170754671096802,0.0011976861860603094,0.18118761479854584,0.0,0.09946647,0.116851375,0.059352610260248184,0.0032417206093668938,0.37922176718711853,0.0,0.10555566,0.13907649,1.2024705,1.0808952,1.1028861,5111.0,23145.0,28256.0
MCF7,2.0,roi,0,1,1.0,2,0.05613846704363823,0.0031532139983028173,0.07861858606338501,0.002648534020408988,0.05955742672085762,0.0016446185763925314,0.2288779318332672,0.0,0.09258821,0.11386848,0.055232901126146317,0.0035488735884428024,0.35454070568084717,0.0,0.10377625,0.14072871,1.3146238,1.149418,1.1840125,3461.0,13067.0,16528.0
MCF7,2.0,roi,0,1,1.0,3,0.04748863726854324,0.0026072822511196136,0.06167846918106079,0.002511143684387207,0.023948952555656433,0.0003192505391780287,0.09243806451559067,0.0,0.038648445,0.048346877,0.052555151283741,0.0029548078309744596,0.3950612246990204,0.0,0.09450501,0.12934531,0.8840667,1.6703749,1.53111,5081.0,23607.0,28688.0
MCF7,2.0,roi,0,1,1.0,4,0.02270044945180416,0.0011165356263518333,0.045387353748083115,0.0012027064803987741,0.02745075710117817,0.0006354854558594525,0.13959237933158875,0.0,0.048127763,0.06286827,0.021105654537677765,0.0012679167557507753,0.33687132596969604,0.0,0.042214118,0.07382783,0.64698523,0.766511,0.73646915,5055.0,15057.0,20112.0
MCF7,2.0,roi,0,1,1.0,5,0.04384862259030342,0.0027759107761085033,0.07567715644836426,0.002382176462560892,0.06347232311964035,0.001490699127316475,0.22123919427394867,0.0,0.094829924,0.11443235,0.03837757557630539,0.0029969303868710995,0.38124752044677734,0.0,0.07675516,0.120624244,1.0898702,0.97278666,0.9983127,4008.0,14376.0,18384.0
MCF7,2.0,roi,0,1,1.0,6,0.01830621063709259,0.0009181550703942776,0.04115115478634834,0.0011238562874495983,0.018558010458946228,0.0004879082553088665,0.12806081771850586,0.0,0.03570463,0.05090186,0.0181953776627779,0.0011074964422732592,0.31056147813796997,0.0,0.03639332,0.066700265,0.61856085,0.7820471,0.7320796,6235.0,14165.0,20400.0
MCF7,2.0,roi,0,1,1.0,7,0.03382275998592377,0.002537726191803813,0.07138015329837799,0.002674810355529189,0.041835978627204895,0.001760253100655973,0.23630015552043915,0.0,0.0757536,0.1015153,0.03005959838628769,0.002858526539057493,0.37939977645874023,0.0,0.06012422,0.1106062,1.1363595,1.0528005,1.079502,5619.0,11965.0,17584.0
MCF7,2.0,roi,1,1,1.0,1,0.09826639294624329,0.006061415653675795,0.1265309751033783,0.004228529054671526,0.11342068016529083,0.0021663152147084475,0.4391924738883972,0.0,0.14924802,0.17312819,0.09501791000366211,0.006836589425802231,0.5709275603294373,0.0,0.16471113,0.2061595,2.1828446,1.6820698,1.770467,2878.0,13426.0,16304.0
MCF7,2.0,roi,1,1,1.0,2,0.10995752364397049,0.00345066306181252,0.11624421924352646,0.0029171588830649853,0.1080610379576683,0.0012534817215055227,0.2379535585641861,0.0,0.13648085,0.15330754,0.11053880304098129,0.004122676327824593,0.5025990009307861,0.0,0.16161077,0.19297275,1.5031983,1.3117764,1.3566843,5713.0,18639.0,24352.0
MCF7,2.0,roi,1,1,1.0,3,0.04094132035970688,0.0012151467381045222,0.05007459223270416,0.001028879196383059,0.04387651011347771,0.00047397275920957327,0.12861265242099762,0.0,0.06146933,0.07222517,0.04009617492556572,0.0014253612607717514,0.33616310358047485,0.0,0.07006172,0.0921479,0.73479587,0.73212206,0.7327198,4947.0,17181.0,22128.0
MCF7,2.0,roi,1,1,1.0,4,0.09992378205060959,0.002800402231514454,0.10393305122852325,0.0024960688315331936,0.12406057864427567,0.0007919319323264062,0.24592609703540802,0.021451672539114952,0.14642203,0.15953374,0.0939742773771286,0.003116473788395524,0.3956165015697479,0.0,0.13857605,0.16754569,1.7820508,1.1619285,1.2845565,5075.0,20589.0,25664.0
MCF7,2.0,roi,1,1,1.0,5,0.08073174953460693,0.0014420509105548263,0.08300337195396423,0.0012940748129040003,0.08614003658294678,0.0005733318394050002,0.18119491636753082,0.0,0.105244555,0.11680739,0.07926564663648605,0.001667469390667975,0.3214792013168335,0.0,0.11161201,0.13149278,1.4023274,1.1615248,1.2083195,3529.0,14631.0,18160.0
MCF7,2.0,roi,1,1,1.0,6,0.03388854116201401,0.0007226894376799464,0.038287289440631866,0.0006480786250904202,0.028816573321819305,0.00028605328407138586,0.10270004719495773,0.0,0.042472117,0.05113494,0.03600528836250305,0.0008896993240341544,0.24296125769615173,0.0,0.05909111,0.07629138,0.45836455,0.5820435,0.54562575,7571.0,18141.0,25712.0
MCF7,2.0,roi,1,1,1.0,7,0.13506045937538147,0.003379572182893753,0.1376808136701584,0.0030843704007565975,0.14609487354755402,0.0009888713248074055,0.2530864179134369,0.030312733724713326,0.17105037,0.18517655,0.13215944170951843,0.00396767957136035,0.41047582030296326,0.0,0.18129805,0.21338984,1.8765925,1.3865099,1.4885336,4430.0,16850.0,21280.0
MCF7,2.0,roi,1,1,1.0,8,0.023634005337953568,0.0005139256245456636,0.03135513886809349,0.0004397259617689997,0.02628866769373417,0.0002044417051365599,0.08451973646879196,0.0,0.037807833,0.04475519,0.022507527843117714,0.0006409928319044411,0.20600658655166626,0.0,0.04234256,0.058505017,0.3398736,0.44893867,0.41644597,7622.0,17962.0,25584.0
MCF7,2.0,roi,1,1,1.0,9,0.08490423113107681,0.003245595609769225,0.09381604939699173,0.0027501920703798532,0.0847514346241951,0.0014126867754384875,0.23336146771907806,0.0,0.11489224,0.13324912,0.08495494723320007,0.0038539604283869267,0.3890793025493622,0.0,0.13528593,0.16806981,1.5130335,1.2069838,1.2832524,5315.0,16013.0,21328.0
MCF7,2.0,roi,1,1,1.0,10,0.0829433724284172,0.003019009018316865,0.09068219363689423,0.00259891664609313,0.08937181532382965,0.0010914806043729186,0.21103215217590332,0.0,0.115823306,0.13193345,0.08142255991697311,0.003462923690676689,0.41434407234191895,0.0,0.12839663,0.16049902,1.6391464,1.2157111,1.2967204,4163.0,17597.0,21760.0
MCF7,2.0,roi,1,1,1.0,11,0.05840195715427399,0.0017878718208521605,0.0658452957868576,0.001525627332739532,0.06897532194852829,0.0005955577362328768,0.16352349519729614,0.0,0.08833259,0.10016376,0.05529198423027992,0.0020960154943168163,0.355045884847641,0.0,0.09118936,0.117611684,1.463046,1.0816507,1.1683348,7033.0,23911.0,30944.0
MCF7,2.0,roi,1,1,1.0,12,0.10378383100032806,0.004597772378474474,0.1156129240989685,0.0037542213685810566,0.1105063259601593,0.0017431017477065325,0.24604018032550812,0.0,0.14378211,0.16361158,0.10136210173368454,0.0056040044873952866,0.4669286608695984,0.0,0.16285585,0.20127697,1.5583084,1.235265,1.3208191,4962.0,13774.0,18736.0
MCF7,2.0,roi,10,1,1.0,1,0.10463353246450424,0.0005710357800126076,0.10463786125183105,0.0005706067895516753,0.10433271527290344,0.0003190849965903908,0.17694653570652008,0.04011588171124458,0.11854471,0.12704536,0.10477195680141449,0.0006869137287139893,0.24750566482543945,0.0,0.12526855,0.1384804,1.3686742,1.2879816,1.3134114,7624.0,16568.0,24192.0
MCF7,2.0,roi,10,1,1.0,2,0.05558008328080177,0.0009342365083284676,0.05812576785683632,0.000829056603834033,0.0673140436410904,0.0002829852164722979,0.13661108911037445,0.006095637567341328,0.08052074,0.088684075,0.05227851867675781,0.0010678371181711555,0.2768687903881073,0.0,0.07759617,0.095162936,0.9970916,0.80464816,0.84690565,6187.0,21989.0,28176.0
MCF7,2.0,roi,10,1,1.0,3,0.026969505473971367,0.002355295466259122,0.07439380139112473,0.0029688705690205097,0.018731936812400818,0.0009937488939613104,0.19556479156017303,0.0,0.037463877,0.06649828,0.029275231063365936,0.0027120874729007483,0.3475874066352844,0.0,0.058550462,0.107925914,0.8384964,0.91917527,0.9015315,3716.0,13276.0,16992.0
MCF7,2.0,roi,10,1,1.0,4,0.05905904620885849,0.0025538261979818344,0.07064595818519592,0.002236297819763422,0.05433632433414459,0.0008584062452428043,0.16821737587451935,0.0,0.077948414,0.092657395,0.0604717954993248,0.0030523231253027916,0.37340256571769714,0.0,0.10450454,0.13702476,1.3244148,1.1324494,1.1766511,2951.0,9865.0,12816.0
MCF7,2.0,roi,10,1,1.0,5,0.06604626029729843,0.002481806790456176,0.07673849165439606,0.0020630809012800455,0.07259868830442429,0.0007163486443459988,0.1733582317829132,0.0,0.09378343,0.10671425,0.06423258036375046,0.002955302130430937,0.4401187598705292,0.0,0.107700795,0.1383897,1.7246433,1.239611,1.3447603,5581.0,20163.0,25744.0
MCF7,2.0,roi,10,1,1.0,6,0.1322849839925766,0.005018978845328093,0.1416885405778885,0.00404337840154767,0.14539065957069397,0.0012833609944209456,0.2780355215072632,0.0,0.17384346,0.19049981,0.12882499396800995,0.005947892088443041,0.48731693625450134,0.0,0.19062358,0.22788838,2.5312562,1.8077463,1.9588625,3402.0,12886.0,16288.0
MCF7,2.0,roi,10,1,1.0,7,0.03224755451083183,0.0010114022297784686,0.04326770082116127,0.000880218343809247,0.03035796247422695,0.0005252515547908843,0.13451790809631348,0.0,0.049249377,0.061679486,0.03301895409822464,0.0012078143190592527,0.23873195052146912,0.0,0.061080743,0.08235614,0.66582996,0.7207682,0.70484203,4629.0,11339.0,15968.0
MCF7,2.0,roi,11,1,1.0,1,0.10914649069309235,0.0026855715550482273,0.11221316456794739,0.0024169061798602343,0.114169180393219,0.0010057085892185569,0.2403179407119751,0.0025734601076692343,0.13943951,0.15468936,0.10752356052398682,0.0032175846863538027,0.4116624891757965,0.0,0.15242729,0.18081647,1.8234662,1.397834,1.5017781,7256.0,22456.0,29712.0
MCF7,2.0,roi,11,1,1.0,2,0.030747316777706146,0.00038968765875324607,0.032810863107442856,0.00034813411184586585,0.03336552903056145,0.00011896970681846142,0.07390818744897842,0.0,0.042036504,0.047212742,0.030109021812677383,0.0004536075866781175,0.21079596877098083,0.0,0.04643627,0.058323503,0.4677223,0.53219,0.519554,6498.0,26654.0,33152.0
MCF7,2.0,roi,11,1,1.0,3,0.04610086977481842,0.0006799791008234024,0.047754377126693726,0.0006254058098420501,0.04246808588504791,0.00036232234560884535,0.10543084144592285,0.0,0.05784062,0.067109115,0.048130281269550323,0.0008459438104182482,0.1943962574005127,0.0,0.0710774,0.08641953,0.7178026,0.7611309,0.7456367,6145.0,11039.0,17184.0
MCF7,2.0,roi,11,1,1.0,4,0.043871164321899414,0.0008334362646564841,0.047246918082237244,0.0007380727911368012,0.043653979897499084,0.00037635539774782956,0.12240716814994812,0.0,0.059189994,0.06886451,0.04395715892314911,0.0010143821127712727,0.301421582698822,0.0,0.068889566,0.086366355,0.6643204,0.6655452,0.66519785,5895.0,14889.0,20784.0
MCF7,2.0,roi,11,1,1.0,5,0.03273380175232887,0.0004073735326528549,0.034460436552762985,0.0003693608450703323,0.030293617397546768,0.00014325592201203108,0.07817019522190094,0.0,0.039835367,0.045694962,0.033566541969776154,0.0004947811248712242,0.21124021708965302,0.0,0.05086358,0.063029125,0.42731693,0.5096511,0.4887026,8724.0,25564.0,34288.0
MCF7,2.0,roi,11,1,1.0,6,0.08889105916023254,0.0022197221405804157,0.09180257469415665,0.0020251418463885784,0.08522658795118332,0.0007581945392303169,0.18970495462417603,0.0,0.107157335,0.12025611,0.09019523113965988,0.002733394503593445,0.3902797996997833,0.0,0.13129304,0.15835674,1.4410423,1.2211002,1.2788305,5363.0,15069.0,20432.0
MCF7,2.0,roi,11,1,1.0,7,0.08397459983825684,0.001357212313450873,0.0850655809044838,0.0012820401461794972,0.08708270639181137,0.0003289915912318975,0.1608973890542984,0.01977228932082653,0.101467036,0.11000309,0.08291689306497574,0.001702715759165585,0.388823926448822,0.0,0.11512959,0.13737495,0.88669705,0.8472581,0.85727173,7028.0,20652.0,27680.0
MCF7,2.0,roi,11,1,1.0,8,0.10038481652736664,0.0017322145868092775,0.10118298977613449,0.0016652267659083009,0.11116708070039749,0.0003762983251363039,0.18226291239261627,0.020669272169470787,0.12632915,0.13486929,0.09665422886610031,0.002147210529074073,0.36500343680381775,0.0,0.13420902,0.15747195,1.1581295,0.963691,1.0136721,6778.0,19590.0,26368.0
MCF7,2.0,roi,11,1,1.0,9,0.15114830434322357,0.0026410629507154226,0.15227732062339783,0.0024888701736927032,0.1578991413116455,0.0008193293469958007,0.25478804111480713,0.05021184682846069,0.18065286,0.19359893,0.14919358491897583,0.0031515297014266253,0.4458240866661072,0.0,0.19301036,0.22022942,1.8157997,1.4165103,1.5061651,6481.0,22383.0,28864.0
MCF7,2.0,roi,11,1,1.0,10,0.045282550156116486,0.0017992359353229403,0.05648450553417206,0.0016115923644974828,0.032196249812841415,0.0007665581069886684,0.15997551381587982,0.0,0.05509205,0.0707269,0.05115361511707306,0.0021512391977012157,0.403105229139328,0.0,0.0879964,0.11476316,1.1526449,1.1685641,1.1636341,3206.0,7146.0,10352.0
MCF7,2.0,roi,11,1,1.0,11,0.15845251083374023,0.0029712903779000044,0.15931329131126404,0.0028502987697720528,0.15519897639751434,0.0009198990883305669,0.2628641724586487,0.04236495494842529,0.17941016,0.19380191,0.1596088856458664,0.0036952828522771597,0.47409743070602417,0.0,0.20667563,0.23842977,1.9397514,1.4744307,1.5964458,5387.0,15157.0,20544.0
MCF7,2.0,roi,12,1,1.0,1,0.06617286801338196,0.0009584358776919544,0.06818585842847824,0.0008503345306962729,0.08034197986125946,0.00031602848321199417,0.14320479333400726,0.013953492045402527,0.09445051,0.10288209,0.06101201847195625,0.0010926623363047838,0.32672345638275146,0.0,0.0874957,0.10352915,1.0886415,0.8799169,0.9356437,4558.0,12514.0,17072.0
MCF7,2.0,roi,12,1,1.0,2,0.0765591636300087,0.0008644660701975226,0.07700461149215698,0.0008351941942237318,0.07915348559617996,0.00038443837547674775,0.15669044852256775,0.018376903608441353,0.094817385,0.1043049,0.07544805109500885,0.0010659395484253764,0.4183869957923889,0.0,0.10108631,0.11750454,1.1571252,1.0021995,1.0486557,4769.0,11135.0,15904.0
MCF7,2.0,roi,12,1,1.0,3,0.12619806826114655,0.0008146734326146543,0.12619806826114655,0.0008146734326146543,0.13438215851783752,0.00031046412186697125,0.20436333119869232,0.06481016427278519,0.14855205,0.15695527,0.12368684262037277,0.0009425273165106773,0.3037315011024475,0.0047450438141822815,0.14796732,0.1630602,1.4245002,1.2842631,1.3171903,11011.0,35885.0,46896.0
MCF7,2.0,roi,12,1,1.0,4,0.11295127123594284,0.0011050391476601362,0.11304561793804169,0.0010952969314530492,0.128000408411026,0.0003931040409952402,0.21150720119476318,0.04600445181131363,0.14366561,0.15325783,0.10630389302968979,0.001275284099392593,0.2652723789215088,0.0,0.13443714,0.1519514,1.5723492,1.2413794,1.3420299,6559.0,15009.0,21568.0
MCF7,2.0,roi,12,1,1.0,5,0.13814565539360046,0.001998469466343522,0.13835060596466064,0.0019730799831449986,0.14931249618530273,0.0008022025576792657,0.2932812571525574,0.06424661725759506,0.17035389,0.1854849,0.13540522754192352,0.002253930317237973,0.4320964515209198,0.0,0.1726221,0.19620122,2.443605,1.8107895,1.9354858,6252.0,25476.0,31728.0
MCF7,2.0,roi,12,1,1.0,6,0.07088912278413773,0.0007833426352590322,0.07131650298833847,0.0007575866184197366,0.07469255477190018,0.0002248548116767779,0.13426972925662994,0.006569432560354471,0.08645455,0.09313297,0.06916093826293945,0.0010275461245328188,0.24486133456230164,0.0,0.094493166,0.110800564,0.98727024,0.8969996,0.92520183,7768.0,17096.0,24864.0
MCF7,2.0,roi,12,1,1.0,7,0.04279140383005142,0.0007516852929256856,0.04567916691303253,0.0006705017876811326,0.04400397464632988,0.00026810169219970703,0.1134239211678505,0.0,0.056976806,0.0647234,0.04244505241513252,0.0008892737678252161,0.2290196269750595,0.0,0.06567977,0.082436934,0.4563774,0.5317265,0.51498586,4639.0,16241.0,20880.0
MCF7,2.0,roi,12,1,1.0,8,0.0863315612077713,0.001194318407215178,0.08733462542295456,0.0011205932823941112,0.09716833382844925,0.00043028598884120584,0.1883283406496048,0.020805131644010544,0.11369422,0.123715125,0.08270793408155441,0.001397398766130209,0.3045558035373688,0.0,0.11149877,0.1304447,1.5763619,1.2339993,1.3197919,6371.0,19053.0,25424.0
MCF7,2.0,roi,12,1,1.0,9,0.06313573569059372,0.001734700403176248,0.06855522096157074,0.0015120705356821418,0.06131266430020332,0.0007573573966510594,0.16719381511211395,0.0,0.08337777,0.09664496,0.06370530277490616,0.0020386800169944763,0.28576406836509705,0.0,0.10006666,0.12445285,0.9508646,0.8995574,0.91177106,3207.0,10265.0,13472.0
MCF7,2.0,roi,12,1,1.0,10,0.07939253002405167,0.0011034434428438544,0.08015323430299759,0.0010530432919040322,0.09285393357276917,0.00032243458554148674,0.1602107733488083,0.03265002369880676,0.10707118,0.11564315,0.07498515397310257,0.0012803981080651283,0.36075371503829956,0.0,0.10285416,0.121234566,1.1657289,0.9122535,0.9747738,7147.0,21829.0,28976.0
MCF7,2.0,roi,13,1,1.0,1,0.12130451202392578,0.0060454076156020164,0.144811749458313,0.0038128055166453123,0.14619635045528412,0.0016408617375418544,0.3006468415260315,0.010603824630379677,0.17842741,0.19817293,0.1117737889289856,0.007403772324323654,0.46612727642059326,0.0,0.18418734,0.22376472,1.7425923,1.2984614,1.3956323,2825.0,10087.0,12912.0
MCF7,2.0,roi,13,1,1.0,2,0.10791515558958054,0.003420555964112282,0.11743243783712387,0.002604583278298378,0.11514293402433395,0.0008238147129304707,0.22812791168689728,0.0,0.13785803,0.15151733,0.10548757016658783,0.004269280470907688,0.4621175229549408,0.0,0.1570437,0.18888018,1.0703737,1.0177509,1.0309814,6006.0,17882.0,23888.0
MCF7,2.0,roi,13,1,1.0,3,0.030242525041103363,0.0026641616132110357,0.0776771605014801,0.0031582440715283155,0.03520669415593147,0.0019947336986660957,0.2523714601993561,0.0,0.068802185,0.10109045,0.02828744798898697,0.002914279932156205,0.3397876024246216,0.0,0.056580465,0.10897604,1.0528198,1.1708966,1.1377919,3970.0,10190.0,14160.0
MCF7,2.0,roi,13,1,1.0,4,0.02795911207795143,0.000704095815308392,0.037166520953178406,0.0005937591777183115,0.02953597903251648,0.0003362878051120788,0.10028737783432007,0.0,0.044430524,0.053797986,0.027405552566051483,0.0008320355555042624,0.24726708233356476,0.0,0.05056835,0.0678863,0.47682709,0.575085,0.54955417,5733.0,16331.0,22064.0
MCF7,2.0,roi,13,1,1.0,5,0.14734119176864624,0.0024498491548001766,0.1488737165927887,0.0022471779957413673,0.15054994821548462,0.0004000897752121091,0.22815929353237152,0.07462423294782639,0.16638793,0.17599542,0.14686551690101624,0.002751968102529645,0.48582154512405396,0.0,0.18543415,0.21250522,1.919253,1.4449897,1.5062207,5092.0,34348.0,39440.0
MCF7,2.0,roi,13,1,1.0,6,0.028151897713541985,0.0008322459761984646,0.03919987007975578,0.0007257747929543257,0.02995181642472744,0.00041666938341222703,0.1172216460108757,0.0,0.046603244,0.05713168,0.02747436799108982,0.0009869997156783938,0.23377621173858643,0.0,0.05224054,0.072599165,0.5681793,0.66931164,0.64165413,5824.0,15472.0,21296.0
MCF7,2.0,roi,13,1,1.0,7,0.11710604280233383,0.0021295982878655195,0.11787789314985275,0.0020526491571217775,0.12369596213102341,0.000571045617107302,0.2194766402244568,0.013972152955830097,0.14274164,0.15387946,0.11512875556945801,0.0025802988093346357,0.44730091094970703,0.0,0.15417162,0.18176043,1.5855497,1.1920046,1.2828338,6274.0,20910.0,27184.0
MCF7,2.0,roi,13,1,1.0,8,0.11346379667520523,0.0020438064821064472,0.11489874124526978,0.0019047808600589633,0.1204325333237648,0.00044169844477437437,0.2071690708398819,0.0466960072517395,0.13697192,0.14708617,0.11179974675178528,0.0024120062589645386,0.49838966131210327,0.0,0.14838284,0.17496166,1.6592146,1.2671767,1.342746,6853.0,28699.0,35552.0
MCF7,2.0,roi,13,1,1.0,9,0.02006787806749344,0.0007389417150989175,0.036431893706321716,0.0007453272119164467,0.02484007179737091,0.00037225830601528287,0.10777921229600906,0.0,0.040714324,0.051221088,0.01883310079574585,0.0008264018106274307,0.2303573489189148,0.0,0.037666198,0.061161105,0.43703932,0.5869822,0.5561602,4246.0,16410.0,20656.0
MCF7,2.0,roi,13,1,1.0,10,0.05933571979403496,0.0015452359803020954,0.0633331686258316,0.00139616709202528,0.05571820214390755,0.0005045866128057241,0.14441323280334473,0.0,0.0736926,0.08468536,0.06071627140045166,0.001935480977408588,0.3420104682445526,0.0,0.094717205,0.11969989,1.0883439,1.015539,1.0356492,6258.0,16398.0,22656.0
MCF7,2.0,roi,13,1,1.0,11,0.08513953536748886,0.0020638308487832546,0.08869491517543793,0.0018346719443798065,0.0957222655415535,0.0005743078654631972,0.18163548409938812,0.005302929785102606,0.1146358,0.12565085,0.08259839564561844,0.0023881476372480392,0.371858686208725,0.0,0.12034147,0.1466197,1.8494658,1.292663,1.4004754,4898.0,20398.0,25296.0
MCF7,2.0,roi,13,1,1.0,12,0.06861446052789688,0.0019704587757587433,0.07429354637861252,0.001711630611680448,0.06901373714208603,0.0006776895606890321,0.17941154539585114,0.0,0.08966167,0.10246595,0.06845652312040329,0.002481741365045309,0.4016558527946472,0.0,0.107379526,0.13476424,1.1538452,1.0306484,1.0595179,5984.0,19552.0,25536.0
MCF7,2.0,roi,13,1,1.0,13,0.06880176067352295,0.0017140982672572136,0.07420539110898972,0.0014477430377155542,0.0706215500831604,0.0006494795670732856,0.1670217216014862,0.0,0.091016464,0.1035096,0.06803669780492783,0.002159693744033575,0.317950576543808,0.0,0.10489791,0.12924907,0.82482743,0.8199453,0.82139033,5105.0,12143.0,17248.0
MCF7,2.0,roi,13,1,1.0,14,0.08109723776578903,0.002223944291472435,0.08778699487447739,0.001820124569348991,0.08785832673311234,0.0005347442929632962,0.16806118190288544,0.003664878197014332,0.10629433,0.11738816,0.07857652008533478,0.0028303274884819984,0.39625686407089233,0.0,0.12091618,0.14799494,0.8980107,0.8404657,0.8560935,5727.0,15361.0,21088.0
MCF7,2.0,roi,13,1,1.0,15,0.054019808769226074,0.0023049020674079657,0.06391517072916031,0.002094650873914361,0.047159262001514435,0.0005776221514679492,0.14044585824012756,0.0,0.066517204,0.07831166,0.05587423965334892,0.0027556291315704584,0.40063154697418213,0.0,0.096471384,0.12853211,1.0500101,1.0339841,1.037394,5209.0,19271.0,24480.0
MCF7,2.0,roi,13,1,1.0,16,0.10480199009180069,0.004701987840235233,0.11918433010578156,0.003633108688518405,0.1221405565738678,0.0013870313996449113,0.2410091608762741,0.0,0.1517846,0.16832781,0.10009472817182541,0.005498192738741636,0.44045332074165344,0.0,0.16107239,0.19858027,1.9451174,1.3421192,1.4708724,3553.0,13087.0,16640.0
MCF7,2.0,roi,13,1,1.0,17,0.149235799908638,0.0077797649428248405,0.1697503924369812,0.0053668455220758915,0.1653553992509842,0.0023622384760528803,0.36914992332458496,0.01646331697702408,0.20338362,0.22926664,0.14657539129257202,0.008623924106359482,0.5225788950920105,0.0,0.22166781,0.2638204,3.3524022,2.1679292,2.3357239,2083.0,12621.0,14704.0
MCF7,2.0,roi,13,1,1.0,18,0.17950573563575745,0.008198902010917664,0.1968955248594284,0.005569205153733492,0.1892208456993103,0.002364563522860408,0.37871843576431274,0.05106440186500549,0.22651872,0.25620714,0.17761515080928802,0.009312347508966923,0.596735954284668,0.0,0.25328812,0.29638296,3.9464011,2.581589,2.8039205,2265.0,11639.0,13904.0
MCF7,2.0,roi,14,1,1.0,1,0.049511246383190155,0.0025643743574619293,0.06540670245885849,0.0023479906376451254,0.033455740660429,0.0008639845182187855,0.15023866295814514,0.0,0.057644267,0.074464,0.05592444911599159,0.00309948087669909,0.3884948790073395,0.0,0.099901915,0.13344844,0.75156826,0.7970596,0.7840751,4133.0,10347.0,14480.0
MCF7,2.0,roi,14,1,1.0,2,0.09075294435024261,0.0025145348627120256,0.09478490054607391,0.0022440815810114145,0.10011111199855804,0.00038908710121177137,0.17774108052253723,0.023751311004161835,0.11533707,0.123456135,0.08915243297815323,0.0028605058323591948,0.4834517538547516,0.0,0.12999174,0.1595791,0.967097,0.8107256,0.8335635,6314.0,36918.0,43232.0
MCF7,2.0,roi,14,1,1.0,3,0.058528389781713486,0.0043545435182750225,0.0899636447429657,0.0038653139490634203,0.04602060467004776,0.001993937883526087,0.2184174358844757,0.0,0.08263025,0.109332435,0.06294696778059006,0.00511367479339242,0.42202383279800415,0.0,0.120752156,0.16683172,1.3299302,1.2064155,1.2386587,3521.0,9967.0,13488.0
MCF7,2.0,roi,14,1,1.0,4,0.02622407115995884,0.0011489542666822672,0.04300050437450409,0.0011625845218077302,0.017970476299524307,0.00044167920714244246,0.1163356676697731,0.0,0.034376714,0.048750844,0.028871918097138405,0.0013469908153638244,0.28027698397636414,0.0,0.056372724,0.08182833,0.50711626,0.5959631,0.57438314,3416.0,10648.0,14064.0
MCF7,2.0,roi,14,1,1.0,5,0.03215128928422928,0.0020230021327733994,0.0611945278942585,0.002073154551908374,0.03629349544644356,0.0008950466872192919,0.15019187331199646,0.0,0.060900316,0.07743402,0.030940156430006027,0.002346320543438196,0.43487411737442017,0.0,0.06188576,0.10331693,0.61363214,0.7191265,0.6952596,3323.0,11365.0,14688.0
MCF7,2.0,roi,15,1,1.0,1,0.11163624376058578,0.0031571651343256235,0.11521617323160172,0.0028459427412599325,0.10299401730298996,0.0013352028327062726,0.21952594816684723,0.0,0.13202049,0.14972496,0.1141723245382309,0.0036634744610637426,0.3970818817615509,0.0,0.16205293,0.19188654,1.9292369,1.7638148,1.8013449,2541.0,8659.0,11200.0
MCF7,2.0,roi,15,1,1.0,2,0.09045527130365372,0.0029842625372111797,0.09678236395120621,0.002580652479082346,0.09231127798557281,0.0011458114022389054,0.21425075829029083,0.0,0.11938674,0.13536897,0.08996982872486115,0.00346397771500051,0.4149756133556366,0.0,0.13696611,0.16748111,1.680002,1.322336,1.3964895,2813.0,10755.0,13568.0
MCF7,2.0,roi,15,1,1.0,3,0.06105102226138115,0.0007237857789732516,0.06207149103283882,0.0006725418497808278,0.06227749586105347,0.00035896789631806314,0.12836824357509613,0.0,0.077444255,0.08664048,0.0607425831258297,0.0008150595822371542,0.2203763723373413,0.0,0.08301379,0.09725752,0.66070396,0.7335119,0.7188811,4437.0,17643.0,22080.0
MCF7,2.0,roi,15,1,1.0,4,0.07760097086429596,0.0016211682232096791,0.08000100404024124,0.0014793025329709053,0.08541619777679443,0.00042855690116994083,0.15212562680244446,0.0015676148468628526,0.101837836,0.11100436,0.07573897391557693,0.0018872927175834775,0.37737080454826355,0.0,0.10927431,0.13277201,0.85768247,0.7792171,0.79431474,4310.0,18090.0,22400.0
MCF7,2.0,roi,15,1,1.0,5,0.0667310282588005,0.0019144779071211815,0.07241182774305344,0.001666099764406681,0.0803912952542305,0.0004943437525071204,0.1608058661222458,0.0,0.09767753,0.107627995,0.06326457858085632,0.0022154839243739843,0.3680665194988251,0.0,0.100126036,0.1271205,1.102962,0.8899519,0.9330651,5583.0,22001.0,27584.0
MCF7,2.0,roi,15,1,1.0,6,0.02519654668867588,0.0011953915236517787,0.043856751173734665,0.0012623054208233953,0.01696259342133999,0.00046407655463553965,0.12574753165245056,0.0,0.03325993,0.048802108,0.028735226020216942,0.0014680268941447139,0.3113159239292145,0.0,0.056747664,0.08425044,0.72850424,0.7642425,0.7535001,2876.0,6692.0,9568.0
MCF7,2.0,roi,16,1,1.0,1,0.0694437101483345,0.0016645481809973717,0.07441198825836182,0.0014139366103336215,0.07558842748403549,0.0004473231383599341,0.16426841914653778,0.0019450150430202484,0.09242366,0.10258554,0.06751035898923874,0.00203191046603024,0.39798328280448914,0.0,0.10329928,0.12662995,1.2596955,0.9951638,1.0584747,4599.0,14617.0,19216.0
MCF7,2.0,roi,16,1,1.0,2,0.08861367404460907,0.0024800067767500877,0.0928364098072052,0.0022061634808778763,0.09169063717126846,0.0008962018182501197,0.1933325082063675,0.0,0.11540967,0.12931232,0.08760195970535278,0.0029966302681714296,0.4620630741119385,0.0,0.13090438,0.1596641,1.0553367,0.95147455,0.97717446,5032.0,15304.0,20336.0
MCF7,2.0,roi,16,1,1.0,3,0.022630678489804268,0.0010056911269202828,0.042044032365083694,0.0010521908989176154,0.02253434807062149,0.00046915627899579704,0.10110381245613098,0.0,0.040362783,0.053308908,0.02264900505542755,0.0011077605886384845,0.2914499342441559,0.0,0.04530143,0.07114257,0.45882028,0.5703403,0.5525155,2519.0,13241.0,15760.0
MCF7,2.0,roi,16,1,1.0,4,0.08495742827653885,0.003291935892775655,0.09272554516792297,0.0028726321179419756,0.07580862194299698,0.0007387119112536311,0.1753864288330078,0.0,0.09757306,0.11052721,0.08732973784208298,0.003926665056496859,0.4581541121006012,0.0,0.13656807,0.17128354,1.6342317,1.2347255,1.3169881,3881.0,14967.0,18848.0
MCF7,2.0,roi,16,1,1.0,5,0.05806904658675194,0.002202884526923299,0.06550215184688568,0.0019979793578386307,0.052516717463731766,0.0005225485656410456,0.1330132782459259,0.0,0.07050464,0.08128997,0.059354353696107864,0.0025830776430666447,0.41526705026626587,0.0,0.09946624,0.13015881,0.5849222,0.642298,0.6315127,5531.0,23893.0,29424.0
MCF7,2.0,roi,16,1,1.0,6,0.05748376250267029,0.0036697336472570896,0.08165854215621948,0.003238961799070239,0.04251169040799141,0.0014831527369096875,0.18491221964359283,0.0,0.07462847,0.0962291,0.061954058706760406,0.004235680680721998,0.3491836488246918,0.0,0.11483946,0.15470445,0.7876369,0.8500686,0.83571404,2222.0,7442.0,9664.0
MCF7,2.0,roi,17,1,1.0,1,0.07837355136871338,0.0030216870363801718,0.08574709296226501,0.0026737130247056484,0.06531798839569092,0.0010343689937144518,0.19226619601249695,0.0,0.09118722,0.107022695,0.08291249722242355,0.003632746636867523,0.38768333196640015,0.0,0.1307277,0.16354126,1.2194571,1.0684773,1.1074263,3558.0,10234.0,13792.0
MCF7,2.0,roi,17,1,1.0,2,0.01670544221997261,0.0005511530907824636,0.03353176265954971,0.0005420780507847667,0.021227547898888588,0.0003197580808773637,0.11515946686267853,0.0,0.035813365,0.04581142,0.015096365474164486,0.0006236237823031843,0.19149693846702576,0.0,0.030192735,0.05285103,0.2588618,0.40292633,0.36511776,4514.0,12686.0,17200.0
MCF7,2.0,roi,17,1,1.0,3,0.015812089666724205,0.0007788025541231036,0.04265806823968887,0.0009558666497468948,0.018931973725557327,0.0005259670433588326,0.12240789830684662,0.0,0.036966436,0.05268424,0.0149073526263237,0.0008484810823574662,0.21098576486110687,0.0,0.029818978,0.057775084,0.4382346,0.53984445,0.5170026,2025.0,6983.0,9008.0
MCF7,2.0,roi,17,1,1.0,4,0.039088983088731766,0.0004809551755897701,0.040985316038131714,0.00042656614095903933,0.043888308107852936,0.0002058894606307149,0.10035793483257294,0.0,0.05532995,0.062055092,0.038119859993457794,0.0005309086991474032,0.19044320285320282,0.0,0.05623837,0.068216115,0.665251,0.6373435,0.64201117,3792.0,18880.0,22672.0
MCF7,2.0,roi,17,1,1.0,5,0.10604562610387802,0.002007409930229187,0.10702165216207504,0.0019214298808947206,0.10561008751392365,0.000717025832273066,0.2272312343120575,0.012338471598923206,0.1270004,0.13969538,0.10621189326047897,0.002499902853742242,0.3697410821914673,0.0,0.14514115,0.17052737,1.1601975,1.0030407,1.0464592,4332.0,11348.0,15680.0
MCF7,2.0,roi,17,1,1.0,6,0.04315076023340225,0.0008360410574823618,0.04684474319219589,0.0007345679332502186,0.04594578593969345,0.00028577627381309867,0.10459107905626297,0.0,0.0593597,0.06731809,0.042593348771333694,0.0009439128916710615,0.30332592129707336,0.0,0.066459104,0.083434366,0.61130524,0.59072447,0.59414643,4778.0,23958.0,28736.0
MCF7,2.0,roi,17,1,1.0,7,0.0817568227648735,0.0040873331017792225,0.09451518952846527,0.00351931294426322,0.07899690419435501,0.001642136019654572,0.19704322516918182,0.0,0.1114165,0.13080911,0.0822252631187439,0.00450083939358592,0.425960510969162,0.0,0.13684039,0.1746633,1.5875071,1.1682723,1.2291034,2310.0,13610.0,15920.0
MCF7,2.0,roi,17,1,1.0,8,0.07082360237836838,0.003740714630112052,0.08707448095083237,0.0031840058509260416,0.056518763303756714,0.0015383338322862983,0.21066462993621826,0.0,0.08848604,0.10914887,0.07595880329608917,0.0044315047562122345,0.3968409597873688,0.0,0.13010046,0.16741365,1.3329133,1.1789159,1.2195951,3956.0,11020.0,14976.0
MCF7,2.0,roi,2,1,1.0,1,0.10439451038837433,0.02160567417740822,0.2337268441915512,0.01814408041536808,0.1553965061903,0.005272336769849062,0.37880659103393555,0.0,0.2145309,0.24790156,0.10237360745668411,0.0221457090228796,0.8716738224029541,0.0,0.20475908,0.32227865,2.3160872,3.4522252,3.4089227,683.0,17237.0,17920.0
MCF7,2.0,roi,2,1,1.0,2,0.08273925632238388,0.0018981629982590675,0.08661697804927826,0.001651247264817357,0.0909472331404686,0.000564324320293963,0.18099713325500488,0.015172746963799,0.109828256,0.1212054,0.08102880418300629,0.0021591545082628727,0.3642525374889374,0.0,0.11684581,0.14087886,1.1449742,0.987378,1.0145557,4114.0,19742.0,23856.0
MCF7,2.0,roi,2,1,1.0,3,0.10574302822351456,0.0032264881301671267,0.10992366820573807,0.0028944991063326597,0.09825699031352997,0.0014664895134046674,0.2491571605205536,0.0,0.12886089,0.14768001,0.10780856758356094,0.003692376660183072,0.41936740279197693,0.0,0.15612884,0.18672253,1.1932701,1.1197255,1.1356295,3332.0,12076.0,15408.0
MCF7,2.0,roi,2,1,1.0,4,0.04755885526537895,0.001055836328305304,0.053344856947660446,0.0008756356546655297,0.05105520039796829,0.0002656227443367243,0.1166510358452797,0.0,0.06395864,0.071768835,0.04651917889714241,0.001286098500713706,0.3482024669647217,0.0,0.07509384,0.09439659,0.68910164,0.7070531,0.70293856,8178.0,27502.0,35680.0
MCF7,2.0,roi,2,1,1.0,5,0.04919889569282532,0.001517588971182704,0.05633904039859772,0.0013355650007724762,0.04597586765885353,0.0005852566682733595,0.14603380858898163,0.0,0.06546256,0.07759128,0.05013374984264374,0.0017841288354247808,0.37084975838661194,0.0,0.08325043,0.107533604,0.71763366,0.77292496,0.7604933,7256.0,25016.0,32272.0
MCF7,2.0,roi,2,1,1.0,6,0.059871774166822433,0.0020814009476453066,0.06786160171031952,0.0018169593531638384,0.05503133311867714,0.000822446309030056,0.18828560411930084,0.0,0.07821438,0.09237698,0.06187523528933525,0.0025887726806104183,0.4176673889160156,0.0,0.10263502,0.13143305,0.8349331,0.864277,0.8556869,5925.0,14315.0,20240.0
MCF7,2.0,roi,2,1,1.0,7,0.0828583687543869,0.0036346984561532736,0.09347847104072571,0.0031078129541128874,0.06607517600059509,0.0016328856581822038,0.20464307069778442,0.0,0.09900529,0.119341314,0.08983923494815826,0.0043014464899897575,0.3922038972377777,0.0,0.14337812,0.17716098,1.2689267,1.3009272,1.2921727,3795.0,10077.0,13872.0
MCF7,2.0,roi,2,1,1.0,8,0.1278940886259079,0.007361729629337788,0.14922718703746796,0.005406210198998451,0.143426775932312,0.00295732612721622,0.3902413547039032,0.0,0.1862155,0.21423365,0.12529951333999634,0.008050411939620972,0.4550091326236725,0.0,0.19926794,0.24287736,2.9098735,2.0524006,2.1751323,2455.0,14697.0,17152.0
MCF7,2.0,roi,2,1,1.0,9,0.05001102015376091,0.0013974247267469764,0.054902441799640656,0.0012655515456572175,0.043106503784656525,0.0003557235759217292,0.11230885237455368,0.0,0.05816386,0.06742299,0.051249731332063675,0.001574224792420864,0.300728976726532,0.0,0.081657134,0.10454656,0.49034804,0.637721,0.61530334,3495.0,19481.0,22976.0
MCF7,2.0,roi,2,1,1.0,10,0.103233702480793,0.004367418587207794,0.11710093915462494,0.0033302230294793844,0.1176501214504242,0.0012510493397712708,0.26013612747192383,0.0,0.14582275,0.16265905,0.099513478577137,0.005104140378534794,0.4688659608364105,0.0,0.15731731,0.1932258,2.0836287,1.514532,1.6312665,5238.0,20298.0,25536.0
MCF7,2.0,roi,2,1,1.0,11,0.07489040493965149,0.002297100378200412,0.0802762508392334,0.0020299439784139395,0.07323377579450607,0.0007150400779210031,0.15561643242835999,0.0,0.094681606,0.107393645,0.07520073652267456,0.0025928497780114412,0.3305392861366272,0.0,0.1156239,0.14283937,1.2703378,1.0319602,1.0695693,2749.0,14675.0,17424.0
MCF7,2.0,roi,2,1,1.0,12,0.1633630394935608,0.010197779163718224,0.18508794903755188,0.007532917894423008,0.17203135788440704,0.004288112744688988,0.33611100912094116,0.0,0.22406952,0.25252897,0.1617165356874466,0.011303309351205826,0.6015271544456482,0.0,0.24770756,0.29837176,3.5384042,2.1459334,2.368207,2010.0,10582.0,12592.0
MCF7,2.0,roi,3,1,1.0,1,0.04718612879514694,0.0016832167748361826,0.056051649153232574,0.0015025392640382051,0.041237398982048035,0.0007219463004730642,0.15174584090709686,0.0,0.06300362,0.07727412,0.04949815571308136,0.00203772378154099,0.35488957166671753,0.0,0.08521494,0.11192241,0.8150557,0.84064186,0.83348083,4599.0,11833.0,16432.0
MCF7,2.0,roi,3,1,1.0,2,0.11862175911664963,0.001640473143197596,0.11893501877784729,0.001607547514140606,0.1253282129764557,0.0007413473795168102,0.21722710132598877,0.039107609540224075,0.14705126,0.1600747,0.1168859601020813,0.0018585347570478916,0.371830552816391,0.0,0.15080944,0.17206399,1.472839,1.2381871,1.2864335,3747.0,14477.0,18224.0
MCF7,2.0,roi,3,1,1.0,3,0.11382009834051132,0.0038245352916419506,0.11772097647190094,0.003496395656839013,0.09564180672168732,0.0016997545026242733,0.2453521490097046,0.0,0.12860096,0.14831977,0.12088634818792343,0.004472094122320414,0.43384987115859985,0.0,0.17462558,0.20759214,2.1304855,1.8289199,1.913332,4080.0,10496.0,14576.0
MCF7,2.0,roi,3,1,1.0,4,0.1502230167388916,0.000775970402173698,0.1502230167388916,0.000775970402173698,0.16373619437217712,0.00021503929747268558,0.21861639618873596,0.10357711464166641,0.17519952,0.18194038,0.14697402715682983,0.0008563752635382116,0.33751145005226135,0.006365541368722916,0.16972633,0.18407635,1.8978603,1.5766283,1.6387398,6936.0,28936.0,35872.0
MCF7,2.0,roi,3,1,1.0,5,0.1364598125219345,0.0007868125685490668,0.13646340370178223,0.0007863428327254951,0.143853098154068,0.00022271767375059426,0.19447602331638336,0.0788918063044548,0.15545073,0.16196194,0.13472644984722137,0.0009032451780512929,0.33653685450553894,0.0,0.15797009,0.17393082,1.6331598,1.3886509,1.4350886,7211.0,30757.0,37968.0
MCF7,2.0,roi,3,1,1.0,6,0.13523748517036438,0.00311853620223701,0.1369667500257492,0.0029215619433671236,0.14616326987743378,0.0010122491512447596,0.28792211413383484,0.035089462995529175,0.17145112,0.18663414,0.13289093971252441,0.003539761994034052,0.43945372104644775,0.0,0.17992194,0.20868562,2.781893,1.8381164,2.0049758,3949.0,18387.0,22336.0
MCF7,2.0,roi,3,1,1.0,7,0.13745558261871338,0.0023926340509206057,0.1381758749485016,0.0023056415375322104,0.14299866557121277,0.0005341690848581493,0.23775508999824524,0.04911913722753525,0.1614404,0.17168775,0.13628250360488892,0.002778062829747796,0.47597551345825195,0.0,0.17633407,0.20405072,2.7577963,1.9083037,2.056681,6165.0,29131.0,35296.0
MCF7,2.0,roi,3,1,1.0,8,0.026467271149158478,0.00041932897875085473,0.030683256685733795,0.00035676395054906607,0.02698175422847271,0.0001937297056429088,0.09320342540740967,0.0,0.03813245,0.0451268,0.026285046711564064,0.0004991063033230603,0.16176387667655945,0.0,0.044412866,0.057100218,0.32251585,0.41756,0.3927013,7043.0,19885.0,26928.0
MCF7,2.0,roi,4,1,1.0,1,0.030045757070183754,0.0016464246436953545,0.05548224225640297,0.0016290002968162298,0.03748325631022453,0.0007174837519414723,0.13375583291053772,0.0,0.05938071,0.07357392,0.027881324291229248,0.0018959781154990196,0.34872967004776,0.0,0.0557682,0.09275298,0.65065145,0.7844903,0.75432086,2925.0,10051.0,12976.0
MCF7,2.0,roi,4,1,1.0,2,0.03356349468231201,0.000899490958545357,0.0413767471909523,0.0007855966105125844,0.03168671578168869,0.0003992985875811428,0.12768509984016418,0.0,0.047807775,0.0582908,0.034298818558454514,0.0010935456957668066,0.27444756031036377,0.0,0.060557023,0.08021572,0.60595,0.67488045,0.65547615,5495.0,14025.0,19520.0
MCF7,2.0,roi,4,1,1.0,3,0.033640358597040176,0.0009600090561434627,0.0430198535323143,0.000824171060230583,0.03418974205851555,0.0002900799154303968,0.10086677223443985,0.0,0.04781807,0.056173507,0.03346521779894829,0.0011734594590961933,0.3635669946670532,0.0,0.060458507,0.0809362,0.38037837,0.5687497,0.5232132,5852.0,18356.0,24208.0
MCF7,2.0,roi,4,1,1.0,4,0.013044251129031181,0.0004093416209798306,0.02853337675333023,0.0004534487088676542,0.018566196784377098,0.00026537341182120144,0.0857381671667099,0.0,0.03189611,0.041370768,0.010702013038098812,0.00045198859879747033,0.2237454056739807,0.0,0.021405233,0.04132848,0.3177933,0.5392183,0.47326994,7515.0,17717.0,25232.0
MCF7,2.0,roi,4,1,1.0,5,0.11495406180620193,0.0023449892178177834,0.11675579100847244,0.002171382075175643,0.11942289769649506,0.0009305818239226937,0.22324484586715698,0.0029915531631559134,0.1435021,0.15809579,0.11343318969011307,0.0028172442689538,0.4518372416496277,0.0,0.15557931,0.18114339,1.7391917,1.394256,1.4818401,5578.0,16390.0,21968.0
MCF7,2.0,roi,4,1,1.0,6,0.10198990255594254,0.0010656212689355016,0.10210276395082474,0.0010552769526839256,0.10813280940055847,0.0005552926450036466,0.19507141411304474,0.024527208879590034,0.12680739,0.13804525,0.09977494180202484,0.0012311189202591777,0.3481442630290985,0.0,0.1269314,0.14493033,1.5871891,1.3053907,1.3792149,5688.0,16024.0,21712.0
MCF7,2.0,roi,4,1,1.0,7,0.07744526118040085,0.0013781592715531588,0.07872097194194794,0.0013004358625039458,0.0796198695898056,0.0003947600780520588,0.16469255089759827,0.009924479760229588,0.09539614,0.1052621,0.07668698579072952,0.0017188439378514886,0.3513461649417877,0.0,0.10855345,0.13160798,0.93087506,0.8690605,0.88504225,5568.0,15968.0,21536.0
MCF7,2.0,roi,5,1,1.0,1,0.07902946323156357,0.002628698479384184,0.08511286973953247,0.0023132702335715294,0.07000023871660233,0.0007195321377366781,0.20848730206489563,0.0,0.09119472,0.10616577,0.08115166425704956,0.003053756896406412,0.4194706976413727,0.0,0.12390865,0.15448278,1.316558,1.1724,1.1998343,8270.0,35186.0,43456.0
MCF7,2.0,roi,6,1,1.0,1,0.17051877081394196,0.0071184998378157616,0.1911015808582306,0.004044344183057547,0.18905989825725555,0.0007564785191789269,0.29914605617523193,0.10362058132886887,0.21123171,0.22491305,0.1686597764492035,0.007718451786786318,0.5301308035850525,0.0,0.23514082,0.27087626,2.580852,1.6890478,1.7703149,2935.0,29273.0,32208.0
MCF7,2.0,roi,6,1,1.0,2,0.09139417856931686,0.0051049478352069855,0.11129321157932281,0.004001808352768421,0.09219032526016235,0.002333225915208459,0.2666335105895996,0.0,0.1311602,0.15525272,0.09107939153909683,0.00620046304538846,0.42005807161331177,0.0,0.15747534,0.19866045,1.5195377,1.2861134,1.3522532,4461.0,11283.0,15744.0
MCF7,2.0,roi,6,1,1.0,3,0.07147837430238724,0.0014709103852510452,0.07438557595014572,0.0013144820695742965,0.08031017333269119,0.00041360576869919896,0.16659925878047943,0.007713269907981157,0.096587665,0.10654683,0.06899788975715637,0.0017398035852238536,0.3679240345954895,0.0,0.10129794,0.12336996,1.3284922,1.0065353,1.0768245,9379.0,33581.0,42960.0
MCF7,2.0,roi,6,1,1.0,4,0.10973802953958511,0.004224988166242838,0.1226416528224945,0.0031392641831189394,0.13563326001167297,0.001564488629810512,0.2539505958557129,0.0,0.16669203,0.18334483,0.10391183942556381,0.0046387603506445885,0.38357195258140564,0.0,0.15922886,0.19144991,2.194388,1.4125186,1.5561224,5319.0,23641.0,28960.0
MCF7,2.0,roi,6,1,1.0,5,0.07271275669336319,0.0015640802448615432,0.07516953349113464,0.0014322522329166532,0.08958123624324799,0.00034962157951667905,0.159309983253479,0.012290330603718758,0.10440498,0.11312022,0.06864773482084274,0.0017716495785862207,0.3744252324104309,0.0,0.1004717,0.12361992,1.2034214,0.8832389,0.9454144,7724.0,32052.0,39776.0
MCF7,2.0,roi,6,1,1.0,6,0.08757859468460083,0.006745485123246908,0.12497841566801071,0.004951925482600927,0.10586512088775635,0.003285287180915475,0.30175599455833435,0.0,0.15256058,0.1803971,0.0798175111413002,0.008011888712644577,0.4692453145980835,0.0,0.15472344,0.20983171,1.6666571,1.4489268,1.5138012,4610.0,10862.0,15472.0
MCF7,2.0,roi,6,1,1.0,7,0.03641469404101372,0.0013131611049175262,0.047151077538728714,0.0011940969852730632,0.030425509437918663,0.0003708807926159352,0.1076740026473999,0.0,0.046085697,0.056063697,0.03783242031931877,0.0015257118502631783,0.3402661383152008,0.0,0.06811418,0.092108354,0.64212817,0.7596154,0.7371276,4704.0,19872.0,24576.0
MCF7,2.0,roi,6,1,1.0,8,0.09510023891925812,0.0037475889548659325,0.10475869476795197,0.0031163902021944523,0.11184997856616974,0.0011963228462263942,0.23308168351650238,0.0,0.1395019,0.15591039,0.09231223165988922,0.004117779433727264,0.41564828157424927,0.0,0.14413589,0.17790326,1.9012243,1.2762179,1.3654057,3354.0,20150.0,23504.0
MCF7,2.0,roi,6,1,1.0,9,0.00765963876619935,0.00024010577180888504,0.02362876571714878,0.00036335724871605635,0.013230903074145317,0.0001601820986252278,0.07136862725019455,0.0,0.023586497,0.031110417,0.006171237211674452,0.00025095028104260564,0.20290648937225342,0.0,0.012342474,0.024684945,0.22063026,0.45657045,0.4068268,6976.0,26112.0,33088.0
MCF7,2.0,roi,6,1,1.0,10,0.069530189037323,0.007562000770121813,0.13367992639541626,0.005963299423456192,0.11843802034854889,0.004660130478441715,0.34126874804496765,0.0,0.17409694,0.20799671,0.052934642881155014,0.007459607906639576,0.4303774833679199,0.0,0.10588088,0.18709858,1.8060324,1.4746999,1.5586443,3097.0,9127.0,12224.0
MCF7,2.0,roi,6,1,1.0,11,0.018174123018980026,0.0004202548007015139,0.027625052258372307,0.0003777137608267367,0.018155459314584732,0.00023016904015094042,0.09031011909246445,0.0,0.03058891,0.03919007,0.018181689083576202,0.0004973188624717295,0.17489977180957794,0.0,0.03555189,0.05072379,0.3738178,0.48964897,0.45623538,6614.0,16314.0,22928.0
MCF7,2.0,roi,6,1,1.0,12,0.043820928782224655,0.002396878320723772,0.06414512544870377,0.0022048549726605415,0.03463476896286011,0.0009514435660094023,0.1518167108297348,0.0,0.05999262,0.07774701,0.046997908502817154,0.0028574953321367502,0.3564966320991516,0.0,0.089245096,0.123780675,0.8052389,0.88945794,0.8678161,3133.0,9059.0,12192.0
MCF7,2.0,roi,6,1,1.0,13,0.05344955623149872,0.0013017903547734022,0.05754934623837471,0.0011657023569568992,0.04611107334494591,0.0005515068187378347,0.13991926610469818,0.0,0.06504024,0.076621026,0.056501083076000214,0.0015820718836039305,0.33243998885154724,0.0,0.08790865,0.109896116,0.7982736,0.8010113,0.80020726,5108.0,12284.0,17392.0
MCF7,2.0,roi,6,1,1.0,14,0.069764643907547,0.0023528141900897026,0.07791876047849655,0.0019924533553421497,0.07552210986614227,0.000914177333470434,0.19788429141044617,0.0,0.09964929,0.11382683,0.06829610466957092,0.0027091519441455603,0.3814646601676941,0.0,0.10980684,0.13832226,1.0614593,0.905527,0.9372172,4354.0,17070.0,21424.0
MCF7,2.0,roi,6,1,1.0,15,0.026313452050089836,0.0007016302552074194,0.03474786505103111,0.0006334503414109349,0.026488078758120537,0.00024882686557248235,0.09231141209602356,0.0,0.03923909,0.04722574,0.026280442252755165,0.0007872285204939544,0.3317687213420868,0.0,0.047768746,0.06521555,0.46471697,0.5756119,0.55798,4747.0,25109.0,29856.0
MCF7,2.0,roi,6,1,1.0,16,0.041961539536714554,0.0035609265323728323,0.0862947478890419,0.0034973942674696445,0.04322484880685806,0.002224584110081196,0.2437135875225067,0.0,0.081000194,0.11184985,0.04145997762680054,0.004090590868145227,0.33159780502319336,0.0,0.08292955,0.13996807,1.1062273,1.1269399,1.1210537,3433.0,8647.0,12080.0
MCF7,2.0,roi,6,1,1.0,17,0.013678988441824913,0.0005947404424659908,0.036709435284137726,0.0007506327820010483,0.01773461513221264,0.00043066852958872914,0.13421505689620972,0.0,0.03422009,0.04797924,0.011963063850998878,0.000654255214612931,0.24488364160060883,0.0,0.023927493,0.04766741,0.46032447,0.5944885,0.5546006,7397.0,17483.0,24880.0
MCF7,2.0,roi,6,1,1.0,18,0.13396026194095612,0.005369709338992834,0.14761154353618622,0.003901825286448002,0.15575751662254333,0.0012314727064222097,0.3040996193885803,0.017037706449627876,0.18320452,0.19959877,0.12786546349525452,0.006356819067150354,0.46869194507598877,0.0,0.19199525,0.22944608,3.136154,1.8290712,2.1146867,7405.0,26483.0,33888.0
MCF7,2.0,roi,7,1,1.0,1,0.055988334119319916,0.0017231650417670608,0.06498602032661438,0.0014153649099171162,0.06423593312501907,0.0005845691193826497,0.18850506842136383,0.0,0.08351451,0.09494635,0.0533287450671196,0.0020613172091543674,0.3638639748096466,0.0,0.0899238,0.11524491,0.82889235,0.8094862,0.8142181,7756.0,24052.0,31808.0
MCF7,2.0,roi,7,1,1.0,2,0.03670094534754753,0.0010501528158783913,0.04481964558362961,0.0009185822564177215,0.030372466892004013,0.0005262892227619886,0.1224476620554924,0.0,0.04914681,0.061641254,0.03891351819038391,0.001214409014210105,0.35867705941200256,0.0,0.066744395,0.08691661,0.649237,0.71541566,0.698272,6926.0,19810.0,26736.0
MCF7,2.0,roi,7,1,1.0,3,0.08625912666320801,0.0021583186462521553,0.089767225086689,0.0019311843207105994,0.08216094225645065,0.0006589133990928531,0.19578011333942413,0.0,0.1026649,0.11510664,0.08783731609582901,0.002726773964241147,0.3894353210926056,0.0,0.12822899,0.15594582,1.20815,1.0865449,1.1203545,8025.0,20839.0,28864.0
MCF7,2.0,roi,7,1,1.0,4,0.07481155544519424,0.003197398502379656,0.08404766768217087,0.0028158705681562424,0.05623188614845276,0.0014732165727764368,0.2078305035829544,0.0,0.087528996,0.10761398,0.08105922490358353,0.0036220657639205456,0.5209280848503113,0.0,0.12925753,0.16246031,1.2586862,1.2092711,1.2217062,6579.0,19565.0,26144.0
MCF7,2.0,roi,7,1,1.0,5,0.03187405318021774,0.0012996264267712831,0.04775992035865784,0.0011886460706591606,0.029921960085630417,0.0006185515085235238,0.12826882302761078,0.0,0.050333157,0.064447775,0.03246120736002922,0.0015029902569949627,0.24951963126659393,0.0,0.06261427,0.088454545,0.66815615,0.7532799,0.7335966,4965.0,16507.0,21472.0
MCF7,2.0,roi,7,1,1.0,6,0.08910910785198212,0.004635247401893139,0.10444510728120804,0.003831221256405115,0.08148639649152756,0.002198999747633934,0.287546843290329,0.0,0.11937983,0.14302658,0.09112726897001266,0.005260799545794725,0.4000384211540222,0.0,0.150862,0.18977584,1.1692184,1.1109618,1.1231568,3490.0,13182.0,16672.0
MCF7,2.0,roi,7,1,1.0,7,0.13530601561069489,0.0036118142306804657,0.13952472805976868,0.0031358124688267708,0.1409871131181717,0.001103283604606986,0.25553804636001587,0.013162092305719852,0.16757515,0.18374911,0.13344956934452057,0.004417547024786472,0.4155423045158386,0.0,0.18589619,0.21783416,2.36978,1.7150123,1.8762769,4252.0,13012.0,17264.0
MCF7,2.0,roi,7,1,1.0,8,0.12073173373937607,0.0032422211952507496,0.12309437245130539,0.0030148420482873917,0.11983191221952438,0.001024165889248252,0.2334292083978653,0.0,0.14537956,0.16044803,0.12105648219585419,0.004042314365506172,0.43613967299461365,0.0,0.17069075,0.20450805,1.9088962,1.4212595,1.5505762,5499.0,15237.0,20736.0
MCF7,2.0,roi,7,1,1.0,9,0.15396876633167267,0.0047448729164898396,0.15842382609844208,0.0041763754561543465,0.1674104481935501,0.0013449575053527951,0.29357191920280457,0.04337872937321663,0.19659972,0.21420631,0.15190288424491882,0.005235377233475447,0.49879398941993713,0.0,0.20873173,0.24547994,2.4407337,1.4847708,1.612122,5301.0,34491.0,39792.0
MCF7,2.0,roi,7,1,1.0,10,0.09562796354293823,0.0014867387944832444,0.0963897556066513,0.0014251526445150375,0.09752383828163147,0.0005768279079347849,0.19646763801574707,0.0038057705387473106,0.116664,0.12753318,0.09450861066579819,0.0020205811597406864,0.3714151978492737,0.0,0.13019404,0.15248705,1.4663261,1.2076293,1.3036653,8173.0,13843.0,22016.0
MCF7,2.0,roi,7,1,1.0,11,0.1186022087931633,0.002092550043016672,0.11945667117834091,0.002005553338676691,0.12041138857603073,0.0007513495511375368,0.2291746288537979,0.000220080983126536,0.14221397,0.15527873,0.11782319843769073,0.0026680317241698503,0.3901071548461914,0.0,0.15862928,0.18436056,2.186164,1.6757507,1.829377,5933.0,13779.0,19712.0
MCF7,2.0,roi,8,1,1.0,1,0.08940539509057999,0.004617178346961737,0.10787419974803925,0.0035786586813628674,0.10712642967700958,0.0021522920578718185,0.2823393940925598,0.0,0.14430548,0.16684666,0.08536789566278458,0.00509091978892684,0.45460382103919983,0.0,0.1442663,0.18279138,1.8396089,1.3905698,1.4738933,5068.0,22244.0,27312.0
MCF7,2.0,roi,8,1,1.0,2,0.07019227743148804,0.003412621095776558,0.08391305059194565,0.002928348258137703,0.057327769696712494,0.0013329123612493277,0.17906180024147034,0.0,0.0870526,0.105734944,0.07396462559700012,0.003959707450121641,0.3687891364097595,0.0,0.1252209,0.16078776,1.2900869,1.178639,1.2039094,2779.0,9477.0,12256.0
MCF7,2.0,roi,8,1,1.0,3,0.034962382167577744,0.0007443241192959249,0.04000622779130936,0.0006499187438748777,0.035337116569280624,0.00020810740534216166,0.08819469809532166,0.0,0.04680459,0.05390449,0.03488048166036606,0.0008614742546342313,0.2999804615974426,0.0,0.05756886,0.074557155,0.5114675,0.59414923,0.5793203,5831.0,26681.0,32512.0
MCF7,2.0,roi,8,1,1.0,4,0.06379546970129013,0.0009875936666503549,0.06512173265218735,0.0009217564365826547,0.06157173216342926,0.0002739708579611033,0.12512971460819244,0.006242409348487854,0.074809864,0.0829007,0.06442420929670334,0.0011875705095008016,0.30806484818458557,0.0,0.09063642,0.10919579,0.9011111,0.87420017,0.8801319,6602.0,23350.0,29952.0
MCF7,2.0,roi,8,1,1.0,5,0.08628803491592407,0.0014231496024876833,0.0875290259718895,0.0013349943328648806,0.08437423408031464,0.0005201874882914126,0.16746433079242706,0.0,0.1025687,0.113603465,0.08693790435791016,0.0017281045438721776,0.34143275022506714,0.0,0.11921579,0.14045787,1.0075942,0.94693965,0.96231514,7402.0,21798.0,29200.0
MCF7,2.0,roi,8,1,1.0,6,0.10124881565570831,0.004423429258167744,0.11188307404518127,0.0036982332821935415,0.09833372384309769,0.0016039408510550857,0.23481500148773193,0.0,0.1304698,0.14950752,0.10186554491519928,0.005017753690481186,0.41793376207351685,0.0,0.15921438,0.19572735,1.4638791,1.2422303,1.2809347,1749.0,8267.0,10016.0
MCF7,2.0,roi,8,1,1.0,7,0.13062071800231934,0.0031046608928591013,0.13303005695343018,0.00284141325391829,0.1407383531332016,0.0005768198170699179,0.2225073277950287,0.03912270441651344,0.15977854,0.1708922,0.12854354083538055,0.003598301438614726,0.4584245979785919,0.0,0.17498805,0.206142,2.610994,1.7135007,1.8663732,4693.0,22859.0,27552.0
MCF7,2.0,roi,8,1,1.0,8,0.05305055156350136,0.0008933486533351243,0.054616399109363556,0.000834195758216083,0.04998302832245827,0.0003210421127732843,0.1204785704612732,0.0,0.06428237,0.07292714,0.0538368783891201,0.0010370237287133932,0.3848784565925598,0.0,0.0787977,0.09670315,0.58283705,0.63379765,0.62339973,8106.0,31622.0,39728.0
MCF7,2.0,roi,8,1,1.0,9,0.08379364758729935,0.003466699505224824,0.09382477402687073,0.002940538339316845,0.08010664582252502,0.0012487492058426142,0.20704056322574615,0.0,0.10836413,0.12547657,0.08519894629716873,0.004304908215999603,0.4297386705875397,0.0,0.13792214,0.17347352,1.8801985,1.4461955,1.5659646,5325.0,13971.0,19296.0
MCF7,2.0,roi,8,1,1.0,10,0.06798902153968811,0.002228137105703354,0.07520191371440887,0.001922094845212996,0.06579139828681946,0.0007789210649207234,0.16288267076015472,0.0,0.08798987,0.1018153,0.06876987218856812,0.002740745898336172,0.3690301179885864,0.0,0.11049374,0.13899426,0.92146856,0.9267514,0.9253664,7391.0,20801.0,28192.0
MCF7,2.0,roi,8,1,1.0,11,0.06891198456287384,0.00370495836250484,0.08575834333896637,0.0031659635715186596,0.05337435379624367,0.001595896203070879,0.2196173071861267,0.0,0.08639897,0.107572585,0.07536468654870987,0.004438944160938263,0.3638947308063507,0.0,0.13066284,0.16734757,1.3950955,1.3025082,1.3296764,3709.0,8931.0,12640.0
MCF7,2.0,roi,8,1,1.0,12,0.07807799428701401,0.0035271821543574333,0.08720111101865768,0.003143774112686515,0.06377508491277695,0.0012591644190251827,0.19669553637504578,0.0,0.092478536,0.11058183,0.08242043107748032,0.0041347979567945,0.4282745122909546,0.0,0.13359791,0.17007779,1.4370122,1.2696296,1.3086125,5120.0,16864.0,21984.0
MCF7,2.0,roi,8,1,1.0,13,0.06405013799667358,0.0037003601901233196,0.08277019113302231,0.003232409246265888,0.050735559314489365,0.0013352545211091638,0.18239295482635498,0.0,0.080787964,0.10041235,0.0687287226319313,0.004447249695658684,0.37641942501068115,0.0,0.12287419,0.16230935,1.0967256,1.0954221,1.0957611,4048.0,11520.0,15568.0
MCF7,2.0,roi,8,1,1.0,14,0.019947316497564316,0.0008358913473784924,0.039930202066898346,0.0008753525908105075,0.02407974936068058,0.0004888531984761357,0.11755570769309998,0.0,0.042277716,0.055132985,0.018799766898155212,0.0009262026287615299,0.268715500831604,0.0,0.037599538,0.0641191,0.544407,0.6586509,0.6338212,2928.0,10544.0,13472.0
MCF7,2.0,roi,9,1,1.0,1,0.05755284056067467,0.002973875729367137,0.07020030170679092,0.0027395409997552633,0.03566059097647667,0.0007316906121559441,0.14530926942825317,0.0,0.05771798,0.072503336,0.06585243344306946,0.0035733331460505724,0.39891088008880615,0.0,0.11293743,0.14907606,0.7173693,1.0062671,0.9268503,4196.0,11068.0,15264.0
MCF7,2.0,roi,9,1,1.0,2,0.049170318990945816,0.00074526306707412,0.050784189254045486,0.0006877650157548487,0.04737290367484093,0.00019664998399093747,0.0962543934583664,0.0,0.058510587,0.06494922,0.04964347556233406,0.0008886063587851822,0.2867406904697418,0.0,0.07279265,0.08927352,0.6397684,0.6814609,0.6727728,5318.0,20202.0,25520.0
MCF7,2.0,roi,9,1,1.0,3,0.06580540537834167,0.0016078159678727388,0.0692102462053299,0.0014553563669323921,0.06276161968708038,0.0006570418481715024,0.18674372136592865,0.0,0.08327937,0.095945105,0.06691987812519073,0.001951304730027914,0.40433070063591003,0.0,0.10118138,0.12522325,1.3527225,1.2105869,1.2486814,7796.0,21292.0,29088.0
MCF7,2.0,roi,9,1,1.0,4,0.06910266727209091,0.0016317800618708134,0.07219185680150986,0.001481713610701263,0.0649675503373146,0.0007309949724003673,0.16055865585803986,0.0,0.086660355,0.09954364,0.07055646926164627,0.0019403479527682066,0.3714970648288727,0.0,0.10522348,0.12852696,1.2208447,1.111196,1.139718,4857.0,13815.0,18672.0
MCF7,2.0,roi,9,1,1.0,5,0.04179631918668747,0.0006448171916417778,0.0437057726085186,0.0005908213788643479,0.039967130869627,0.00022201763931661844,0.09709708392620087,0.0,0.05178847,0.058773056,0.04244714230298996,0.000793633284047246,0.23550355434417725,0.0,0.06399267,0.07968672,0.58464724,0.6133469,0.60581535,9863.0,27721.0,37584.0
MCF7,2.0,roi,9,1,1.0,6,0.030738815665245056,0.0021522240713238716,0.059587232768535614,0.0024530908558517694,0.018183283507823944,0.0005803508101962507,0.14746615290641785,0.0,0.03594034,0.053822033,0.03309328854084015,0.0024118837900459766,0.3866540491580963,0.0,0.06618347,0.10539494,0.8591455,1.2722352,1.2070032,3325.0,17731.0,21056.0
MCF7,2.0,roi,9,1,1.0,7,0.06653831899166107,0.005643520504236221,0.10997070372104645,0.004550995770841837,0.08165524899959564,0.0033860085532069206,0.2847011089324951,0.0,0.12929,0.15995136,0.06035497784614563,0.006435213144868612,0.40643665194511414,0.0,0.120723695,0.18130189,1.9481467,1.6296502,1.7221079,3595.0,8789.0,12384.0
MCF7,2.0,roi,9,1,1.0,8,0.09105635434389114,0.005704158917069435,0.11465355008840561,0.00447688577696681,0.09232734888792038,0.003013478359207511,0.31880679726600647,0.0,0.13680343,0.16444221,0.09041096270084381,0.00706922821700573,0.45810553431510925,0.0,0.16132985,0.20725954,1.8493454,1.6017439,1.682898,4725.0,9691.0,14416.0
MCF7,2.0,roi,9,1,1.0,9,0.10624654591083527,0.006168299354612827,0.12913210690021515,0.004541692323982716,0.11797770857810974,0.002140455413609743,0.27675583958625793,0.0,0.15487091,0.17689572,0.10268773138523102,0.0073357862420380116,0.5358724594116211,0.0,0.17450845,0.2182132,2.9643557,2.0950453,2.2973812,3806.0,12546.0,16352.0
MCF7,2.0,roi,9,1,1.0,10,0.0970209538936615,0.004005965311080217,0.1072540134191513,0.0033309480641037226,0.09062844514846802,0.0015137632144615054,0.22921279072761536,0.0,0.12190668,0.14041846,0.09958159178495407,0.004981333389878273,0.48168081045150757,0.0,0.15666148,0.19304429,1.8130716,1.4891043,1.58176,5084.0,12692.0,17776.0
