ObjectNumber,Ed_cell_mean_value,Ed_cell_variance,Ed_agg_mean_value,Ed_agg_max_value,Ed_agg_min_value,Ed_agg_top_50_value,Ed_agg_top_25_value,Metadata_cell,Metadata_hour,Metadata_treatment,Metadata_site
1,0.2263732403516769,0.0062392656691372,0.12403401732444763,0.23143668472766876,0.00181085045915097,0.15762348473072052,0.17425967752933502,A549,4.0,afatinib,0
2,0.254562646150589,0.0054010334424674,0.1713164746761322,0.2730127274990082,0.07992274314165115,0.20459389686584473,0.22857841849327087,A549,4.0,afatinib,0
3,0.2356118410825729,0.0062566655687987,0.18154078722000122,0.2882338762283325,0.0681946650147438,0.2251555621623993,0.24569834768772125,A549,4.0,afatinib,0
4,0.1423263102769851,0.0049478402361273,0.05024249851703644,0.12344194203615189,0.0015383787686005235,0.07030805945396423,0.0829702839255333,A549,4.0,afatinib,0
1,0.1390170156955719,0.0196515675634145,0.180696040391922,0.4647868573665619,0.0012296922504901886,0.24931266903877258,0.28939104080200195,A549,4.0,afatinib,1
2,0.1278594881296157,0.006625841371715,0.11115609854459763,0.25244101881980896,0.00013692221546079963,0.1618504375219345,0.19473223388195038,A549,4.0,afatinib,1
3,0.3763618469238281,0.0172172635793685,0.2466711401939392,0.3582128584384918,0.14886829257011414,0.2832685708999634,0.30403533577919006,A549,4.0,afatinib,1
4,0.2535930871963501,0.0112966811284422,0.15987452864646912,0.31246498227119446,0.047971371561288834,0.20136640965938568,0.2273125797510147,A549,4.0,afatinib,1
5,0.1917055249214172,0.0052307061851024,0.13711926341056824,0.23236845433712006,0.060531724244356155,0.16390028595924377,0.18167294561862946,A549,4.0,afatinib,1
6,0.1103190407156944,0.0022048954851925,0.10058517754077911,0.194063201546669,0.03321727737784386,0.1237737387418747,0.14092104136943817,A549,4.0,afatinib,1
7,0.234744057059288,0.0112730143591761,0.11939847469329834,0.24761083722114563,0.04198474809527397,0.15192252397537231,0.17500044405460358,A549,4.0,afatinib,1
8,0.1012501865625381,0.0024674078449606,0.05611640214920044,0.12925377488136292,0.0005419295630417764,0.07355426996946335,0.08344357460737228,A549,4.0,afatinib,1
9,0.0915959179401397,0.001314828172326,0.0564180389046669,0.11874188482761383,0.0011059169191867113,0.08375241607427597,0.09935159236192703,A549,4.0,afatinib,1
1,0.1480309069156646,0.0103041287511587,0.08512190729379654,0.2487104833126068,0.001259972108528018,0.12964317202568054,0.15602539479732513,A549,4.0,afatinib,10
2,0.0014341332716867,0.0004131008754484,0.0,0.0,0.0,0.0,0.0,A549,4.0,afatinib,10
3,0.1331008225679397,0.0041213347576558,0.08742836117744446,0.18984290957450867,0.002667539520189166,0.11679042130708694,0.13442251086235046,A549,4.0,afatinib,10
4,0.0238002631813287,0.0051376824267208,0.19690333306789398,0.4364556670188904,0.0497368723154068,0.25572213530540466,0.2996993958950043,A549,4.0,afatinib,10
5,0.1895668059587478,0.0046706432476639,0.13211055099964142,0.24877752363681793,0.007468974217772484,0.1641019731760025,0.18376663327217102,A549,4.0,afatinib,10
6,0.113591730594635,0.0015737786889076,0.08058410882949829,0.15027205646038055,0.031588658690452576,0.09891579300165176,0.11183694750070572,A549,4.0,afatinib,10
7,0.1014313250780105,0.035602930933237,0.3774639964103699,0.5465136766433716,0.1720523089170456,0.44761914014816284,0.4845934212207794,A549,4.0,afatinib,10
8,0.1660126447677612,0.004906740039587,0.11056835204362869,0.2013368159532547,0.021552735939621925,0.14436092972755432,0.16782218217849731,A549,4.0,afatinib,10
1,0.2789035737514496,0.0064720655791461,0.2084299772977829,0.3427296280860901,0.12036475539207458,0.24595853686332703,0.28116294741630554,A549,4.0,afatinib,11
2,0.3709774613380432,0.0056423060595989,0.3349039554595947,0.4296343922615051,0.2210199385881424,0.3708987832069397,0.38721561431884766,A549,4.0,afatinib,11
3,0.0505520664155483,0.0007987860008142,0.033115532249212265,0.08874723315238953,0.000273431243840605,0.04608660563826561,0.05348846688866615,A549,4.0,afatinib,11
4,0.0717479959130287,0.0021782666444778,0.0638422816991806,0.11140336096286774,0.0016483081271871924,0.08758264780044556,0.09756949543952942,A549,4.0,afatinib,11
5,0.0316930897533893,0.0015719386283308,0.022737300023436546,0.06165856495499611,0.00068680226104334,0.033473800867795944,0.04068342223763466,A549,4.0,afatinib,11
6,0.3380563259124756,0.0114733409136533,0.25112199783325195,0.3624604046344757,0.13860264420509338,0.28649014234542847,0.30907750129699707,A549,4.0,afatinib,11
7,0.1845125406980514,0.0197147019207477,0.21189269423484802,0.4641864001750946,0.055699706077575684,0.2684115171432495,0.30700284242630005,A549,4.0,afatinib,11
8,0.2348037511110305,0.0164578221738338,0.0,0.0,0.0,0.0,0.0,A549,4.0,afatinib,11
9,0.2105075716972351,0.0106140598654747,0.07980871945619583,0.15031029284000397,0.02580980956554413,0.10333403944969177,0.12080276757478714,A549,4.0,afatinib,11
10,0.1588238775730133,0.0168678499758243,0.07659239321947098,0.16606171429157257,0.0063848961144685745,0.10846371948719025,0.12891700863838196,A549,4.0,afatinib,11
11,0.2081935703754425,0.011541461572051,0.09383552521467209,0.22275595366954803,0.00662342319265008,0.12520518898963928,0.15036532282829285,A549,4.0,afatinib,11
12,0.0439346320927143,0.0208791065961122,0.5152507424354553,0.6585384011268616,0.3256983757019043,0.5770957469940186,0.6048796772956848,A549,4.0,afatinib,11
1,0.1222086921334266,0.0053720353171229,0.11340491473674774,0.20649416744709015,0.0005506284069269896,0.14583881199359894,0.16006183624267578,A549,4.0,afatinib,12
2,0.0089799761772155,0.0023567571770399,0.24908357858657837,0.49429503083229065,0.05751620978116989,0.3129505217075348,0.3550378084182739,A549,4.0,afatinib,12
3,0.1721700429916381,0.0040204627439379,0.13722090423107147,0.2640037536621094,0.05201805382966995,0.17716792225837708,0.19857999682426453,A549,4.0,afatinib,12
4,0.1972011923789978,0.0684374794363975,0.46470174193382263,0.6790304780006409,0.1308259665966034,0.5383008718490601,0.5880112648010254,A549,4.0,afatinib,12
5,0.0223557297140359,0.0023271183017641,0.046584274619817734,0.1139485239982605,0.012114224024116993,0.06735978275537491,0.08218423277139664,A549,4.0,afatinib,12
6,0.208342045545578,0.0088030286133289,0.18508559465408325,0.34539419412612915,0.016952479258179665,0.23991969227790833,0.2699262499809265,A549,4.0,afatinib,12
7,0.2716420590877533,0.0079849921166896,0.1955844759941101,0.3277498185634613,0.0067100427113473415,0.24852275848388672,0.2780314087867737,A549,4.0,afatinib,12
8,0.2182819843292236,0.0462606139481067,0.3874927759170532,0.5881465077400208,0.10292860865592957,0.4639931619167328,0.5074864029884338,A549,4.0,afatinib,12
9,0.3369940221309662,0.0347937978804111,0.18146918714046478,0.31329265236854553,0.04286450520157814,0.22777020931243896,0.253778338432312,A549,4.0,afatinib,12
10,0.112818531692028,0.0039747399277985,0.07058308273553848,0.19781425595283508,0.0004170020984020084,0.09956798702478409,0.12189126759767532,A549,4.0,afatinib,12
11,0.00848482362926,0.0022151907905936,0.25040367245674133,0.4175993800163269,0.0582677498459816,0.3119780123233795,0.35867124795913696,A549,4.0,afatinib,12
12,0.0065627214498817,0.0017071705078706,0.26261433959007263,0.3697008788585663,0.1415286511182785,0.3077540993690491,0.33123186230659485,A549,4.0,afatinib,12
13,0.2109860479831695,0.0078627793118357,0.1331448256969452,0.25049588084220886,0.010165332816541195,0.17046351730823517,0.19401410222053528,A549,4.0,afatinib,12
1,0.1335871368646621,0.0119595881551504,0.07920657098293304,0.22503091394901276,0.00165044073946774,0.1184539645910263,0.14665363729000092,A549,4.0,afatinib,13
2,0.112282671034336,0.0064789201132953,0.051935914903879166,0.15126818418502808,0.003608527360484004,0.07710300385951996,0.09262439608573914,A549,4.0,afatinib,13
3,0.218825951218605,0.0172300301492214,0.14243395626544952,0.34402647614479065,0.005403028801083565,0.19385619461536407,0.231058269739151,A549,4.0,afatinib,13
4,0.0537110790610313,0.003769590286538,0.048099666833877563,0.1625949591398239,4.8409605369670317e-05,0.07552362978458405,0.09695710986852646,A549,4.0,afatinib,13
5,0.2299049347639084,0.0084635624662041,0.08434323221445084,0.11014285683631897,0.05570591241121292,0.09761949628591537,0.1045854389667511,A549,4.0,afatinib,13
6,0.0296377874910831,0.0070029571652412,0.20868752896785736,0.3804938793182373,0.06146375462412834,0.26952776312828064,0.2990974187850952,A549,4.0,afatinib,13
7,0.1347448527812957,0.0012316706124693,0.0780256986618042,0.11182374507188797,0.0453825369477272,0.08975080400705338,0.09655621647834778,A549,4.0,afatinib,13
8,0.2054363787174224,0.0054188137874007,0.10649456828832626,0.16800040006637573,0.0463019423186779,0.1265057474374771,0.13948401808738708,A549,4.0,afatinib,13
9,0.3317273557186126,0.0113608334213495,0.27524030208587646,0.4538329243659973,0.01405701506882906,0.3294621407985687,0.3594265282154083,A549,4.0,afatinib,13
10,0.0955414399504661,0.0032815493177622,0.06524830311536789,0.20037639141082764,0.0009345564758405089,0.09349474310874939,0.11407565325498581,A549,4.0,afatinib,13
11,0.3184950351715088,0.0050727864727377,0.27256014943122864,0.4048685133457184,0.07288473844528198,0.31372469663619995,0.33591538667678833,A549,4.0,afatinib,13
12,0.1582641154527664,0.0387319959700107,0.33964675664901733,0.621830940246582,0.11368420720100403,0.41898292303085327,0.4665895998477936,A549,4.0,afatinib,13
13,0.1140910312533378,0.0024685969110578,0.05467134341597557,0.11791358888149261,0.004201777745038271,0.071555495262146,0.08135861158370972,A549,4.0,afatinib,13
14,0.1585324704647064,0.0067398180253803,0.08864881843328476,0.24224096536636353,0.0016006106743589044,0.12632645666599274,0.1518581062555313,A549,4.0,afatinib,13
15,0.1474717557430267,0.0036763756070286,0.07464024424552917,0.13437283039093018,0.031168829649686813,0.08701984584331512,0.09587813913822174,A549,4.0,afatinib,13
1,0.0762203782796859,0.0124538289383053,0.0,0.0,0.0,0.0,0.0,A549,4.0,afatinib,14
2,0.1918895244598388,0.0061275945045053,0.15582618117332458,0.3082571029663086,0.014111263677477837,0.19950176775455475,0.2307559698820114,A549,4.0,afatinib,14
3,0.0648831129074096,0.0015277812490239,0.03793292120099068,0.10122604668140411,0.0006030903896316886,0.05398917943239212,0.0637076273560524,A549,4.0,afatinib,14
4,0.0642542168498039,0.006831610109657,0.03555230051279068,0.0819062888622284,0.0014313700376078486,0.05341237410902977,0.06258329749107361,A549,4.0,afatinib,14
5,0.2699838280677795,0.0219689887017011,0.08432798832654953,0.1683642566204071,0.005275030620396137,0.11653552949428558,0.1382427215576172,A549,4.0,afatinib,14
6,0.2790153324604034,0.0168694164603948,0.2270389050245285,0.5517607927322388,0.012710563838481903,0.29849016666412354,0.3582678735256195,A549,4.0,afatinib,14
7,0.2194440066814422,0.0168499536812305,0.11577367037534714,0.2697702944278717,0.011640207841992378,0.15743909776210785,0.18290367722511292,A549,4.0,afatinib,14
1,0.0124610103666782,0.0031528924591839,0.20494002103805542,0.3825241029262543,0.053384918719530106,0.2561608850955963,0.287837952375412,A549,4.0,afatinib,15
2,0.0588250495493412,0.0071029062382876,0.10045916587114334,0.22275212407112122,0.013780064880847931,0.1543680876493454,0.19209063053131104,A549,4.0,afatinib,15
3,0.0419067740440368,0.0125110419467091,0.2521217465400696,0.41600218415260315,0.03870682418346405,0.32404130697250366,0.36270713806152344,A549,4.0,afatinib,15
4,0.0193001329898834,0.0048960517160594,0.055390868335962296,0.10524248331785202,0.003496468998491764,0.07836370915174484,0.09162795543670654,A549,4.0,afatinib,15
5,0.070518858730793,0.0083465352654457,0.07076626271009445,0.17480947077274323,0.0021453939843922853,0.10644973069429398,0.13303104043006897,A549,4.0,afatinib,15
6,0.1104760766029357,0.0026031057350337,0.07144266366958618,0.16478203237056732,0.00017834488244261593,0.09806695580482483,0.1133522018790245,A549,4.0,afatinib,15
7,0.1484981924295425,0.0038006226532161,0.07207754999399185,0.1275653839111328,0.019238540902733803,0.08860459178686142,0.09832137078046799,A549,4.0,afatinib,15
8,0.1897319108247757,0.0198733657598495,0.06492557376623154,0.17679041624069214,0.00045729937846772373,0.09601693600416183,0.11913789063692093,A549,4.0,afatinib,15
1,0.1115253269672393,0.0016864483477547,0.08151628822088242,0.14379370212554932,0.025297915562987328,0.10384949296712875,0.11761463433504105,A549,4.0,afatinib,2
2,0.1281935274600982,0.0031941793859004,0.06245875358581543,0.10669036209583282,0.018318278715014458,0.07632534950971603,0.08407656848430634,A549,4.0,afatinib,2
3,0.1341672986745834,0.0036495379172265,0.0930352583527565,0.1995365172624588,0.005473939701914787,0.1236545592546463,0.1417120099067688,A549,4.0,afatinib,2
4,0.0417061112821102,0.0106118135154247,0.0,0.0,0.0,0.0,0.0,A549,4.0,afatinib,2
5,0.0057898885570466,0.0017066730652004,0.30340197682380676,0.41106849908828735,0.1753353625535965,0.3572111427783966,0.3890664875507355,A549,4.0,afatinib,2
6,0.1947420239448547,0.0101301856338977,0.1010298803448677,0.22120435535907745,0.0009123692871071398,0.13423387706279755,0.1554487943649292,A549,4.0,afatinib,2
7,0.1267467737197876,0.0084865083917975,0.08230704069137573,0.21790868043899536,0.0015863525914028287,0.12224045395851135,0.15168392658233643,A549,4.0,afatinib,2
8,7.731679215794429e-05,2.0424813556019217e-05,0.0,0.0,0.0,0.0,0.0,A549,4.0,afatinib,2
9,0.1968736797571182,0.0136367939412593,0.13001352548599243,0.3877277970314026,0.0032302760519087315,0.17971765995025635,0.21576067805290222,A549,4.0,afatinib,2
1,0.0893262848258018,0.0022195512428879,0.061401013284921646,0.17286835610866547,0.0007057171897031367,0.08451294153928757,0.09916114807128906,A549,4.0,afatinib,5
2,0.1978180408477783,0.0094965146854519,0.13920412957668304,0.32469314336776733,0.0003567921230569482,0.1816767454147339,0.21101130545139313,A549,4.0,afatinib,5
3,0.0581415742635726,0.0019778155256062,0.05209508165717125,0.19532600045204163,0.0001984410046134144,0.07785732299089432,0.09744805097579956,A549,4.0,afatinib,5
4,0.0872330069541931,0.0050983363762497,0.08230389654636383,0.28492891788482666,0.00014832055603619665,0.1227247416973114,0.15050776302814484,A549,4.0,afatinib,5
5,0.259743332862854,0.0452940799295902,0.2767636477947235,0.6948952674865723,0.003636688459664583,0.38160306215286255,0.4615040719509125,A549,4.0,afatinib,5
6,0.062187734991312,0.0111531084403395,0.1470334529876709,0.3581751585006714,0.004370058886706829,0.20205937325954437,0.23848238587379456,A549,4.0,afatinib,5
1,0.0780933797359466,0.0077918749302625,0.06898164749145508,0.2654499113559723,0.00022395534324459732,0.10533110797405243,0.12962977588176727,A549,4.0,afatinib,6
2,0.08132354170084,0.006901022978127,0.08471983671188354,0.26272937655448914,0.000953300972469151,0.12952005863189697,0.16256897151470184,A549,4.0,afatinib,6
3,0.0086044548079371,0.0021723411045968,0.24902737140655518,0.39945563673973083,0.10152364522218704,0.29878872632980347,0.33939987421035767,A549,4.0,afatinib,6
4,0.0520956516265869,0.0100696580484509,0.1744588166475296,0.43241173028945923,0.002914020325988531,0.23817576467990875,0.2745627164840698,A549,4.0,afatinib,6
5,0.3045064508914947,0.0148057006299495,0.20836664736270905,0.4218399226665497,0.013792667537927628,0.2708715498447418,0.3046129643917084,A549,4.0,afatinib,6
6,0.1149610355496406,0.0031409666407853,0.05858384817838669,0.12782694399356842,0.005811522249132395,0.08314303308725357,0.09756247699260712,A549,4.0,afatinib,6
7,0.3038826882839203,0.0981587246060371,0.5573334693908691,0.7915328741073608,0.4173263609409332,0.6424263119697571,0.7421426177024841,A549,4.0,afatinib,6
8,0.0035583171993494,0.0008572938968427,0.2236909419298172,0.30654847621917725,0.07754208892583847,0.26543211936950684,0.28401726484298706,A549,4.0,afatinib,6
9,0.0993598997592926,0.0023593166843056,0.09266785532236099,0.22135929763317108,0.0001731102674966678,0.12891891598701477,0.1480226218700409,A549,4.0,afatinib,6
10,0.0717481225728988,0.0031141911167651,0.04345862567424774,0.14323388040065765,6.0362053773133084e-05,0.0653008222579956,0.08076290041208267,A549,4.0,afatinib,6
11,0.5555620789527893,0.0083098458126187,0.46396538615226746,0.6332972645759583,0.36182430386543274,0.5112899541854858,0.5610089898109436,A549,4.0,afatinib,6
1,0.0006097757723182,0.0001585951540619,0.22418074309825897,0.30917781591415405,0.16234232485294342,0.2677609622478485,0.29990994930267334,A549,4.0,afatinib,7
2,0.0001365936768706,2.8307795219006948e-05,0.16503769159317017,0.16503769159317017,0.16503769159317017,0.16503769159317017,0.16503769159317017,A549,4.0,afatinib,7
3,0.1536390483379364,0.0105917835608124,0.10300794243812561,0.30390483140945435,0.0011722486233338714,0.14244626462459564,0.16803741455078125,A549,4.0,afatinib,7
4,0.1262847930192947,0.0062891636043787,0.05440102145075798,0.15901042520999908,0.0007898930343799293,0.07912810891866684,0.09418643265962601,A549,4.0,afatinib,7
5,0.031816329807043,0.007864779792726,0.20309385657310486,0.4119947850704193,0.022866617888212204,0.27110326290130615,0.3167791962623596,A549,4.0,afatinib,7
6,0.247325137257576,0.0109788961708545,0.12320993095636368,0.26064348220825195,0.01389584131538868,0.1595575213432312,0.1821974366903305,A549,4.0,afatinib,7
7,0.2255904525518417,0.0078555513173341,0.18109077215194702,0.31001463532447815,0.0841452106833458,0.21663057804107666,0.24065276980400085,A549,4.0,afatinib,7
8,0.1457886099815368,0.0040222937241196,0.14865393936634064,0.251162588596344,0.017296796664595604,0.18669749796390533,0.2056281566619873,A549,4.0,afatinib,7
9,0.1266990005970001,0.0124104833230376,0.09000673145055771,0.263474702835083,0.0029077024664729834,0.13085800409317017,0.15613548457622528,A549,4.0,afatinib,7
10,0.1548768877983093,0.0032522135879844,0.09622035175561905,0.26095160841941833,0.00016423135821241885,0.13143131136894226,0.15498198568820953,A549,4.0,afatinib,7
1,0.2131297886371612,0.0125049725174903,0.11999410390853882,0.23601487278938293,0.0290277861058712,0.1510564535856247,0.17120420932769775,A549,4.0,afatinib,8
2,0.2170272916555404,0.013405654579401,0.11047577112913132,0.26037219166755676,0.0031477941665798426,0.15010526776313782,0.17437510192394257,A549,4.0,afatinib,8
3,0.3667707145214081,0.028182279318571,0.30535584688186646,0.5321570634841919,0.07019302248954773,0.37225833535194397,0.41495054960250854,A549,4.0,afatinib,8
4,0.0795272514224052,0.0052393404766917,0.07622640579938889,0.138517364859581,0.008885025978088379,0.10322616994380951,0.11329653114080429,A549,4.0,afatinib,8
5,0.0535314194858074,0.0147145111113786,0.3087678551673889,0.5277178287506104,0.051602691411972046,0.3807290196418762,0.42920011281967163,A549,4.0,afatinib,8
6,0.4141857922077179,0.0727042332291603,0.4648943841457367,0.7979536056518555,0.23234860599040985,0.5412623882293701,0.6073164939880371,A549,4.0,afatinib,8
7,0.2595671713352203,0.0178328901529312,0.14372575283050537,0.3710501492023468,0.003294153604656458,0.19639059901237488,0.2333645522594452,A549,4.0,afatinib,8
8,0.1103808432817459,0.0066815465688705,0.07922659069299698,0.22290262579917908,0.0005202031461521983,0.11783570051193237,0.14477218687534332,A549,4.0,afatinib,8
9,0.0221724677830934,0.0058781583793461,0.24705760180950165,0.4795055091381073,0.008991410955786705,0.31647226214408875,0.35662564635276794,A549,4.0,afatinib,8
1,0.1296147108078003,0.0047447839751839,0.11257223784923553,0.2844659388065338,0.004530144855380058,0.15131354331970215,0.1779485046863556,A549,4.0,afatinib,9
2,0.0026607285253703,0.0007269430789165,0.27301427721977234,0.4530681371688843,0.17505735158920288,0.3200036585330963,0.3543614447116852,A549,4.0,afatinib,9
3,0.081730380654335,0.0053653391078114,0.0532924123108387,0.13564720749855042,0.0008958585094660521,0.07779861986637115,0.09466766566038132,A549,4.0,afatinib,9
4,0.0071503999643027,0.0020429140422493,0.2614526152610779,0.37898948788642883,0.09395439177751541,0.3404357433319092,0.37898948788642883,A549,4.0,afatinib,9
5,0.0201923977583646,0.0052248663268983,0.2796998620033264,0.4886612892150879,0.0053737894631922245,0.36795952916145325,0.39781010150909424,A549,4.0,afatinib,9
6,0.1149771735072135,0.0099019799381494,0.05428396537899971,0.23631033301353455,7.142769754864275e-05,0.08087776601314545,0.10049163550138474,A549,4.0,afatinib,9
7,0.1319168210029602,0.0110387504100799,0.0828201174736023,0.2821815609931946,0.0026039588265120983,0.1187511757016182,0.14639008045196533,A549,4.0,afatinib,9
1,0.0294924173504114,0.0148135721683502,0.5237205028533936,0.6875013113021851,0.32041382789611816,0.5937321186065674,0.6237707138061523,A549,4.0,control,0
2,0.2219342589378357,0.0059807132929563,0.1722327619791031,0.3237011432647705,0.03841722011566162,0.22045186161994934,0.25045159459114075,A549,4.0,control,0
3,0.2477912455797195,0.0086650103330612,0.18409129977226257,0.36202821135520935,0.02343904972076416,0.23795592784881592,0.2684565484523773,A549,4.0,control,0
4,0.0868514850735664,0.0238461941480636,0.2792932689189911,0.45059987902641296,0.09050924330949783,0.34342339634895325,0.38477370142936707,A549,4.0,control,0
5,0.0116365337744355,0.0037254630587995,0.31361305713653564,0.4731815755367279,0.20262493193149567,0.3727926015853882,0.4235868752002716,A549,4.0,control,0
6,0.0247941054403781,0.0075075486674904,0.2830590307712555,0.42610540986061096,0.1834995001554489,0.3353663384914398,0.3651203513145447,A549,4.0,control,0
7,0.2474594116210937,0.0111533468589186,0.15963442623615265,0.33337923884391785,0.00010594835475785658,0.2077685445547104,0.23639729619026184,A549,4.0,control,0
8,0.1891355514526367,0.003749624826014,0.12891118228435516,0.2267291396856308,0.060666684061288834,0.15485240519046783,0.17273813486099243,A549,4.0,control,0
9,0.376002699136734,0.0145001849159598,0.29625406861305237,0.4867410361766815,0.08586783707141876,0.34699997305870056,0.3773747682571411,A549,4.0,control,0
10,0.2532756626605987,0.0207036007195711,0.19367393851280212,0.4493386447429657,0.012801075354218483,0.25236085057258606,0.29130661487579346,A549,4.0,control,0
11,0.3276687264442444,0.0079622669145464,0.2778511643409729,0.4473670423030853,0.08861323446035385,0.33243653178215027,0.3650798201560974,A549,4.0,control,0
12,0.0004564622940961,0.0001735930272843,0.3438769578933716,0.39714398980140686,0.3140907287597656,0.39714398980140686,0.39714398980140686,A549,4.0,control,0
13,0.003054495435208,0.0011494598584249,0.3562304973602295,0.4838677644729614,0.24910868704319,0.4204828441143036,0.44831493496894836,A549,4.0,control,0
1,0.0602611191570758,0.0068750446662306,0.06753924489021301,0.21498264372348785,0.000281303480733186,0.10384511947631836,0.12950767576694489,A549,4.0,control,1
2,0.0044530928134918,0.0011639369186013,0.2456773966550827,0.47752389311790466,0.037221673876047134,0.33483651280403137,0.37711742520332336,A549,4.0,control,1
3,0.1386167258024215,0.0211009457707405,0.2131035178899765,0.48755499720573425,0.010830414481461048,0.2888713777065277,0.33694902062416077,A549,4.0,control,1
4,0.3467679917812347,0.0038610682822763,0.3221631944179535,0.46923914551734924,0.19620774686336517,0.3748434782028198,0.40336403250694275,A549,4.0,control,1
5,0.2179738879203796,0.0044384580105543,0.20140685141086578,0.337929904460907,0.040236130356788635,0.24620690941810608,0.2678200304508209,A549,4.0,control,1
6,0.1647067815065384,0.0058744633570313,0.12849794328212738,0.33384206891059875,0.007378662470728159,0.17504052817821503,0.20439626276493073,A549,4.0,control,1
7,0.1257660239934921,0.01749655790627,0.18268582224845886,0.316646546125412,0.06123841926455498,0.23846469819545746,0.275103360414505,A549,4.0,control,1
1,0.5330755710601807,0.0127186123281717,0.4743732213973999,0.6891147494316101,0.18128079175949097,0.5416364073753357,0.5926523208618164,A549,4.0,control,10
2,0.0063931006006896,0.0022698857355862,0.2566840946674347,0.5075666904449463,0.06638331711292267,0.3528674840927124,0.40504470467567444,A549,4.0,control,10
3,0.1468461900949478,0.0060560191050171,0.11674327403306961,0.2730705142021179,0.0016718640690669417,0.1691626012325287,0.19627808034420013,A549,4.0,control,10
4,0.2371054589748382,0.00399966025725,0.20889340341091156,0.282584011554718,0.1428755819797516,0.22857262194156647,0.24103595316410065,A549,4.0,control,10
5,0.1137705370783805,0.0034161205403506,0.07832778990268707,0.17210255563259125,0.0023212654050439596,0.10291308164596558,0.11887849867343903,A549,4.0,control,10
6,0.1530984938144683,0.0006551336846314,0.1333877444267273,0.2328338772058487,0.09374634176492691,0.14929363131523132,0.16339704394340515,A549,4.0,control,10
7,0.1225075498223304,0.0026200800202786,0.15234442055225372,0.19744259119033813,0.098210409283638,0.1712263524532318,0.17928984761238098,A549,4.0,control,10
8,0.1197709366679191,0.0011285732034593,0.11596749722957611,0.1719827950000763,0.0690091997385025,0.13235388696193695,0.1450830101966858,A549,4.0,control,10
9,0.0357088558375835,0.0060976101085543,0.13973720371723175,0.3648376166820526,0.003238122910261154,0.20502448081970215,0.2523234486579895,A549,4.0,control,10
10,0.2057859599590301,0.0233902428299188,0.1808830201625824,0.3423093259334564,0.005175915081053972,0.23304925858974457,0.2638428807258606,A549,4.0,control,10
1,0.1295607984066009,0.023002041503787,0.2833157777786255,0.6023243069648743,0.03914853185415268,0.3791051506996155,0.4294421970844269,A549,4.0,control,11
2,0.0961128696799278,0.0016678683459758,0.12840387225151062,0.21117901802062988,0.06664454936981201,0.15112721920013428,0.1632235050201416,A549,4.0,control,11
3,0.1443131417036056,0.0015895542455837,0.1252831518650055,0.25626084208488464,0.028868770226836205,0.1544070690870285,0.17355744540691376,A549,4.0,control,11
4,0.377897173166275,0.0152119928970932,0.15656237304210663,0.19445177912712097,0.09735950082540512,0.17245416343212128,0.18234294652938843,A549,4.0,control,11
5,0.1323712170124054,0.0280194170773029,0.27081725001335144,0.49095043540000916,0.015334103256464005,0.3523445427417755,0.3993859589099884,A549,4.0,control,11
6,0.2171128988265991,0.0019931383430957,0.20464256405830383,0.30378851294517517,0.1153235137462616,0.2311977744102478,0.24709552526474,A549,4.0,control,11
7,0.0764987543225288,0.0013696803944185,0.10288307815790176,0.19258682429790497,0.03095083124935627,0.1310218721628189,0.1475079506635666,A549,4.0,control,11
8,0.0121972421184182,0.0032475478947162,0.25590693950653076,0.4236566424369812,0.061062347143888474,0.3286389410495758,0.370191365480423,A549,4.0,control,11
9,0.0004321880405768,0.0001147300426964,0.0,0.0,0.0,0.0,0.0,A549,4.0,control,11
10,0.163052037358284,0.0089686047285795,0.12525628507137299,0.21718037128448486,0.0030488893389701843,0.1583915501832962,0.1761188507080078,A549,4.0,control,11
11,0.1875695884227752,0.012831412255764,0.15179786086082458,0.3505949079990387,0.0005998968263156712,0.20033442974090576,0.22984670102596283,A549,4.0,control,11
12,0.0015110479434952,0.0003761173866223,0.22020934522151947,0.3104867935180664,0.14314088225364685,0.2578892111778259,0.29491126537323,A549,4.0,control,11
1,0.1430647224187851,0.0120893856510519,0.11404623836278915,0.2976427376270294,0.0001637062814552337,0.16635257005691528,0.2016807645559311,A549,4.0,control,12
2,0.0687707588076591,0.0024832873605191,0.054816633462905884,0.12804235517978668,6.697589560644701e-05,0.08103374391794205,0.09644213318824768,A549,4.0,control,12
3,0.178720623254776,0.0166891627013683,0.11869458854198456,0.20355406403541565,0.032755907624959946,0.1492573767900467,0.16682980954647064,A549,4.0,control,12
4,0.3397518396377563,0.0294711366295814,0.21257489919662476,0.2709382474422455,0.1510588377714157,0.23933829367160797,0.2598370611667633,A549,4.0,control,12
5,0.2066121697425842,0.0031119168270379,0.18620626628398895,0.3552694320678711,0.014701221138238907,0.22952517867088318,0.25272855162620544,A549,4.0,control,12
6,0.2132327109575271,0.0103372354060411,0.12213260680437088,0.2623760998249054,0.017024558037519455,0.15512897074222565,0.17817182838916779,A549,4.0,control,12
7,0.1589291393756866,0.0022172119934111,0.13751332461833954,0.242536723613739,0.057697247713804245,0.16614525020122528,0.18349061906337738,A549,4.0,control,12
8,0.2250891476869583,0.0082178730517625,0.17761625349521637,0.379124253988266,0.004376421216875315,0.22927118837833405,0.2612290680408478,A549,4.0,control,12
9,0.1351934671401977,0.0018177718156948,0.09888097643852234,0.1625766009092331,0.009729254059493542,0.12590038776397705,0.13515879213809967,A549,4.0,control,12
10,0.2811998128890991,0.0061378632672131,0.20051869750022888,0.3352013826370239,0.09011314809322357,0.23806123435497284,0.26224616169929504,A549,4.0,control,12
11,0.0920468047261238,0.0217981282621622,0.25586849451065063,0.4613461196422577,0.0017079595709219575,0.34848612546920776,0.4006469249725342,A549,4.0,control,12
12,0.2137352973222732,0.003360548056662,0.16428157687187195,0.2595888674259186,0.05690598115324974,0.2043391466140747,0.22260437905788422,A549,4.0,control,12
13,0.1090808361768722,0.0125634251162409,0.10004906356334686,0.3002200424671173,0.0017268226947635412,0.14249849319458008,0.17265520989894867,A549,4.0,control,12
1,0.0026791454292833,0.000589718692936,0.19162122905254364,0.3703092038631439,3.838878910755739e-06,0.27856242656707764,0.3213149607181549,A549,4.0,control,13
2,0.1041693836450576,0.0026362512726336,0.10205605626106262,0.2263193577528,0.0023696469143033028,0.14304575324058533,0.16843561828136444,A549,4.0,control,13
3,0.1050806865096092,0.0031428213696926,0.07499875873327255,0.16312816739082336,0.0046896920539438725,0.09993083775043488,0.1163477823138237,A549,4.0,control,13
4,0.116578921675682,0.0050252280198037,0.13938263058662415,0.2429453432559967,0.012278898619115353,0.17305123805999756,0.19077783823013306,A549,4.0,control,13
5,0.1672291010618209,0.0738801881670951,0.5866490006446838,0.7452259659767151,0.37940365076065063,0.655190110206604,0.6884652972221375,A549,4.0,control,13
6,0.032632365822792,0.0035472344607114,0.02934243157505989,0.1510697305202484,3.132480924250558e-05,0.04630311205983162,0.06093554571270943,A549,4.0,control,13
7,0.0923874676227569,0.0026519121602177,0.06889123469591141,0.17537806928157806,0.0014128489419817924,0.09900068491697311,0.11956290155649185,A549,4.0,control,13
1,0.2080115526914596,0.0118533261120319,0.14635497331619263,0.31540805101394653,0.01994631625711918,0.18731017410755157,0.21336357295513153,A549,4.0,control,14
2,0.1863279193639755,0.0063990098424255,0.15992043912410736,0.347018301486969,0.0022814038675278425,0.20589087903499603,0.23134689033031464,A549,4.0,control,14
3,0.0228896252810955,0.0052955751307308,0.21502317488193512,0.45929431915283203,0.019847460091114044,0.29074233770370483,0.33075863122940063,A549,4.0,control,14
4,0.2513404190540313,0.0085587510839104,0.13637775182724,0.22067143023014069,0.020809147506952286,0.1695418804883957,0.18738165497779846,A549,4.0,control,14
5,0.0847825407981872,0.0206875354051589,0.27384325861930847,0.5113937854766846,0.0019961579237133265,0.35773709416389465,0.40435096621513367,A549,4.0,control,14
6,0.2153141498565673,0.008448944427073,0.17221932113170624,0.339220255613327,0.012833884917199612,0.2204865664243698,0.25024670362472534,A549,4.0,control,14
7,0.2106598913669586,0.0050334339030086,0.13427700102329254,0.316190630197525,0.027481259778141975,0.17397738993167877,0.1954566091299057,A549,4.0,control,14
8,0.1495866924524307,0.0169230010360479,0.15546852350234985,0.44280749559402466,0.0029429567512124777,0.2291199117898941,0.2787165641784668,A549,4.0,control,14
9,0.156638354063034,0.0161283817142248,0.14469404518604279,0.4123499393463135,0.0003125340153928846,0.2083837240934372,0.25631198287010193,A549,4.0,control,14
10,0.1492656916379928,0.0045003900304436,0.21739830076694489,0.27871760725975037,0.16359134018421173,0.24503590166568756,0.2618313729763031,A549,4.0,control,14
11,0.2654588222503662,0.0091696111485362,0.21732956171035767,0.32157599925994873,0.13773423433303833,0.2567949891090393,0.27252036333084106,A549,4.0,control,14
12,0.0147259049117565,0.004218952730298,0.31373801827430725,0.5191822052001953,0.04099765419960022,0.4073677957057953,0.45001843571662903,A549,4.0,control,14
13,0.102004200220108,0.006164314225316,0.07863409072160721,0.22432249784469604,1.1995922250207514e-05,0.11489275842905045,0.14020657539367676,A549,4.0,control,14
1,0.0005240177852101,0.0001110123848775,0.0,0.0,0.0,0.0,0.0,A549,4.0,control,15
2,0.1700756102800369,0.0059805759228765,0.11552508175373077,0.20116238296031952,0.022394848987460136,0.14219312369823456,0.1579015851020813,A549,4.0,control,15
3,0.1177201122045517,0.0103101395070552,0.09345819801092148,0.25323277711868286,7.200964319054037e-05,0.13331283628940582,0.1595112681388855,A549,4.0,control,15
4,0.2924150824546814,0.0319275148212909,0.32859307527542114,0.5812555551528931,0.1353774517774582,0.3902539312839508,0.42866939306259155,A549,4.0,control,15
5,0.0443660281598567,0.0134783638641238,0.3670716881752014,0.6119012832641602,0.07601653039455414,0.4607063829898834,0.5004868507385254,A549,4.0,control,15
6,0.1122638061642646,0.0162371862679719,0.15236271917819977,0.33544182777404785,0.007776433136314154,0.21515119075775146,0.25910288095474243,A549,4.0,control,15
7,0.3307090997695923,0.0146094122901558,0.35374751687049866,0.5099855661392212,0.12792594730854034,0.41015905141830444,0.4419448971748352,A549,4.0,control,15
8,0.2242294400930404,0.006484258454293,0.18235017359256744,0.2583758234977722,0.08666057139635086,0.20739898085594177,0.2216995507478714,A549,4.0,control,15
9,0.1691778600215912,0.016130955889821,0.17312933504581451,0.4018746018409729,0.00665079802274704,0.23923146724700928,0.28161555528640747,A549,4.0,control,15
10,0.113271877169609,0.0224599130451679,0.22029384970664978,0.43059346079826355,0.03585237264633179,0.2918053865432739,0.3406716585159302,A549,4.0,control,15
11,0.3350183069705963,0.0208369363099336,0.27377849817276,0.500137209892273,0.06853457540273666,0.33072295784950256,0.3682062029838562,A549,4.0,control,15
12,0.1582391560077667,0.0225428529083728,0.15091142058372498,0.40668877959251404,0.0005141811561770737,0.21805031597614288,0.26599669456481934,A549,4.0,control,15
13,0.0003263391845393,6.163169746287167e-05,0.17416423559188843,0.24217480421066284,0.09175436943769455,0.21123987436294556,0.24217480421066284,A549,4.0,control,15
14,0.291989117860794,0.016118736937642,0.2159132957458496,0.2966150939464569,0.08480899035930634,0.25037145614624023,0.26529061794281006,A549,4.0,control,15
1,0.0335420854389667,0.0033491845242679,0.04763920232653618,0.13487836718559265,0.00029421591898426414,0.07491917163133621,0.09440416842699051,A549,4.0,control,2
2,0.2766516506671905,0.0276681929826736,0.30194273591041565,0.4889206290245056,0.07683002948760986,0.3612784445285797,0.3925224542617798,A549,4.0,control,2
3,0.2917879223823547,0.0186249744147062,0.28271135687828064,0.520844042301178,0.050435520708560944,0.34718838334083557,0.38664692640304565,A549,4.0,control,2
4,0.5443075895309448,0.0128404507413506,0.41676783561706543,0.4999694526195526,0.310407817363739,0.4597364366054535,0.4750150144100189,A549,4.0,control,2
5,0.1963346749544143,0.0077697671949863,0.1878373622894287,0.363627165555954,0.07841620594263077,0.23541170358657837,0.2694050669670105,A549,4.0,control,2
6,0.1385596394538879,0.0033741898369044,0.10261006653308868,0.1666143238544464,0.02293701283633709,0.12300456315279007,0.13419334590435028,A549,4.0,control,2
7,0.1723444908857345,0.0051499051041901,0.12560486793518066,0.28470319509506226,0.011241978034377098,0.1645343154668808,0.19036634266376495,A549,4.0,control,2
8,0.0798433050513267,0.002612009178847,0.07202339917421341,0.2060779482126236,0.008315416984260082,0.0975968986749649,0.11755236983299255,A549,4.0,control,2
1,0.1223491951823234,0.0039056108798831,0.10662511736154556,0.24419470131397247,0.004056388046592474,0.14448587596416473,0.1662893146276474,A549,4.0,control,3
2,0.1382094472646713,0.0115070166066288,0.12289347499608994,0.407542884349823,0.00010378640581620857,0.1790906935930252,0.2194385975599289,A549,4.0,control,3
3,0.1851110756397247,0.0038419109769165,0.11275441199541092,0.18337900936603546,0.05552518367767334,0.1354995220899582,0.1506110578775406,A549,4.0,control,3
4,0.0003990740224253,0.0001076266780728,0.0,0.0,0.0,0.0,0.0,A549,4.0,control,3
5,0.1661358475685119,0.0073331133462488,0.10383152961730957,0.2394488900899887,0.013234823010861874,0.14367009699344635,0.1732816994190216,A549,4.0,control,3
6,0.1705356240272522,0.0055173253640532,0.13442932069301605,0.23885783553123474,0.03895081207156181,0.16616135835647583,0.1870524287223816,A549,4.0,control,3
7,0.002070743124932,0.0005649197846651,0.26956266164779663,0.41901731491088867,0.1801244467496872,0.3327479064464569,0.36199483275413513,A549,4.0,control,3
8,0.2238586694002151,0.0154191749170422,0.19875653088092804,0.4030541181564331,0.032941047102212906,0.25661501288414,0.28813984990119934,A549,4.0,control,3
9,0.3156133592128753,0.0136103415861725,0.23740451037883759,0.40847599506378174,0.0359075553715229,0.2890537679195404,0.3243017792701721,A549,4.0,control,3
10,0.3129065036773681,0.0234571620821952,0.25031641125679016,0.3593703508377075,0.12796570360660553,0.2864604890346527,0.30686166882514954,A549,4.0,control,3
1,0.1617569774389267,0.0099760619923472,0.12422540038824081,0.2264869660139084,0.02080518752336502,0.1665845513343811,0.19257740676403046,A549,4.0,control,4
2,0.101786158978939,0.0015011001378297,0.09617051482200623,0.16918131709098816,0.0025481528136879206,0.11955331265926361,0.13452020287513733,A549,4.0,control,4
3,0.2596248686313629,0.0054606604389846,0.20867334306240082,0.32005900144577026,0.08160269260406494,0.2477058470249176,0.2693527042865753,A549,4.0,control,4
4,0.3399541974067688,0.0125023582950234,0.2763206362724304,0.5597102046012878,0.04183904081583023,0.3470086455345154,0.39534837007522583,A549,4.0,control,4
5,0.4500088393688202,0.0407377183437347,0.0,0.0,0.0,0.0,0.0,A549,4.0,control,4
6,0.1165972724556922,0.0016241674311459,0.15391592681407928,0.28128084540367126,0.012861383147537708,0.20653575658798218,0.23670516908168793,A549,4.0,control,4
7,0.2161945253610611,0.0106802750378847,0.17124255001544952,0.29298946261405945,0.007792530581355095,0.22523637115955353,0.24035724997520447,A549,4.0,control,4
8,0.5408461689949036,0.0114357825368642,0.42697033286094666,0.5881929397583008,0.28949296474456787,0.47203540802001953,0.5067172646522522,A549,4.0,control,4
1,0.3478937745094299,0.0058567044325172,0.26153838634490967,0.3622615933418274,0.13354749977588654,0.31340664625167847,0.3341424763202667,A549,4.0,control,5
2,0.0979644656181335,0.0015283497050404,0.17223133146762848,0.21634113788604736,0.1357106864452362,0.19273224472999573,0.20362918078899384,A549,4.0,control,5
3,0.1520842611789703,0.0431228056550025,0.3730314075946808,0.5836492776870728,0.11707045882940292,0.44936954975128174,0.48803776502609253,A549,4.0,control,5
4,0.0834619775414466,0.0031403682660311,0.0442519411444664,0.09872235357761383,0.003344128606840968,0.06077983230352402,0.0716102123260498,A549,4.0,control,5
5,0.2117340415716171,0.0052961455658078,0.2209666222333908,0.3184199035167694,0.10477330535650253,0.2622615694999695,0.28630778193473816,A549,4.0,control,5
6,0.1734523028135299,0.0069848392158746,0.11488331854343414,0.24077194929122925,0.015354305505752563,0.14512600004673004,0.1667790412902832,A549,4.0,control,5
7,0.3406612873077392,0.0143656255677342,0.21510423719882965,0.4483722150325775,0.0057275607250630856,0.26819708943367004,0.29993972182273865,A549,4.0,control,5
1,0.3201290965080261,0.0037578942719846,0.2727930247783661,0.3376156687736511,0.19464680552482605,0.3004589080810547,0.3126585781574249,A549,4.0,control,6
2,0.3119316101074219,0.0030420864932239,0.3184804618358612,0.49489498138427734,0.20962990820407867,0.358254611492157,0.39213982224464417,A549,4.0,control,6
3,0.1876451224088668,0.0082189235836267,0.12296634912490845,0.2998709976673126,0.003311330685392022,0.16821600496768951,0.19765424728393555,A549,4.0,control,6
4,0.2500795722007751,0.0049911034293472,0.19191282987594604,0.31856000423431396,0.006444956641644239,0.23313722014427185,0.2545367181301117,A549,4.0,control,6
5,0.2254669368267059,0.01205625385046,0.2168562412261963,0.4694109559059143,0.013529572635889053,0.28829216957092285,0.34195196628570557,A549,4.0,control,6
1,0.3837356865406036,0.0071357851848006,0.38414981961250305,0.542239785194397,0.25401777029037476,0.42949575185775757,0.4575938284397125,A549,4.0,control,7
2,0.1998511701822281,0.00493147643283,0.1406206488609314,0.27105897665023804,0.04518892616033554,0.17447113990783691,0.1999724805355072,A549,4.0,control,7
3,0.3215243518352508,0.0784691646695137,0.4764035940170288,0.6756359338760376,0.10078388452529907,0.5554158687591553,0.5909097194671631,A549,4.0,control,7
4,0.1619120389223098,0.0210704933851957,0.1846538931131363,0.40090832114219666,0.010175587609410286,0.23822104930877686,0.27194884419441223,A549,4.0,control,7
5,0.2314665019512176,0.0103718098253011,0.18482758104801178,0.3634236454963684,0.01110904198139906,0.2348656952381134,0.26142823696136475,A549,4.0,control,7
6,0.0309921149164438,0.000840091262944,0.024639153853058815,0.09515655785799026,9.955936548067257e-05,0.038696467876434326,0.04989231005311012,A549,4.0,control,7
7,0.1206261441111564,0.0138474442064762,0.15295012295246124,0.3978630304336548,0.0034905083011835814,0.22265243530273438,0.26720282435417175,A549,4.0,control,7
1,0.1210241019725799,0.0028832035604864,0.12551726400852203,0.27466756105422974,0.00504274619743228,0.16396023333072662,0.192123681306839,A549,4.0,control,8
2,0.1463842839002609,0.0024807590525597,0.14465868473052979,0.3006691038608551,0.022785311564803123,0.17385317385196686,0.19462049007415771,A549,4.0,control,8
3,0.2123868614435196,0.0021674395538866,0.2024848461151123,0.30831795930862427,0.09814708679914474,0.24737080931663513,0.27115434408187866,A549,4.0,control,8
4,0.387310653924942,0.0129406489431858,0.3192274868488312,0.41555166244506836,0.19794154167175293,0.35469523072242737,0.3756359815597534,A549,4.0,control,8
5,0.1341695636510849,0.0025941857602447,0.1404397040605545,0.25588467717170715,0.006744777783751488,0.1727880984544754,0.19078917801380157,A549,4.0,control,8
6,0.0090303439646959,0.0023719712626188,0.24375498294830322,0.431954026222229,0.12331156432628632,0.2985859811306,0.33660098910331726,A549,4.0,control,8
7,0.1062520369887352,0.0034138539340347,0.09112680703401566,0.24072422087192535,0.0005827193963341415,0.1285870373249054,0.15214213728904724,A549,4.0,control,8
8,0.0568094924092292,0.0124050425365567,0.1558474898338318,0.3481704890727997,0.013639957644045353,0.21542927622795105,0.25067803263664246,A549,4.0,control,8
1,0.1789072602987289,0.0028817360289394,0.15521953999996185,0.2928680181503296,0.07819844037294388,0.19186779856681824,0.2221444696187973,A549,4.0,control,9
2,0.2404412478208542,0.0020990532357245,0.2242954671382904,0.3317795991897583,0.12849944829940796,0.2515372931957245,0.26810380816459656,A549,4.0,control,9
3,0.0735320374369621,0.0174594074487686,0.16615000367164612,0.35515454411506653,0.024190902709960938,0.22138354182243347,0.2570311427116394,A549,4.0,control,9
4,0.0285141505300998,0.0045259306207299,0.13564762473106384,0.24505533277988434,0.07026470452547073,0.16273581981658936,0.18272888660430908,A549,4.0,control,9
5,0.1936905980110168,0.0075366115197539,0.1433580070734024,0.3203473687171936,0.011108794249594212,0.19201497733592987,0.22039654850959778,A549,4.0,control,9
6,0.1717822104692459,0.0041271410882472,0.17645037174224854,0.29015663266181946,0.025209547951817513,0.21719354391098022,0.23796355724334717,A549,4.0,control,9
7,0.2042350322008133,0.0105524994432926,0.12977081537246704,0.2684952914714813,0.01022886112332344,0.17091809213161469,0.1957484781742096,A549,4.0,control,9
8,0.0987841263413429,0.0157833416014909,0.19083191454410553,0.4012300968170166,0.0010414557764306664,0.266605943441391,0.3118489384651184,A549,4.0,control,9
9,0.226554125547409,0.0011540460400283,0.20928744971752167,0.2991635203361511,0.11983922868967056,0.24401134252548218,0.25970160961151123,A549,4.0,control,9
1,0.0593514628708362,0.0042285649105906,0.046635180711746216,0.13403716683387756,0.0007591728935949504,0.0679561048746109,0.08464143425226212,A549,4.0,gefitinib,1
2,0.1802321970462799,0.0029997704550623,0.11422482877969742,0.1485118567943573,0.06174007058143616,0.13447265326976776,0.14151453971862793,A549,4.0,gefitinib,1
3,0.23975370824337,0.0079830233007669,0.17174433171749115,0.3092212378978729,0.049062859266996384,0.214741051197052,0.24943919479846954,A549,4.0,gefitinib,1
4,0.12306859344244,0.0021751902531832,0.08236841857433319,0.15618623793125153,0.002279378706589341,0.10491693764925003,0.11993488669395447,A549,4.0,gefitinib,1
5,0.222973957657814,0.0094715673476457,0.17705529928207397,0.322529673576355,0.006862951908260584,0.21627631783485413,0.24466681480407715,A549,4.0,gefitinib,1
6,0.0643873959779739,0.0044264025054872,0.05964743718504906,0.20964330434799194,0.0002188883809139952,0.09354895353317261,0.11951164901256561,A549,4.0,gefitinib,1
7,0.0522140450775623,0.0128843672573566,0.2575744688510895,0.4503539502620697,0.09555967897176743,0.3181723356246948,0.3541114330291748,A549,4.0,gefitinib,1
8,0.3002928495407104,0.0183213595300912,0.2378731667995453,0.447139173746109,0.05287788808345795,0.2940804362297058,0.32855647802352905,A549,4.0,gefitinib,1
9,0.1966267675161361,0.0051435991190373,0.09988223016262054,0.1604842245578766,0.037529438734054565,0.1209433525800705,0.13194230198860168,A549,4.0,gefitinib,1
10,0.2809976637363434,0.0143504859879612,0.26998504996299744,0.398067831993103,0.11384794116020203,0.32426199316978455,0.35246533155441284,A549,4.0,gefitinib,1
11,0.1548974215984344,0.0028921749908477,0.0936032086610794,0.16774985194206238,0.035859543830156326,0.11058295518159866,0.12281324714422226,A549,4.0,gefitinib,1
12,0.0269862785935401,0.0055771530605852,0.19348026812076569,0.32086607813835144,0.09683237224817276,0.30505961179733276,0.32086607813835144,A549,4.0,gefitinib,1
1,0.2840438783168793,0.0228394046425819,0.17697718739509583,0.2738651931285858,0.10241776704788208,0.2082633674144745,0.23012582957744598,A549,4.0,gefitinib,10
2,0.159353107213974,0.0248547103255987,0.0,0.0,0.0,0.0,0.0,A549,4.0,gefitinib,10
3,0.0007759352447465,0.0002002882538363,0.2925286889076233,0.3810410797595978,0.18575559556484222,0.34845712780952454,0.3810410797595978,A549,4.0,gefitinib,10
4,0.2842148840427398,0.0460007339715957,0.2619331181049347,0.4746033251285553,0.06984133273363113,0.3256734311580658,0.36814743280410767,A549,4.0,gefitinib,10
5,0.2076906114816665,0.0045434371568262,0.12265267223119736,0.2693207263946533,0.033561091870069504,0.1563989669084549,0.18557031452655792,A549,4.0,gefitinib,10
6,0.0938718989491462,0.0083744311705231,0.06078042834997177,0.2275693416595459,0.0001177058948087506,0.09178868681192398,0.11367881298065186,A549,4.0,gefitinib,10
7,0.1984386295080185,0.0053504891693592,0.06833171099424362,0.12161218374967575,0.021435735747218132,0.08499135822057724,0.0970163345336914,A549,4.0,gefitinib,10
8,0.302276998758316,0.0165231935679912,0.21010717749595642,0.3503103256225586,0.09081844985485077,0.2568821907043457,0.2928607761859894,A549,4.0,gefitinib,10
9,0.2685495018959045,0.0080620842054486,0.1700180470943451,0.32960885763168335,0.005773258861154318,0.21002919971942902,0.2345605343580246,A549,4.0,gefitinib,10
10,0.2033338248729705,0.007183426991105,0.10861771553754807,0.23623748123645782,0.02237011305987835,0.13884702324867249,0.1612287014722824,A549,4.0,gefitinib,10
11,0.0001512426824774,3.945409116568044e-05,0.0,0.0,0.0,0.0,0.0,A549,4.0,gefitinib,10
12,0.140134185552597,0.0179014112800359,0.07531002163887024,0.2500225007534027,0.00022304440790321678,0.11788088083267212,0.1476481854915619,A549,4.0,gefitinib,10
13,0.0084235137328505,0.001969868550077,0.1217171922326088,0.2900634706020355,0.002772568492218852,0.180814728140831,0.21990853548049927,A549,4.0,gefitinib,10
14,0.0014461354585364,0.0001990871678572,0.03796471282839775,0.06749937683343887,0.008367495611310005,0.059773851186037064,0.06706710159778595,A549,4.0,gefitinib,10
1,0.1380016356706619,0.0077395727857947,0.06504027545452118,0.2247583270072937,0.0015085729537531734,0.09076471626758575,0.1093861386179924,A549,4.0,gefitinib,11
2,0.0464242808520793,0.0088122384622693,0.19195255637168884,0.36168545484542847,0.09526556730270386,0.24936237931251526,0.2853623330593109,A549,4.0,gefitinib,11
3,0.1655131727457046,0.0081036891788244,0.10400625318288803,0.18629547953605652,0.04338247701525688,0.12722846865653992,0.14324049651622772,A549,4.0,gefitinib,11
4,0.1213727965950965,0.0038105391431599,0.0882292166352272,0.2387028932571411,0.003242151578888297,0.1238902285695076,0.14560535550117493,A549,4.0,gefitinib,11
5,0.189504399895668,0.010315753519535,0.08475273102521896,0.15635228157043457,0.00710186967626214,0.11531747877597809,0.12551060318946838,A549,4.0,gefitinib,11
6,0.1603218019008636,0.004445178899914,0.06374116986989975,0.14265330135822296,0.002340389182791114,0.08341751247644424,0.09671680629253387,A549,4.0,gefitinib,11
7,0.043426152318716,0.0021017333492636,0.02276535890996456,0.10244052857160568,0.0003141237248200923,0.03871859610080719,0.05239374563097954,A549,4.0,gefitinib,11
8,0.0855949893593788,0.0098331170156598,0.10920494049787521,0.348492830991745,0.004080458544194698,0.16824041306972504,0.2122727632522583,A549,4.0,gefitinib,11
9,0.1099119037389755,0.0059143346734344,0.08073538541793823,0.263245165348053,0.0006190772401168942,0.119267538189888,0.1480826586484909,A549,4.0,gefitinib,11
10,0.0812099054455757,0.0060400329530239,0.03324570879340172,0.09015113860368729,0.00043194094905629754,0.04986663535237312,0.0629703551530838,A549,4.0,gefitinib,11
11,0.0100089246407151,0.0005549493362195,0.01571858860552311,0.041158292442560196,0.0003715278871823102,0.024885619059205055,0.03303566202521324,A549,4.0,gefitinib,11
12,5.940139089943841e-05,4.730835371447029e-06,0.025250643491744995,0.025250643491744995,0.025250643491744995,0.025250643491744995,0.025250643491744995,A549,4.0,gefitinib,11
13,0.0083048893138766,0.0014076761435717,0.04236818477511406,0.14802365005016327,0.002984495833516121,0.06643540412187576,0.08770007640123367,A549,4.0,gefitinib,11
14,0.153321161866188,0.0344685055315494,0.19577832520008087,0.3603423833847046,0.03267218917608261,0.26530036330223083,0.3047148287296295,A549,4.0,gefitinib,11
15,0.003574336413294,0.0007582168327644,0.12877900898456573,0.25224074721336365,0.057965539395809174,0.1811528503894806,0.2208455353975296,A549,4.0,gefitinib,11
16,4.112562692171196e-06,5.644771476909227e-07,0.0,0.0,0.0,0.0,0.0,A549,4.0,gefitinib,11
1,0.1591564118862152,0.0400037467479705,0.3315562307834625,0.5828061699867249,0.007700393442064524,0.4183235168457031,0.4618542492389679,A549,4.0,gefitinib,12
2,0.1228991597890853,0.0157709345221519,0.12547864019870758,0.4386497735977173,0.0010482240468263626,0.1845548301935196,0.23227906227111816,A549,4.0,gefitinib,12
3,0.0418804995715618,0.008689584210515,0.18822522461414337,0.4511615037918091,0.02524024248123169,0.26170656085014343,0.3122749924659729,A549,4.0,gefitinib,12
4,0.1460207551717758,0.0055417963303625,0.05977450683712959,0.15939772129058838,0.0018333124462515116,0.08296873420476913,0.09955860674381256,A549,4.0,gefitinib,12
5,0.1507485806941986,0.022065894678235,0.23230977356433868,0.46194714307785034,0.0006693009636364877,0.3013661503791809,0.3431507647037506,A549,4.0,gefitinib,12
6,0.120873361825943,0.0113440258428454,0.0390559583902359,0.09951616823673248,0.0012696186313405633,0.054636742919683456,0.06542842090129852,A549,4.0,gefitinib,12
7,0.0002547842450439,6.631681026192382e-05,0.156081885099411,0.20325392484664917,0.10890986025333405,0.20325392484664917,0.20325392484664917,A549,4.0,gefitinib,12
8,0.0859727561473846,0.0113311801105737,0.07229594886302948,0.18519578874111176,0.005467491690069437,0.10728120803833008,0.13084794580936432,A549,4.0,gefitinib,12
9,0.0600827001035213,0.0099045243114233,0.05857032164931297,0.22390641272068024,0.00019332324154675007,0.08985919505357742,0.11087121069431305,A549,4.0,gefitinib,12
10,0.1800899356603622,0.020504456013441,0.08830159157514572,0.24208040535449982,0.0016426356742158532,0.12254078686237335,0.14188261330127716,A549,4.0,gefitinib,12
11,0.0809491276741027,0.0078675961121916,0.0645408034324646,0.26213130354881287,0.00011544193694135174,0.10025759786367416,0.132389098405838,A549,4.0,gefitinib,12
12,0.0012583105126395,0.0002564091118983,0.057974595576524734,0.13380496203899384,0.0029096498619765043,0.09410978108644485,0.11427104473114014,A549,4.0,gefitinib,12
13,0.0593597888946533,0.006628911010921,0.04021437466144562,0.12092646956443787,0.0001449639821657911,0.061689481139183044,0.07723255455493927,A549,4.0,gefitinib,12
1,0.0676515847444534,0.004009798169136,0.05391689017415047,0.13219568133354187,0.00029889849247410893,0.07245442271232605,0.0848705992102623,A549,4.0,gefitinib,13
2,0.0042860810644924,0.0010414938442409,0.21240365505218506,0.29908281564712524,0.1556149125099182,0.2524144649505615,0.29908281564712524,A549,4.0,gefitinib,13
3,0.1606254577636718,0.007919174619019,0.08940371125936508,0.18244025111198425,0.0021797604858875275,0.11602991074323654,0.13455507159233093,A549,4.0,gefitinib,13
4,0.0133737893775105,0.0025509386323392,0.09112469106912613,0.34012851119041443,0.0049410248175263405,0.14015579223632812,0.1776762455701828,A549,4.0,gefitinib,13
5,0.0198911130428314,0.0045407344587147,0.1230848953127861,0.29781875014305115,0.002457947004586458,0.18750789761543274,0.23384104669094086,A549,4.0,gefitinib,13
6,0.0069319959729909,0.0019249619217589,0.33035582304000854,0.35713207721710205,0.30357956886291504,0.35713207721710205,0.35713207721710205,A549,4.0,gefitinib,13
7,0.0273088682442903,0.0048150029033422,0.09658248722553253,0.28582531213760376,0.0018334647174924612,0.14615128934383392,0.1769968718290329,A549,4.0,gefitinib,13
8,0.1247062012553215,0.0048323888331651,0.042029425501823425,0.13425515592098236,0.0009128080564551055,0.06330210715532303,0.07666126638650894,A549,4.0,gefitinib,13
9,0.0843129605054855,0.0046094870194792,0.04084932431578636,0.12263955175876617,8.909754251362756e-05,0.06193852424621582,0.0783701241016388,A549,4.0,gefitinib,13
10,0.0031039060559123,0.0005837035714648,0.11512698978185654,0.2716009318828583,0.017715618014335632,0.16629742085933685,0.2069031149148941,A549,4.0,gefitinib,13
1,0.3246445953845978,0.0225673634558916,0.2707465887069702,0.48140689730644226,0.0337316170334816,0.35379719734191895,0.399488240480423,A549,4.0,gefitinib,14
2,0.0525045208632946,0.0060642450116574,0.06112619861960411,0.20824545621871948,0.0011484380811452866,0.09552717953920364,0.12443803995847702,A549,4.0,gefitinib,14
3,0.2296352386474609,0.0095093874260783,0.12163082510232925,0.24424374103546143,0.04175505042076111,0.15279561281204224,0.1819237619638443,A549,4.0,gefitinib,14
4,0.3492335379123688,0.0238878633826971,0.2372387796640396,0.4901363253593445,0.05895403027534485,0.31052401661872864,0.36125731468200684,A549,4.0,gefitinib,14
5,0.2661129832267761,0.0149812819436192,0.14558029174804688,0.30377626419067383,0.0007875259616412222,0.18770954012870789,0.212893545627594,A549,4.0,gefitinib,14
6,0.1562531143426895,0.0016910799313336,0.10814908891916275,0.1764001101255417,0.05565076321363449,0.1282019466161728,0.14383457601070404,A549,4.0,gefitinib,14
7,0.2187291532754898,0.0104423286393284,0.18139460682868958,0.3264087438583374,0.06445363163948059,0.2318737506866455,0.261952668428421,A549,4.0,gefitinib,14
8,0.1798508018255233,0.0059479000046849,0.05255788937211037,0.11906329542398453,0.007684375625103712,0.07041818648576736,0.0803808942437172,A549,4.0,gefitinib,14
9,0.2508584260940552,0.04059724137187,0.27827155590057373,0.6612194180488586,0.013838405720889568,0.366703063249588,0.4221729040145874,A549,4.0,gefitinib,14
10,0.2644393444061279,0.0093243634328246,0.1363503783941269,0.2875839173793793,0.027824917808175087,0.17749856412410736,0.2061351090669632,A549,4.0,gefitinib,14
11,0.1263132393360138,0.0105912741273641,0.07340104132890701,0.22377900779247284,0.0026468364521861076,0.10811080783605576,0.13256965577602386,A549,4.0,gefitinib,14
12,0.2679001092910766,0.011037578806281,0.19064365327358246,0.36078310012817383,0.035832542926073074,0.23783747851848602,0.27062931656837463,A549,4.0,gefitinib,14
13,0.1181213557720184,0.0141580766066908,0.07373678684234619,0.22115708887577057,0.000885816931258887,0.10871222615242004,0.13392412662506104,A549,4.0,gefitinib,14
1,0.198347121477127,0.0220702718943357,0.11327208578586578,0.3254234194755554,0.004332125652581453,0.16054636240005493,0.19672848284244537,A549,4.0,gefitinib,15
2,0.3568201065063476,0.0279220361262559,0.2524915635585785,0.4997868537902832,0.060266248881816864,0.31715667247772217,0.358877956867218,A549,4.0,gefitinib,15
3,0.3458732366561889,0.0210679173469543,0.19404669106006622,0.3378208577632904,0.039408959448337555,0.23060226440429688,0.25443020462989807,A549,4.0,gefitinib,15
4,0.1878696531057357,0.0044757025316357,0.07580343633890152,0.15204769372940063,0.031498804688453674,0.09215313196182251,0.10555019229650497,A549,4.0,gefitinib,15
5,0.4191484451293945,0.0072446935810148,0.20414935052394867,0.32228532433509827,0.11706922203302383,0.24038013815879822,0.2633792459964752,A549,4.0,gefitinib,15
6,0.0062175351195037,0.0017951370682567,0.2663264572620392,0.3181321620941162,0.217939093708992,0.3049107789993286,0.3181321620941162,A549,4.0,gefitinib,15
7,0.0011205392656847,0.0003221692459192,0.2513939142227173,0.2675454020500183,0.23524245619773865,0.2675454020500183,0.2675454020500183,A549,4.0,gefitinib,15
8,0.132824569940567,0.0037456487771123,0.0804164707660675,0.1525207906961441,0.001945993979461491,0.10730622708797455,0.12286417186260223,A549,4.0,gefitinib,15
9,0.1509329974651336,0.0064642964862287,0.05351278930902481,0.15635105967521667,0.0004917457699775696,0.07716429233551025,0.09352072328329086,A549,4.0,gefitinib,15
10,0.0772003903985023,0.0064885294996201,0.043325234204530716,0.11536063253879547,0.0003263501566834748,0.0691182017326355,0.08428216725587845,A549,4.0,gefitinib,15
1,0.0300329644232988,0.0013877452583983,0.04004442319273949,0.14674097299575806,0.00016188292647711933,0.06216805800795555,0.08017117530107498,A549,4.0,gefitinib,2
2,0.1800960302352905,0.0050268974155187,0.12235866487026215,0.19120430946350098,0.0640387311577797,0.1405908316373825,0.1520388424396515,A549,4.0,gefitinib,2
3,0.1078464984893798,0.0022995667532086,0.06576182693243027,0.16396571695804596,0.00469866581261158,0.08463726192712784,0.0971149131655693,A549,4.0,gefitinib,2
4,0.1291484385728836,0.011552607640624,0.14917339384555817,0.35476386547088623,0.005667256657034159,0.20524954795837402,0.25072821974754333,A549,4.0,gefitinib,2
1,0.2895159721374511,0.013315693475306,0.19587551057338715,0.34762895107269287,0.03360985592007637,0.24411801993846893,0.2737284004688263,A549,4.0,gefitinib,3
2,0.1454096436500549,0.0039495406672358,0.0982091873884201,0.23147135972976685,0.0025631531607359648,0.1295754760503769,0.15253946185112,A549,4.0,gefitinib,3
3,0.1951455920934677,0.0077239517122507,0.08079671859741211,0.19763624668121338,0.003268537111580372,0.1047816202044487,0.12157046049833298,A549,4.0,gefitinib,3
4,0.2757619619369507,0.0076343487016856,0.18839146196842194,0.3245837986469269,0.06548066437244415,0.2292531579732895,0.25581076741218567,A549,4.0,gefitinib,3
5,0.2084580659866333,0.0099952081218361,0.15577568113803864,0.3690168261528015,0.01564319059252739,0.20869532227516174,0.24441103637218475,A549,4.0,gefitinib,3
6,0.1205048561096191,0.0146174691617488,0.16691461205482483,0.4913144111633301,0.0020904364064335823,0.2401084452867508,0.284783273935318,A549,4.0,gefitinib,3
7,0.0872442796826362,0.0077908616513013,0.04970010742545128,0.1519143283367157,0.0015157024608924985,0.0776984691619873,0.10468804836273193,A549,4.0,gefitinib,3
8,0.0150842452421784,0.0035434970632195,0.23091867566108704,0.38749077916145325,0.09477175772190094,0.29177945852279663,0.3339634835720062,A549,4.0,gefitinib,3
9,0.0067709847353398,0.0014923813287168,0.17022041976451874,0.4338154196739197,0.002870983676984906,0.2348048985004425,0.26823318004608154,A549,4.0,gefitinib,3
10,0.0030904621817171,0.0007864361396059,0.235677570104599,0.3708399534225464,0.11910905689001083,0.29550492763519287,0.3354787826538086,A549,4.0,gefitinib,3
1,0.0014395462349057,0.0003944540512748,0.18788999319076538,0.30147722363471985,0.06977471709251404,0.23603300750255585,0.2625884413719177,A549,4.0,gefitinib,4
2,0.1016239151358604,0.0142572717741131,0.06868426501750946,0.19983485341072083,0.00010308535274816677,0.10032609850168228,0.12176638841629028,A549,4.0,gefitinib,4
3,0.1766327768564224,0.0099279955029487,0.07102092355489731,0.21440711617469788,0.0005040748510509729,0.09964881837368011,0.12055712193250656,A549,4.0,gefitinib,4
4,0.1611925065517425,0.0056571434251964,0.06072819232940674,0.14736537635326385,0.00284434761852026,0.08288440853357315,0.09728026390075684,A549,4.0,gefitinib,4
5,0.1034203097224235,0.0037623504176735,0.08947410434484482,0.21474210917949677,0.0001929522113641724,0.12290084362030029,0.14723478257656097,A549,4.0,gefitinib,4
6,0.0350030846893787,0.0059276265092194,0.05492829158902168,0.23975981771945953,0.0005069889011792839,0.0871603861451149,0.11395448446273804,A549,4.0,gefitinib,4
7,0.0207307506352663,0.0055006756447255,0.23968079686164856,0.5106685161590576,0.04951268434524536,0.32976800203323364,0.3828830420970917,A549,4.0,gefitinib,4
1,0.063764676451683,0.0067931739613413,0.056225720793008804,0.23113983869552612,0.0008962620049715042,0.08501669764518738,0.10962093621492386,A549,4.0,gefitinib,5
2,0.0786764025688171,0.0100155603140592,0.08585471659898758,0.2732385993003845,0.000829606200568378,0.12619391083717346,0.15583954751491547,A549,4.0,gefitinib,5
3,0.0809345915913581,0.0139046972617506,0.15218117833137512,0.439095139503479,0.0023579816333949566,0.2159501612186432,0.26157501339912415,A549,4.0,gefitinib,5
4,0.2324202209711074,0.0121673690155148,0.20605772733688354,0.35670050978660583,0.06666819751262665,0.25159576535224915,0.2820705473423004,A549,4.0,gefitinib,5
5,0.0470891669392585,0.0130647337064147,0.2958451807498932,0.4829554855823517,0.026765447109937668,0.36990511417388916,0.40916019678115845,A549,4.0,gefitinib,5
6,0.1601592898368835,0.0055867289192974,0.060144681483507156,0.13463322818279266,0.003870008047670126,0.07790403813123703,0.09140564501285553,A549,4.0,gefitinib,5
7,0.2039491683244705,0.0134198041632771,0.07331626117229462,0.1685868501663208,0.008854653686285019,0.09840577095746994,0.11667946726083755,A549,4.0,gefitinib,5
8,0.2073281407356262,0.0337694883346557,0.13227936625480652,0.3023976683616638,0.014861279167234898,0.17645984888076782,0.20519553124904633,A549,4.0,gefitinib,5
9,0.2188220769166946,0.0111498134210705,0.10130032896995544,0.2539080083370209,0.00051212398102507,0.14349758625030518,0.17297722399234772,A549,4.0,gefitinib,5
10,0.1887993514537811,0.0199895426630973,0.17520356178283691,0.4093514084815979,0.0034637744538486004,0.24329909682273865,0.2870742976665497,A549,4.0,gefitinib,5
11,0.1006672009825706,0.0094195939600467,0.05195325240492821,0.15018130838871002,0.0013730141799896955,0.07764928042888641,0.09416444599628448,A549,4.0,gefitinib,5
12,0.102465696632862,0.0155966430902481,0.19647693634033203,0.4180741012096405,0.006042880937457085,0.26590925455093384,0.3031438887119293,A549,4.0,gefitinib,5
1,0.084786333143711,0.0088456431403756,0.060956962406635284,0.17299696803092957,0.00014472160546574742,0.09231023490428925,0.1167217493057251,A549,4.0,gefitinib,6
2,0.1162389889359474,0.0141611900180578,0.11016013473272324,0.2898695170879364,0.0005614820402115583,0.1547873318195343,0.18240566551685333,A549,4.0,gefitinib,6
3,0.1063175871968269,0.0121333366259932,0.07422489672899246,0.19439390301704407,0.0010388116352260113,0.10868030786514282,0.13084332644939423,A549,4.0,gefitinib,6
4,0.0911283120512962,0.0095677999779582,0.04066597670316696,0.14824655652046204,6.077828220441006e-05,0.06280739605426788,0.07798416167497635,A549,4.0,gefitinib,6
5,0.2164204716682434,0.0274038612842559,0.23349004983901978,0.5353752970695496,0.015425643883645535,0.30893972516059875,0.35632985830307007,A549,4.0,gefitinib,6
6,0.1509421616792678,0.0103978123515844,0.055071745067834854,0.16032443940639496,0.0010785780614241958,0.08160485327243805,0.10275626927614212,A549,4.0,gefitinib,6
7,0.1005955263972282,0.0159124415367841,0.10148627310991287,0.29070326685905457,0.0015314548509195447,0.15015622973442078,0.1781442016363144,A549,4.0,gefitinib,6
8,0.1138459667563438,0.0082154562696814,0.07126259803771973,0.20059329271316528,0.0007254154188558459,0.10361984372138977,0.12453736364841461,A549,4.0,gefitinib,6
9,0.1526123732328415,0.0196433290839195,0.040767379105091095,0.12530732154846191,0.0002406381390755996,0.062199681997299194,0.07748459279537201,A549,4.0,gefitinib,6
1,0.0045909197069704,0.00107263692189,0.1481715589761734,0.29975855350494385,0.03227635845541954,0.2046225219964981,0.24155664443969727,A549,4.0,gefitinib,7
2,0.2096721827983856,0.0057123801670968,0.07252972573041916,0.14381417632102966,0.026381734758615494,0.08893698453903198,0.10086329281330109,A549,4.0,gefitinib,7
3,0.2315217554569244,0.0108715808019042,0.12437456101179123,0.2368277758359909,0.024845099076628685,0.15520839393138885,0.174105703830719,A549,4.0,gefitinib,7
4,0.0330427400767803,0.0063689183443784,0.04722718521952629,0.11392177641391754,0.0004323278844822198,0.07091475278139114,0.09098543226718903,A549,4.0,gefitinib,7
5,0.2423378229141235,0.0143064185976982,0.1432790756225586,0.3345331847667694,2.0491408577072434e-05,0.19575241208076477,0.23201261460781097,A549,4.0,gefitinib,7
6,0.0431296415627002,0.0114002898335456,0.2591266334056854,0.4951937198638916,0.0007977213244885206,0.3424081802368164,0.3879740834236145,A549,4.0,gefitinib,7
7,0.2669461965560913,0.0179327726364135,0.18009598553180695,0.35791051387786865,0.0007847801316529512,0.24136140942573547,0.27821803092956543,A549,4.0,gefitinib,7
8,0.3364284634590149,0.0074493489228188,0.19267211854457855,0.2840985953807831,0.08656053990125656,0.22724135220050812,0.24957144260406494,A549,4.0,gefitinib,7
9,0.1316820234060287,0.0117132775485515,0.08642156422138214,0.272743284702301,0.0011188136413693428,0.12707076966762543,0.15752725303173065,A549,4.0,gefitinib,7
1,0.0079299258068203,0.0015476939734071,0.10558174550533295,0.32219231128692627,0.0026784047950059175,0.153601735830307,0.1994583159685135,A549,4.0,gefitinib,8
2,0.0502171926200389,0.002426792634651,0.04784850776195526,0.14657780528068542,0.00018145435024052858,0.07095695286989212,0.08569016307592392,A549,4.0,gefitinib,8
3,0.0699012279510498,0.0065160342492163,0.03801668435335159,0.1434716284275055,0.00018723617540672421,0.057777851819992065,0.07350436598062515,A549,4.0,gefitinib,8
4,0.0758518800139427,0.0165100768208503,0.1505517065525055,0.36017704010009766,0.004285892937332392,0.20899148285388947,0.24665561318397522,A549,4.0,gefitinib,8
5,0.1177020147442817,0.0074596623890101,0.06152123212814331,0.20963603258132935,0.0010074533056467772,0.08779456466436386,0.10657905042171478,A549,4.0,gefitinib,8
6,0.2835773527622223,0.0085406061261892,0.23453009128570557,0.42583581805229187,0.09170058369636536,0.29805082082748413,0.33035022020339966,A549,4.0,gefitinib,8
7,0.1438645720481872,0.0134145515039563,0.05115031450986862,0.1709633767604828,0.00037181205698288977,0.07406003028154373,0.09228871762752533,A549,4.0,gefitinib,8
8,0.0011635458795353,0.0004483832453843,0.0,0.0,0.0,0.0,0.0,A549,4.0,gefitinib,8
9,0.0531619675457477,0.0068188090808689,0.04410656541585922,0.14771591126918793,0.000662785314489156,0.0666680783033371,0.0828433558344841,A549,4.0,gefitinib,8
1,0.0637575387954711,0.0105063542723655,0.0822063535451889,0.23727776110172272,0.001391216996125877,0.1216832771897316,0.15016789734363556,A549,4.0,gefitinib,9
2,0.1610182374715805,0.0204982291907072,0.1483907848596573,0.343094140291214,0.006413345690816641,0.1973498910665512,0.2277756631374359,A549,4.0,gefitinib,9
3,0.0036393378395587,0.0008684605709277,0.21716924011707306,0.404048353433609,0.12252416461706161,0.270438015460968,0.3203565776348114,A549,4.0,gefitinib,9
4,0.0141691993921995,0.0038762164767831,0.2611396014690399,0.5291597247123718,0.10349627584218979,0.3199383020401001,0.3639451563358307,A549,4.0,gefitinib,9
5,0.1704738885164261,0.0135158030316233,0.06528859585523605,0.14059944450855255,0.005200347863137722,0.08591397106647491,0.09913976490497589,A549,4.0,gefitinib,9
6,0.1509307920932769,0.0295227766036987,0.0909462571144104,0.17707417905330658,0.023462282493710518,0.1143394485116005,0.12872177362442017,A549,4.0,gefitinib,9
7,0.0176252759993076,0.0024927509948611,0.036364540457725525,0.13467375934123993,0.00020836052135564387,0.05645516514778137,0.07100529968738556,A549,4.0,gefitinib,9
8,0.101183570921421,0.0254161488264799,0.243784561753273,0.48025745153427124,0.03160308301448822,0.310230553150177,0.354524165391922,A549,4.0,gefitinib,9
9,0.1186911538243293,0.0141097055748105,0.08772657811641693,0.21838095784187317,0.0036692535504698753,0.13076059520244598,0.16310249269008636,A549,4.0,gefitinib,9
10,0.3164139688014984,0.0157662443816661,0.1365794688463211,0.22790467739105225,0.05169425904750824,0.16211174428462982,0.17725346982479095,A549,4.0,gefitinib,9
11,0.0118886390700936,0.00259830057621,0.1849285066127777,0.4309319257736206,9.806943126022816e-05,0.2565753757953644,0.3105393946170807,A549,4.0,gefitinib,9
12,0.0225916169583797,0.0040660519152879,0.07798788696527481,0.2868155837059021,0.00037971686106175184,0.1201658844947815,0.15460392832756042,A549,4.0,gefitinib,9
13,0.0629060566425323,0.0045923306606709,0.02974124625325203,0.10854853689670563,7.777040445944294e-05,0.04795365408062935,0.060844916850328445,A549,4.0,gefitinib,9
14,0.0350123010575771,0.0080608250573277,0.18809296190738678,0.4155347943305969,0.0012304798001423478,0.2710200250148773,0.31371432542800903,A549,4.0,gefitinib,9
15,0.0072276066057384,0.001763905165717,0.16578534245491028,0.33526483178138733,0.01032351329922676,0.2299109250307083,0.2696479260921478,A549,4.0,gefitinib,9
1,0.1517468094825744,0.0047334777191281,0.07996787130832672,0.11881551891565323,0.04706759750843048,0.09490033984184265,0.10209193825721741,A549,4.0,osimertinib,0
2,0.3197891116142273,0.0123739959672093,0.15992625057697296,0.3515242636203766,0.03359375521540642,0.21562735736370087,0.2522587478160858,A549,4.0,osimertinib,0
3,0.0863541290163993,0.0075385230593383,0.055240534245967865,0.17080147564411163,0.0017212025122717023,0.08477240800857544,0.11153572797775269,A549,4.0,osimertinib,0
4,0.1612016856670379,0.0089428490027785,0.04438520967960358,0.10935991257429123,0.002497259993106127,0.060374900698661804,0.07114993035793304,A549,4.0,osimertinib,0
5,0.0727197378873825,0.006942861713469,0.048600438982248306,0.18023893237113953,2.5596615159884095e-05,0.07529965043067932,0.09809751808643341,A549,4.0,osimertinib,0
6,0.1483496874570846,0.0058387033641338,0.05599772930145264,0.12778857350349426,0.0004974660696461797,0.07769832015037537,0.09025772660970688,A549,4.0,osimertinib,0
7,0.1879495829343795,0.0047980067320168,0.07304634898900986,0.1588974893093109,0.0035316867288202047,0.09284694492816925,0.10586952418088913,A549,4.0,osimertinib,0
8,0.280492752790451,0.0039560357108712,0.23842869699001312,0.3499242663383484,0.10419733077287674,0.2731022536754608,0.28919926285743713,A549,4.0,osimertinib,0
9,0.2586947679519653,0.0136669594794511,0.18944151699543,0.38827821612358093,0.028064606711268425,0.2517325282096863,0.29128047823905945,A549,4.0,osimertinib,0
1,0.0480455420911312,0.0009100855677388,0.023912975564599037,0.0700187087059021,0.0031550924759358168,0.03401397541165352,0.04189668223261833,A549,4.0,osimertinib,1
2,3.348233440192416e-05,9.1984256869182e-06,0.0,0.0,0.0,0.0,0.0,A549,4.0,osimertinib,1
3,0.0081140734255313,0.0032148642931133,0.38895994424819946,0.5422775149345398,0.20961320400238037,0.4475695490837097,0.4757063388824463,A549,4.0,osimertinib,1
4,0.0632543861865997,0.0093321800231933,0.0,0.0,0.0,0.0,0.0,A549,4.0,osimertinib,1
5,0.0007943831151351,0.0002351972216274,0.319396048784256,0.4462139904499054,0.23481234908103943,0.3729519844055176,0.4279387891292572,A549,4.0,osimertinib,1
6,0.2901258170604706,0.0111834136769175,0.11932630836963654,0.20252801477909088,0.03143288567662239,0.1422402411699295,0.15775571763515472,A549,4.0,osimertinib,1
7,0.2708012461662292,0.0112046105787158,0.13064758479595184,0.27808380126953125,0.031546398997306824,0.16598904132843018,0.19123631715774536,A549,4.0,osimertinib,1
8,0.0827744901180267,0.0205160155892372,0.2707422375679016,0.5137044787406921,0.04178973287343979,0.34054428339004517,0.3847719430923462,A549,4.0,osimertinib,1
9,0.3150995373725891,0.0221022684127092,0.2716837525367737,0.5107090473175049,0.051998961716890335,0.330822229385376,0.3676411211490631,A549,4.0,osimertinib,1
10,0.1082011833786964,0.0060774898156523,0.03969215601682663,0.11414355784654617,0.0006374247022904456,0.05997626483440399,0.07489782571792603,A549,4.0,osimertinib,1
1,0.0213919319212436,0.0072929305024445,0.31721049547195435,0.5273347496986389,0.07477667927742004,0.4039432406425476,0.4514651894569397,A549,4.0,osimertinib,10
2,0.3065990209579468,0.005498802755028,0.0,0.0,0.0,0.0,0.0,A549,4.0,osimertinib,10
3,0.1093936339020729,0.0180563442409038,0.15787842869758606,0.3709506094455719,0.02060559205710888,0.2185724526643753,0.258259654045105,A549,4.0,osimertinib,10
4,0.0790357142686843,0.0085639338940382,0.07825252413749695,0.23580776154994965,0.00014618838031310588,0.11464367061853409,0.1396416276693344,A549,4.0,osimertinib,10
5,0.1158413365483284,0.0182302538305521,0.1591627448797226,0.47607672214508057,0.004479018971323967,0.22284090518951416,0.2660170793533325,A549,4.0,osimertinib,10
6,0.2516580820083618,0.0112357139587402,0.18419133126735687,0.32654106616973877,0.04088355228304863,0.23266346752643585,0.26069363951683044,A549,4.0,osimertinib,10
7,0.1499962955713272,0.0060835327021777,0.09212904423475266,0.24284949898719788,0.0025525311939418316,0.12267198413610458,0.14219628274440765,A549,4.0,osimertinib,10
8,0.1210663616657257,0.0514321252703666,0.45477691292762756,0.7552739381790161,0.04484173282980919,0.546100378036499,0.599227786064148,A549,4.0,osimertinib,10
9,0.1186210513114929,0.0066294213756918,0.07965391874313354,0.20746421813964844,0.00815383717417717,0.11193185299634933,0.13095900416374207,A549,4.0,osimertinib,10
10,0.3152472078800201,0.032881774008274,0.3161119520664215,0.610365629196167,0.029297444969415665,0.40316110849380493,0.4625684916973114,A549,4.0,osimertinib,10
1,0.0159102752804756,0.003512489143759,0.18613240122795105,0.3598081171512604,0.017196960747241974,0.23833701014518738,0.27097994089126587,A549,4.0,osimertinib,11
2,0.0964471921324729,0.0086817406117916,0.11488740891218185,0.24874946475028992,0.009511911310255527,0.16078147292137146,0.18874488770961761,A549,4.0,osimertinib,11
3,0.1851363778114318,0.0071139894425868,0.11441075056791306,0.25507664680480957,0.010530071333050728,0.1541118025779724,0.17815765738487244,A549,4.0,osimertinib,11
4,0.1230033338069915,0.0054229614324867,0.07026690244674683,0.15852965414524078,0.02147854119539261,0.08942928910255432,0.10341502726078033,A549,4.0,osimertinib,11
5,0.121663361787796,0.0054452777840197,0.06464777886867523,0.17526593804359436,0.0027746025007218122,0.09074848890304565,0.10985153168439865,A549,4.0,osimertinib,11
6,0.1350192725658416,0.0024325146805495,0.08564138412475586,0.1554604321718216,0.0155433164909482,0.10898350924253464,0.1258067637681961,A549,4.0,osimertinib,11
7,0.0650233775377273,0.0044626705348491,0.04995281621813774,0.22183723747730255,0.00026023335522040725,0.0766003280878067,0.09518913179636002,A549,4.0,osimertinib,11
8,0.1840926557779312,0.015944767743349,0.14524102210998535,0.4246194064617157,0.0038907192647457123,0.21402999758720398,0.2615150809288025,A549,4.0,osimertinib,11
9,0.1871369779109954,0.0055394833907485,0.0,0.0,0.0,0.0,0.0,A549,4.0,osimertinib,11
10,0.0750070586800575,0.0224791038781404,0.25175896286964417,0.49064356088638306,0.017506573349237442,0.32937711477279663,0.38328853249549866,A549,4.0,osimertinib,11
1,0.0592043027281761,0.0054837521165609,0.05312533304095268,0.1480923295021057,0.0022303550504148006,0.08105989545583725,0.10236823558807373,A549,4.0,osimertinib,12
2,0.0336091928184032,0.0007730877259746,0.01625661738216877,0.05013465881347656,3.0605624488089234e-05,0.024669138714671135,0.030910674482584,A549,4.0,osimertinib,12
3,0.4641631543636322,0.0634624883532524,0.554606020450592,0.800268292427063,0.2599863111972809,0.6447910666465759,0.6862770915031433,A549,4.0,osimertinib,12
4,0.2206273227930069,0.0211441498249769,0.13433633744716644,0.33771049976348877,0.0013424252392724156,0.18662463128566742,0.22726964950561523,A549,4.0,osimertinib,12
5,0.1216668039560318,0.0068952185101807,0.031026827171444893,0.09291107207536697,0.0005807229899801314,0.04946932569146156,0.06589636206626892,A549,4.0,osimertinib,12
6,0.1599942445755005,0.0102618262171745,0.04931832477450371,0.15805856883525848,0.0002727094106376171,0.07325234264135361,0.0908694937825203,A549,4.0,osimertinib,12
7,0.0798317566514015,0.0036649568937718,0.056191299110651016,0.15419986844062805,0.0011670803651213646,0.0829491838812828,0.09914542734622955,A549,4.0,osimertinib,12
8,0.1603857576847076,0.0154818529263138,0.08586994558572769,0.30550894141197205,0.0008013226906768978,0.12554973363876343,0.1576833575963974,A549,4.0,osimertinib,12
1,0.00372259109281,0.0008594237151555,0.20074589550495148,0.3086144030094147,0.13061241805553436,0.26221704483032227,0.3086144030094147,A549,4.0,osimertinib,13
2,0.0088750440627336,0.0020768556278198,0.2498352825641632,0.4071708917617798,0.1492699831724167,0.3271975815296173,0.3801266551017761,A549,4.0,osimertinib,13
3,0.2117647677659988,0.0131062120199203,0.17674247920513153,0.2855657637119293,0.061360251158475876,0.21615055203437805,0.2405785620212555,A549,4.0,osimertinib,13
4,0.1706402748823166,0.0046195778995752,0.07676530629396439,0.1396077573299408,0.006889526732265949,0.10285145044326782,0.11426196992397308,A549,4.0,osimertinib,13
5,0.0129957878962159,0.0044009736739099,0.31897252798080444,0.51401686668396,0.1103367879986763,0.3889579772949219,0.429310142993927,A549,4.0,osimertinib,13
6,0.0516880415380001,0.0012117756996303,0.029601003974676132,0.080681711435318,0.0006142247002571821,0.04439910501241684,0.053229525685310364,A549,4.0,osimertinib,13
7,0.1437058001756668,0.0032924774568527,0.0923839658498764,0.16660968959331512,0.014523826539516449,0.11423040926456451,0.12473572790622711,A549,4.0,osimertinib,13
8,0.1342370510101318,0.0116242216899991,0.08247487992048264,0.17555563151836395,0.001178057282231748,0.1127934455871582,0.13575488328933716,A549,4.0,osimertinib,13
9,0.1082949116826057,0.0025864944327622,0.0562346912920475,0.15158678591251373,2.2345489924191497e-05,0.07972975075244904,0.10058435797691345,A549,4.0,osimertinib,13
10,0.0556937977671623,0.0085078030824661,0.08521303534507751,0.30001965165138245,0.000665593019220978,0.13015179336071014,0.1672176718711853,A549,4.0,osimertinib,13
11,0.100071832537651,0.0101402597501873,0.10547171533107758,0.2439694106578827,0.005631402600556612,0.1500418782234192,0.17388582229614258,A549,4.0,osimertinib,13
12,0.1146335005760192,0.0131255174055695,0.10698812454938889,0.3410167098045349,0.0036450952757149935,0.16834835708141327,0.2233915776014328,A549,4.0,osimertinib,13
13,0.2260177880525589,0.0179028399288654,0.16383472084999084,0.31744280457496643,0.023793594911694527,0.20549267530441284,0.2288869023323059,A549,4.0,osimertinib,13
14,0.1044882088899612,0.0070175789296627,0.03592785820364952,0.11141020059585571,0.0004957516212016344,0.05592573061585426,0.07142890989780426,A549,4.0,osimertinib,13
1,0.0038923167157918,0.0018895234679803,0.47979915142059326,0.5298072099685669,0.3893631100654602,0.5158166885375977,0.5298072099685669,A549,4.0,osimertinib,14
2,0.1844316124916076,0.0084893014281988,0.09230954200029373,0.25127553939819336,0.027875393629074097,0.11828288435935974,0.13782846927642822,A549,4.0,osimertinib,14
3,0.3219367265701294,0.0156439989805221,0.24619480967521667,0.39765408635139465,0.07758421450853348,0.29328879714012146,0.3193221092224121,A549,4.0,osimertinib,14
4,0.0493104979395866,0.0026592845097184,0.028287917375564575,0.10986802726984024,7.250212365761399e-05,0.04478728026151657,0.057576581835746765,A549,4.0,osimertinib,14
5,0.090886116027832,0.0036556143313646,0.0339992456138134,0.09202343970537186,8.355135651072487e-05,0.04986413195729256,0.0605507455766201,A549,4.0,osimertinib,14
6,0.2409221529960632,0.0046951551921665,0.1841323971748352,0.2957991361618042,0.08555565774440765,0.2231626659631729,0.24167385697364807,A549,4.0,osimertinib,14
7,0.3727624714374542,0.0238656997680664,0.173368439078331,0.23631633818149567,0.09554499387741089,0.19864261150360107,0.2098204493522644,A549,4.0,osimertinib,14
8,0.3100301027297973,0.0143249109387397,0.237281933426857,0.45652368664741516,0.09156820178031921,0.2819661498069763,0.3208959698677063,A549,4.0,osimertinib,14
1,0.1385698467493057,0.0037209470756351,0.0857100561261177,0.18450064957141876,0.008632027544081211,0.11382517218589783,0.13264188170433044,A549,4.0,osimertinib,15
2,0.1593279093503952,0.004964352119714,0.07880374044179916,0.18090999126434326,0.0020979316905140877,0.1041589006781578,0.1238991767168045,A549,4.0,osimertinib,15
3,0.2231430858373642,0.0506513193249702,0.3545064330101013,0.6614381074905396,0.0684085264801979,0.4392138719558716,0.4955705404281616,A549,4.0,osimertinib,15
4,0.1548227220773697,0.015579710714519,0.058021556586027145,0.10781101137399673,0.007628733292222023,0.0817883163690567,0.0943358764052391,A549,4.0,osimertinib,15
5,0.2721796929836273,0.0551490224897861,0.44379812479019165,0.612440824508667,0.12334609776735306,0.5025525689125061,0.534487783908844,A549,4.0,osimertinib,15
6,0.1616642624139785,0.0123639525845646,0.07407243549823761,0.17694802582263947,0.023963261395692825,0.10195498913526535,0.12090004980564117,A549,4.0,osimertinib,15
7,0.0662913843989372,0.0088287750259041,0.10837291181087494,0.29258057475090027,0.003983103670179844,0.15812474489212036,0.19825787842273712,A549,4.0,osimertinib,15
8,0.3094366192817688,0.0159659627825021,0.09143707156181335,0.2174665480852127,0.03306853771209717,0.11944618076086044,0.14798441529273987,A549,4.0,osimertinib,15
9,0.2841198146343231,0.0287710446864366,0.12121441215276718,0.263286292552948,0.012999695725739002,0.15357606112957,0.17463403940200806,A549,4.0,osimertinib,15
1,0.0806283056735992,0.0066952770575881,0.06445643305778503,0.20831243693828583,0.0009258511709049344,0.09626906365156174,0.1192091852426529,A549,4.0,osimertinib,2
2,0.2516602873802185,0.0065160505473613,0.15023861825466156,0.23924782872200012,0.07628130912780762,0.17301635444164276,0.1883763074874878,A549,4.0,osimertinib,2
3,0.1424143016338348,0.0036519644781947,0.04208754748106003,0.09255535155534744,0.0008932972559705377,0.05416513606905937,0.0615198016166687,A549,4.0,osimertinib,2
4,0.1421910375356674,0.0181302409619092,0.08856379985809326,0.26664331555366516,0.0026200637221336365,0.12189887464046478,0.14624957740306854,A549,4.0,osimertinib,2
5,0.1139866039156913,0.0264363884925842,0.27876439690589905,0.5625492334365845,0.026838921010494232,0.3623237609863281,0.4165564477443695,A549,4.0,osimertinib,2
6,0.4165182113647461,0.0152367949485778,0.367374986410141,0.6877854466438293,0.14762553572654724,0.45072153210639954,0.5234578847885132,A549,4.0,osimertinib,2
7,0.2367409765720367,0.0376265533268451,0.26163673400878906,0.5327469110488892,0.022201579064130783,0.334801584482193,0.3855900168418884,A549,4.0,osimertinib,2
8,0.2105783820152282,0.0518478229641914,0.34505221247673035,0.5366356372833252,0.10189970582723618,0.4090903699398041,0.44697389006614685,A549,4.0,osimertinib,2
1,0.0796242803335189,0.0078869741410017,0.04582362622022629,0.18596000969409943,1.1022420949302614e-05,0.07116103172302246,0.0926104262471199,A549,4.0,osimertinib,3
2,0.2202323824167251,0.0104926861822605,0.12098749727010727,0.3461012840270996,0.019896574318408966,0.15968728065490723,0.18967971205711365,A549,4.0,osimertinib,3
3,0.214501142501831,0.0458094850182533,0.3183094263076782,0.5501745343208313,0.016420535743236542,0.41055789589881897,0.4653056561946869,A549,4.0,osimertinib,3
4,0.0056503373198211,0.0015024358872324,0.2122780829668045,0.2641048729419708,0.14572195708751678,0.2517780363559723,0.2641048729419708,A549,4.0,osimertinib,3
5,0.1360255777835846,0.0111628789454698,0.14488574862480164,0.31831198930740356,0.0019470644183456898,0.19471481442451477,0.22088834643363953,A549,4.0,osimertinib,3
6,0.1517159640789032,0.0163148827850818,0.08245804905891418,0.22319422662258148,0.002573334611952305,0.11622320115566254,0.1404670625925064,A549,4.0,osimertinib,3
7,0.0635671839118003,0.0071051209233701,0.0610262006521225,0.21317645907402039,0.0035418469924479723,0.09166517853736877,0.11455279588699341,A549,4.0,osimertinib,3
1,0.0972160249948501,0.0031283793505281,0.04470870643854141,0.12808829545974731,5.023551784688607e-05,0.06135423853993416,0.07162662595510483,A549,4.0,osimertinib,4
2,0.2311645597219467,0.0178425051271915,0.13841643929481506,0.2965584397315979,0.0103225102648139,0.18142761290073395,0.20789146423339844,A549,4.0,osimertinib,4
3,0.1067907214164733,0.0098516652360558,0.08152297139167786,0.2550077438354492,2.02817827812396e-05,0.11833000928163528,0.1436992883682251,A549,4.0,osimertinib,4
4,0.428742915391922,0.025091553106904,0.24402311444282532,0.37694859504699707,0.1521761566400528,0.2765021026134491,0.30172452330589294,A549,4.0,osimertinib,4
5,0.2357488721609115,0.0055952938273549,0.15307551622390747,0.27476927638053894,0.051385339349508286,0.18659791350364685,0.20817221701145172,A549,4.0,osimertinib,4
6,0.41346275806427,0.0190603248775005,0.25836220383644104,0.4344578981399536,0.053809911012649536,0.31497031450271606,0.357759028673172,A549,4.0,osimertinib,4
1,0.0015254653990268,0.0003267480060458,0.09407597780227661,0.12615175545215607,0.04693746566772461,0.12615175545215607,0.12615175545215607,A549,4.0,osimertinib,6
2,0.0063390713185071,0.0007147015421651,0.03653869777917862,0.058685626834630966,0.011086476035416126,0.05131472274661064,0.058685626834630966,A549,4.0,osimertinib,6
3,0.2730861902236938,0.0460693798959255,0.3473646342754364,0.5035596489906311,0.1796281337738037,0.4164549708366394,0.44850829243659973,A549,4.0,osimertinib,6
4,0.1536833345890045,0.0084362905472517,0.054403260350227356,0.10331626236438751,0.00934961810708046,0.06954916566610336,0.07803495228290558,A549,4.0,osimertinib,6
5,0.2021004855632782,0.0155501412227749,0.12050098180770874,0.23978741466999054,0.0005416179192252457,0.1517045944929123,0.17077423632144928,A549,4.0,osimertinib,6
6,0.1168656349182128,0.0055566425435245,0.02423679456114769,0.05162675678730011,0.0025318930856883526,0.03586631640791893,0.044893477112054825,A549,4.0,osimertinib,6
7,0.1360542178153991,0.0022918994072824,0.04249691218137741,0.06495387852191925,0.025270476937294006,0.04963598772883415,0.05537858605384827,A549,4.0,osimertinib,6
8,0.1752137988805771,0.0053285504691302,0.14554110169410706,0.35425397753715515,0.004633558914065361,0.1995275616645813,0.23044951260089874,A549,4.0,osimertinib,6
9,0.18154177069664,0.0139422034844756,0.031132221221923828,0.07695861160755157,0.0027063016314059496,0.04458415508270264,0.05317430943250656,A549,4.0,osimertinib,6
10,0.0516857206821441,0.0107139348983764,0.11575064808130264,0.34577852487564087,0.003395486157387495,0.16860350966453552,0.2063920795917511,A549,4.0,osimertinib,6
11,0.0823907926678657,0.0014938781969249,0.0371435210108757,0.08699344098567963,0.005068665836006403,0.049097880721092224,0.056645672768354416,A549,4.0,osimertinib,6
1,0.1627469509840011,0.0122901825234293,0.07677319645881653,0.15675897896289825,0.013870765455067158,0.09959497302770615,0.11331171542406082,A549,4.0,osimertinib,7
2,0.1042887419462204,0.0072189676575362,0.05475028231739998,0.17302435636520386,0.0010449148248881102,0.0774955302476883,0.0917220488190651,A549,4.0,osimertinib,7
3,0.0084564806893467,0.0016893997089937,0.16594325006008148,0.19831538200378418,0.12992408871650696,0.19667723774909973,0.19831538200378418,A549,4.0,osimertinib,7
4,0.0229647103697061,0.0063135605305433,0.14707180857658386,0.27737560868263245,0.012906230054795742,0.2094440907239914,0.24070417881011963,A549,4.0,osimertinib,7
5,0.0234710201621055,0.0063997828401625,0.24780207872390747,0.4363779127597809,0.059038177132606506,0.31125059723854065,0.34900379180908203,A549,4.0,osimertinib,7
6,0.2044869661331176,0.0091584371402859,0.08840171247720718,0.13379080593585968,0.03232908248901367,0.10657116025686264,0.11720137298107147,A549,4.0,osimertinib,7
7,0.0203632321208715,0.0050460137426853,0.2222495824098587,0.4377690851688385,0.015746938064694405,0.2933080494403839,0.34307363629341125,A549,4.0,osimertinib,7
8,0.0159351043403148,0.0035621565766632,0.19150981307029724,0.42902320623397827,0.0002582251909188926,0.26222535967826843,0.3129904568195343,A549,4.0,osimertinib,7
9,0.0102054886519908,0.002554737497121,0.21003009378910065,0.44815436005592346,0.008244908414781094,0.2892269194126129,0.3352597951889038,A549,4.0,osimertinib,7
10,0.2702392041683197,0.0143720395863056,0.11567260324954987,0.28618037700653076,0.0010921551147475839,0.15372058749198914,0.18171639740467072,A549,4.0,osimertinib,7
1,0.0895178690552711,0.0010893075959756,0.07232788950204849,0.13696563243865967,0.01778755709528923,0.08901452273130417,0.09922882169485092,A549,4.0,osimertinib,8
2,0.1101926565170288,0.0029169572517275,0.04675847664475441,0.15402181446552277,0.0013211609330028296,0.06325685977935791,0.07657411694526672,A549,4.0,osimertinib,8
3,0.1111577004194259,0.0013163263211026,0.07489344477653503,0.12530812621116638,0.026169564574956894,0.09180685877799988,0.10276983678340912,A549,4.0,osimertinib,8
4,0.3156355023384094,0.0441287048161029,0.064772829413414,0.11996467411518097,0.01629955880343914,0.08368479460477829,0.09446444362401962,A549,4.0,osimertinib,8
5,0.0722652226686477,0.0173014085739851,0.2610800862312317,0.46408191323280334,0.005485875066369772,0.3333689868450165,0.380435585975647,A549,4.0,osimertinib,8
6,0.0999078005552291,0.013055988587439,0.1515413224697113,0.39707499742507935,0.0009580417536199093,0.2220817655324936,0.26511847972869873,A549,4.0,osimertinib,8
7,0.1876247823238372,0.0062096575275063,0.09293165057897568,0.24266500771045685,0.00018774066120386124,0.131168931722641,0.1582234799861908,A549,4.0,osimertinib,8
8,0.0456599593162536,0.0044425171799957,0.03364359587430954,0.1318371742963791,0.00021405871666502208,0.05342148616909981,0.06925767660140991,A549,4.0,osimertinib,8
1,0.1348512917757034,0.0307505466043949,0.18048624694347382,0.40392550826072693,0.0007161304238252342,0.24494780600070953,0.28227975964546204,A549,4.0,osimertinib,9
2,0.0667307823896408,0.0050487839616835,0.02555282600224018,0.0792183056473732,0.0002728801337070763,0.03881728649139404,0.04837629571557045,A549,4.0,osimertinib,9
3,0.0452277809381485,0.0077254991047084,0.12641531229019165,0.3538177013397217,0.003615884343162179,0.1866275668144226,0.22818021476268768,A549,4.0,osimertinib,9
4,0.1770025491714477,0.0156284011900424,0.15821734070777893,0.391852468252182,0.01886613667011261,0.21700768172740936,0.2616211771965027,A549,4.0,osimertinib,9
5,0.1066924780607223,0.0225635729730129,0.14480938017368317,0.34362268447875977,0.004490292631089687,0.19657060503959656,0.22897715866565704,A549,4.0,osimertinib,9
6,0.1689950227737426,0.0062045687809586,0.09931354224681854,0.22166675329208374,0.009006808511912823,0.1325436383485794,0.1525149643421173,A549,4.0,osimertinib,9
7,0.1903503090143203,0.0057968907058238,0.11912517249584198,0.24538809061050415,0.019725581631064415,0.1489277184009552,0.16860277950763702,A549,4.0,osimertinib,9
8,0.2411449998617172,0.0161973815411329,0.1829528659582138,0.37167176604270935,0.0024195166770368814,0.2368556410074234,0.2603888511657715,A549,4.0,osimertinib,9
9,0.182666465640068,0.0175200011581182,0.09437412023544312,0.24611735343933105,0.001494067721068859,0.13421396911144257,0.1619287133216858,A549,4.0,osimertinib,9
10,0.1251525431871414,0.0039327498525381,0.045869775116443634,0.1323326826095581,0.0017320350743830204,0.06546342372894287,0.07844242453575134,A549,4.0,osimertinib,9
11,0.245518758893013,0.0091680884361267,0.12597870826721191,0.2196599841117859,0.060352765023708344,0.15316149592399597,0.17344121634960175,A549,4.0,osimertinib,9
12,0.2037506401538849,0.0046976837329566,0.13623620569705963,0.25192388892173767,0.05776458978652954,0.16707569360733032,0.18966954946517944,A549,4.0,osimertinib,9
13,0.2649143636226654,0.0077568003907799,0.14888298511505127,0.26579713821411133,0.0386219322681427,0.18186743557453156,0.20218920707702637,A549,4.0,osimertinib,9
