Metadata_cell,Metadata_hour,Metadata_treatment,Metadata_site,Metadata_dish,Metadata_concentration,Cell_Ed_mean_value,Cell_Ed_variance,Cell_Ed_not_zero_mean_value,Cell_Ed_not_zero_variance,Cell_Ed_agg_mean_value,Cell_Ed_agg_variance,Cell_Ed_agg_max_value,Cell_Ed_agg_min_value,Cell_Ed_agg_top_50_value,Cell_Ed_agg_top_25_value,ObjectNumber
MCF7,4,A133,0,1,60,0.04031655564904213,0.000880286272149533,0.045924585312604904,0.0007451876881532371,0.03368639573454857,0.0001658741239225492,0.0750703439116478,0.011121622286736965,0.04353351518511772,0.051076170057058334,1
MCF7,4,A133,0,1,60,0.03164108470082283,0.0005204642657190561,0.038916923105716705,0.00035699145519174635,0.03942308947443962,0.0001034575907397084,0.07356595993041992,0.012393126264214516,0.047239720821380615,0.05226905271410942,2
MCF7,4,A133,0,1,60,0.03191707283258438,0.0017151694046333432,0.055545348674058914,0.0016724722227081656,0.032804545015096664,0.0006467817001976073,0.11529609560966492,0,0.05359920859336853,0.06710494309663773,3
MCF7,4,A133,0,1,60,0.025483936071395874,0.0015630185371264815,0.055734653025865555,0.0017323869979009032,0.029909772798419,0.000515452295076102,0.10355491191148758,0,0.04874531552195549,0.06216615065932274,4
MCF7,4,A133,0,1,60,0.05195882171392441,0.0009160850313492119,0.053775984793901443,0.000850403681397438,0.0713067427277565,0.0013786077033728361,0.1515588015317917,0,0.10344249755144119,0.11936413496732712,5
MCF7,4,A133,0,1,60,0.0875840112566948,0.002814688952639699,0.09291965514421463,0.002490374492481351,0.1338576078414917,0.0013751575024798512,0.20200034976005554,0.02294025383889675,0.16191250085830688,0.17496740818023682,6
MCF7,4,A133,0,1,60,0.05560491606593132,0.004393745679408312,0.09480530768632889,0.0037748459726572037,0.06868907809257507,0.0038662850856781006,0.3358064889907837,0,0.1124422624707222,0.15585307776927948,7
MCF7,4,A133,0,1,60,0.048546213656663895,0.0006807332974858582,0.05082464963197708,0.0005968817858956754,0.04161139577627182,6.123468483565375e-05,0.0610908567905426,0.01631905511021614,0.04784514382481575,0.0514189787209034,8
MCF7,4,A133,0,1,60,0.02904261276125908,0.0005444013513624668,0.03925111144781113,0.0003350638726260513,0.03144518658518791,5.720030458178371e-05,0.04995321109890938,0.014614630490541458,0.03778235241770744,0.0411517471075058,9
MCF7,4,A133,0,1,60,0.04168929159641266,0.0018792810151353478,0.06184973195195198,0.0015411609783768654,0.03291124105453491,0.00034994870657101274,0.06157916784286499,0,0.04987587779760361,0.0549832358956337,10
MCF7,4,A133,0,1,60,0.02835017628967762,0.0008710678666830063,0.0436505563557148,0.0006733065820299089,0.03494075685739517,4.9771351768868044e-05,0.05134163796901703,0.018701238557696342,0.04067392647266388,0.043581824749708176,11
MCF7,4,A133,0,1,60,0.046520769596099854,0.0010313934180885553,0.052130717784166336,0.0008633185643702745,0.041695330291986465,5.85246853006538e-05,0.0598510280251503,0.025020115077495575,0.04757975414395332,0.05168647691607475,12
MCF7,4,A133,1,1,60,0.09019477665424347,0.0040053375996649265,0.11244954913854599,0.002491079969331622,0.08878341317176819,0.00015144939243327826,0.12114901095628738,0.06802139431238174,0.09862791746854782,0.10605870932340622,1
MCF7,4,A133,1,1,60,0.07805792987346649,0.0007577636861242354,0.08003321290016174,0.0006188515690155327,0.06934784352779388,6.153684807941318e-05,0.08960795402526855,0.0493304505944252,0.0755310207605362,0.07927501201629639,2
MCF7,4,A133,1,1,60,0.06963349133729935,0.006164638791233301,0.12434838712215424,0.004204827826470137,0.07920822501182556,0.0021569563541561365,0.19065022468566895,0,0.1166091039776802,0.14171765744686127,3
MCF7,4,A133,1,1,60,0.10211043804883957,0.0014999163104221225,0.10284466296434402,0.0014351904392242432,0.09667706489562988,0.0011256345314905047,0.18451310694217682,0,0.12208332121372223,0.139555886387825,4
MCF7,4,A133,1,1,60,0.09779278934001923,0.0007799328304827213,0.09785258024930954,0.0007745589828118682,0.08752045035362244,0.0004747483180835843,0.1439892053604126,0.02445363812148571,0.10479497909545898,0.11370979994535446,5
MCF7,4,A133,1,1,60,0.06751569360494614,0.0018339981324970722,0.08107861876487732,0.0011027585715055466,0.07278575003147125,0.00012459470599424094,0.10023386776447296,0.05681593716144562,0.08217905461788177,0.0897127017378807,6
MCF7,4,A133,1,1,60,0.1085103377699852,0.015336737036705017,0.21441657841205597,0.007597359362989664,0.1996670514345169,0.005890073720365763,0.3164728581905365,0,0.2628578841686249,0.28644677996635437,7
MCF7,4,A133,1,1,60,0.1362280398607254,0.00675553223118186,0.15768668055534363,0.004435921553522348,0.16354739665985107,0.0004191769694443792,0.20145562291145325,0.09673436731100082,0.1800670474767685,0.18778471648693085,8
MCF7,4,A133,1,1,60,0.12457530200481415,0.002832784317433834,0.1262912154197693,0.002655098680406809,0.11602120846509933,0.0008627420756965876,0.18981696665287018,0.06403236091136932,0.14039860665798187,0.1568489670753479,9
MCF7,4,A133,1,1,60,0.05573499947786331,0.00798601470887661,0.167886883020401,0.005226914770901203,0.07259971648454666,0.0004544764815364033,0.10498961806297302,0.03681369498372078,0.09229980409145355,0.1025218814611435,10
MCF7,4,A133,1,1,60,0.08256445080041885,0.0011823487002402544,0.08374369889497757,0.00110048137139529,0.0928116962313652,0.00011658151197480038,0.12235156446695328,0.07380634546279907,0.10142476111650467,0.10712221264839172,11
MCF7,4,A133,1,1,60,0.09541675448417664,0.0008761184872128069,0.09558727592229843,0.0008613857789896429,0.08575903624296188,0.00010365774505771697,0.1178639605641365,0.06379304081201553,0.09390639513731003,0.09888914972543716,12
MCF7,4,A133,1,1,60,0.08472144603729248,0.0011293694842606783,0.08501556515693665,0.0011082853889092803,0.07415421307086945,0.0002896235673688352,0.109572634100914,0.030298486351966858,0.08827885240316391,0.09557853639125824,13
MCF7,4,A133,1,1,60,0.07770638912916183,0.0011486189905554056,0.07900705933570862,0.0010650818003341556,0.06442053616046906,0.00032455736072734,0.09789400547742844,0.01793825812637806,0.07845740020275116,0.08415155857801437,14
MCF7,4,A133,10,1,60,0.06613840907812119,0.004753231070935726,0.10351704806089401,0.0035702306777238846,0.0829487219452858,0.0016925155650824308,0.20629502832889557,0.017744405195116997,0.11431781947612762,0.14175274968147278,1
MCF7,4,A133,10,1,60,0.11885396391153336,0.003533782670274377,0.12772248685359955,0.0026647530030459166,0.12684354186058044,0.0007593121845275164,0.17117366194725037,0.06752866506576538,0.14928948879241943,0.15690700709819794,2
MCF7,4,A133,10,1,60,0.078268863260746,0.004243259783834219,0.0931202694773674,0.0036654449068009853,0.1832999736070633,0.0002978799748234451,0.22930803894996643,0.1532217115163803,0.19799789786338806,0.20734846591949463,3
MCF7,4,A133,10,1,60,0.04357408732175827,0.00032516580540686846,0.04391726478934288,0.0003126553783658892,0.03876780718564987,8.817102207103744e-05,0.06769559532403946,0.01564873196184635,0.04638509079813957,0.05103074014186859,4
MCF7,4,A133,10,1,60,0.04526788741350174,0.00038854475133121014,0.04565909504890442,0.00037403995520435274,0.03696948289871216,0.0001178464008262381,0.0641196221113205,0.012331009842455387,0.045899443328380585,0.05167965218424797,5
MCF7,4,A133,10,1,60,0.05573917552828789,0.001955056097358465,0.07031497359275818,0.0014414070174098015,0.03625188022851944,0.00038006671820767224,0.0819205716252327,0.004603396635502577,0.051416460424661636,0.06381509453058243,6
MCF7,4,A133,10,1,60,0.11907128989696503,0.003771583316847682,0.1221534013748169,0.0034927185624837875,0.09198004007339478,0.0005695119616575539,0.1469474881887436,0.02151281014084816,0.11146105080842972,0.12094318121671677,7
MCF7,4,A133,10,1,60,0.03463180735707283,0.0007237239042297006,0.044106375426054,0.0005038314266130328,0.037524282932281494,0.00012029215577058494,0.06276296824216843,0.00868950691074133,0.04610253497958183,0.05131300538778305,8
MCF7,4,A133,10,1,60,0.0483611635863781,0.0003641242510639131,0.04864154011011124,0.0003525977081153542,0.04616188630461693,0.00015779156819917262,0.07756592333316803,0.016852479428052902,0.05627422407269478,0.06198108196258545,9
MCF7,4,A133,10,1,60,0.06402124464511871,0.0016740236897021532,0.06784962117671967,0.0015143743949010968,0.05532243847846985,0.0005402908427640796,0.11172974109649658,0.014811770059168339,0.07526858896017075,0.08538778871297836,10
MCF7,4,A133,10,1,60,0.05813009664416313,0.0009327579173259437,0.06025779992341995,0.0008386884001083672,0.05594654008746147,0.00015264985268004239,0.0922287255525589,0.01731819659471512,0.06578938663005829,0.07191155105829239,11
MCF7,4,A133,10,1,60,0.05205395445227623,0.0005485803703777492,0.05236172676086426,0.0005357081536203623,0.053993817418813705,0.0009087140788324177,0.19084466993808746,0.0025515006855130196,0.07516506314277649,0.09579513967037201,12
MCF7,4,A133,10,1,60,0.061796635389328,0.0013697261456400156,0.06546664237976074,0.0012108092196285725,0.06912107765674591,0.0011361428769305348,0.14710058271884918,0.005508402828127146,0.09656625986099243,0.10878290235996246,13
MCF7,4,A133,10,1,60,0.041547659784555435,0.0009024894097819924,0.046501968055963516,0.0007797207217663527,0.029659906402230263,0.00021358519734349102,0.07218943536281586,0,0.04127250239253044,0.04785505682229996,14
MCF7,4,A133,10,1,60,0.10313256084918976,0.009299304336309433,0.16909348964691162,0.004093339666724205,0.1575944423675537,0.004122463054955006,0.3247443437576294,0.011755051091313362,0.20837177336215973,0.23943446576595306,15
MCF7,4,A133,10,1,60,0.06193900108337402,0.0006088067893870175,0.0624791756272316,0.0005803664680570364,0.05733528733253479,0.0003175863530486822,0.10311155021190643,0.010153277777135372,0.07153403759002686,0.07995137572288513,16
MCF7,4,A133,10,1,60,0.059943657368421555,0.0008287612581625581,0.060677941888570786,0.000794358435086906,0.08779264986515045,0.0016138901701197028,0.21805721521377563,0.017482144758105278,0.12027057260274887,0.14470146596431732,17
MCF7,4,A133,10,1,60,0.034838151186704636,0.0005706087104044855,0.042849425226449966,0.0003585457743611187,0.03694285824894905,0.0001390377728966996,0.07734981924295425,0.007712541148066521,0.04589143395423889,0.05254692956805229,18
MCF7,4,A133,10,1,60,0.02917320653796196,0.0006381499115377665,0.04200638830661774,0.00037979381158947945,0.0325058214366436,9.699046495370567e-05,0.06555469334125519,0.011078019626438618,0.04018523171544075,0.04547514766454697,19
MCF7,4,A133,11,1,60,0.02354189194738865,0.0004539505753200501,0.036876700818538666,0.00021933751122560352,0.03296268731355667,4.414097566041164e-05,0.05450369045138359,0.018986742943525314,0.03822096437215805,0.041735630482435226,1
MCF7,4,A133,11,1,60,0.056669969111680984,0.001057762186974287,0.05894037336111069,0.0009663213859312236,0.046842508018016815,0.00027539647999219596,0.09383906424045563,0.005832301452755928,0.06015346571803093,0.068064846098423,2
MCF7,4,A133,11,1,60,0.05219150334596634,0.0023588205222040415,0.06568650156259537,0.0020822943188250065,0.040058594197034836,0.00030885564046911895,0.08425481617450714,0,0.05449211969971657,0.06210537254810333,3
MCF7,4,A133,11,1,60,0.06715311110019684,0.0014325309311971068,0.06914073973894119,0.0013375054113566875,0.050246480852365494,0.00018884605378843844,0.0952872633934021,0.00908458512276411,0.06075582280755043,0.0671696811914444,4
MCF7,4,A133,11,1,60,0.06641922146081924,0.001215055352076888,0.06796452403068542,0.0011382990051060915,0.071884885430336,0.00041386616067029536,0.12003476917743683,0.04157354682683945,0.08824661374092102,0.10159299522638321,5
MCF7,4,A133,11,1,60,0.048929087817668915,0.001356167602352798,0.05580667033791542,0.0011629785876721144,0.04146762937307358,0.0003013574460055679,0.10103744268417358,0.0025539794005453587,0.054908182471990585,0.06322679668664932,6
MCF7,4,A133,11,1,60,0.06469705700874329,0.0010380487656220794,0.0657380074262619,0.000986320897936821,0.05848456546664238,0.0002359871577937156,0.0949738472700119,0.014244483783841133,0.07096853107213974,0.07798047363758087,7
MCF7,4,A133,11,1,60,0.05528736859560013,0.0020958653185516596,0.06463269144296646,0.0018461201107129455,0.04073185846209526,0.00014464663399849087,0.06259920448064804,0.014043338596820831,0.05045161023736,0.05583322048187256,8
MCF7,4,A133,11,1,60,0.07172323018312454,0.0021398209501057863,0.07705356180667877,0.0018881275318562984,0.06272152066230774,0.0004929211572743952,0.11635398864746094,0.019262535497546196,0.08085901290178299,0.08943221718072891,9
MCF7,4,A133,12,1,60,0.05921221524477005,0.0013880692422389984,0.06394018977880478,0.001196596072986722,0.06451081484556198,0.00026596570387482643,0.12127725034952164,0.03574369475245476,0.07654841244220734,0.08748988062143326,1
MCF7,4,A133,12,1,60,0.03870050236582756,0.0006050853407941759,0.04349192604422569,0.0004716113326139748,0.038495972752571106,4.2389547161292285e-05,0.05266517028212547,0.02572350762784481,0.04360413923859596,0.04650580883026123,2
MCF7,4,A133,12,1,60,0.050549644976854324,0.00048114731907844543,0.05089941248297691,0.0004666736058425158,0.03489217534661293,4.793722109752707e-05,0.05121421441435814,0.02102367766201496,0.04038923606276512,0.04401102662086487,3
MCF7,4,A133,12,1,60,0.13862767815589905,0.007125500123947859,0.14936701953411102,0.006073400378227234,0.09334219992160797,0.002107674954459071,0.21101784706115723,0,0.13153547048568726,0.1545589715242386,4
MCF7,4,A133,12,1,60,0.04566042125225067,0.0007430403493344784,0.04865075647830963,0.0006462205201387405,0.03596242517232895,0.00019645642896648496,0.06593349575996399,0,0.047045622020959854,0.05172216519713402,5
MCF7,4,A133,13,1,60,0.041174888610839844,0.0003131291887257248,0.04221606254577637,0.0002770927967503667,0.046263888478279114,7.735570397926494e-05,0.0635453388094902,0.027196364477276802,0.05347616970539093,0.05659627169370651,1
MCF7,4,A133,13,1,60,0.06591125577688217,0.0010325422044843435,0.06725719571113586,0.0009631031425669789,0.06171896681189537,8.253574924310669e-05,0.08802834898233414,0.04324278607964516,0.06922424584627151,0.07362070679664612,2
MCF7,4,A133,13,1,60,0.05092489346861839,0.00028783868765458465,0.05105769634246826,0.0002818088105414063,0.05417338386178017,0.00010288164776284248,0.08333898335695267,0.026514684781432152,0.062382251024246216,0.06720546633005142,3
MCF7,4,A133,13,1,60,0.05330886319279671,0.0005976788233965635,0.054252516478300095,0.0005570633220486343,0.05215107277035713,0.00010868746903724968,0.08114584535360336,0.03190840408205986,0.06029010936617851,0.0654064416885376,4
MCF7,4,A133,13,1,60,0.04465552791953087,0.0005236332071945071,0.04603283479809761,0.00047638206160627306,0.04100007936358452,8.415737102041021e-05,0.07424028217792511,0.01887587085366249,0.04818665236234665,0.053279031068086624,5
MCF7,4,A133,13,1,60,0.057150375097990036,0.0010900067863985896,0.05949040502309799,0.000995428068563342,0.04539865627884865,0.0005215943092480302,0.10503207892179489,0,0.06363195925951004,0.07556944340467453,6
MCF7,4,A133,13,1,60,0.019794078543782234,0.0007682281429879367,0.043801259249448776,0.0006484261830337346,0.035761747509241104,0.0006055188132449985,0.12862856686115265,0,0.05514038726687431,0.06745751947164536,7
MCF7,4,A133,14,1,60,0.059634316712617874,0.0002716397284530103,0.0597049780189991,0.00026774260913953185,0.060173239558935165,0.00013846765796188265,0.09172654151916504,0.026688793674111366,0.06966882944107056,0.07492270320653915,1
MCF7,4,A133,14,1,60,0.08955609053373337,0.0013880640035495162,0.08981936424970627,0.0013684972655028105,0.1630961298942566,0.0005221602623350918,0.22552154958248138,0.11728010326623917,0.180945485830307,0.19573110342025757,2
MCF7,4,A133,14,1,60,0.09434390068054199,0.000930259411688894,0.09443479031324387,0.0009225726826116443,0.10217728465795517,0.0002575029502622783,0.15503665804862976,0.07403270900249481,0.11445833742618561,0.12414755672216415,3
MCF7,4,A133,15,1,60,0.08667051792144775,0.001264051184989512,0.08828113228082657,0.0011453538900241256,0.07859037816524506,9.818009129958227e-05,0.10681962966918945,0.05511551350355148,0.08601904660463333,0.09193632006645203,1
MCF7,4,A133,15,1,60,0.08005411922931671,0.001916609238833189,0.0833185464143753,0.0017227770294994116,0.07107076048851013,3.7443624023580924e-05,0.0831700935959816,0.05607288330793381,0.07605721056461334,0.07861840724945068,2
MCF7,4,A133,15,1,60,0.0686439797282219,0.0006721232202835381,0.07078683376312256,0.0005414186744019389,0.06387601047754288,2.3523931304225698e-05,0.0750967264175415,0.052460767328739166,0.0678490549325943,0.0695469081401825,3
MCF7,4,A133,15,1,60,0.07896313071250916,0.0006976495496928692,0.07896313071250916,0.0006976495496928692,0.09407457709312439,0.00025394311523996294,0.1369961053133011,0.06073612719774246,0.10692189633846283,0.11522198468446732,4
MCF7,4,A133,15,1,60,0.08295830339193344,0.0019367688801139593,0.08486782759428024,0.0018192919669672847,0.06134975701570511,0.000286352529656142,0.09404372423887253,0.00707884319126606,0.07483132183551788,0.0800621286034584,5
MCF7,4,A133,16,1,60,0.012106762267649174,0.00034034435520879924,0.03273404762148857,0.0002450023894198239,0.03014517016708851,8.528587204637006e-05,0.0551268570125103,0.011468601413071156,0.03803432360291481,0.042065832763910294,1
MCF7,4,A133,16,1,60,0.05149680748581886,0.0004454438167158514,0.052234943956136703,0.00041327206417918205,0.06901779770851135,8.966265158960596e-05,0.09333904087543488,0.04735647886991501,0.07683098316192627,0.08121345937252045,2
MCF7,4,A133,16,1,60,0.06711101531982422,0.0007139783119782805,0.06733749806880951,0.0007011363049969077,0.05489029362797737,0.00015069494838826358,0.0771164745092392,0.024554960429668427,0.06519925594329834,0.07034386694431305,3
MCF7,4,A133,16,1,60,0.04830087348818779,0.0005173825193196535,0.049484629184007645,0.0004714850219897926,0.0456259623169899,3.545047729858197e-05,0.05652811750769615,0.022727707400918007,0.050397712737321854,0.052629467099905014,4
MCF7,4,A133,16,1,60,0.036607012152671814,0.0008594846003688872,0.04948490113019943,0.0005245793727226555,0.035179540514945984,6.652454612776637e-05,0.05125794932246208,0.014636840671300888,0.04177725687623024,0.04596128687262535,5
MCF7,4,A133,16,1,60,0.06061284616589546,0.0009653081651777029,0.06278051435947418,0.0008637429564259946,0.055619873106479645,0.000230431163799949,0.09261007606983185,0.024580370634794235,0.06801602989435196,0.07498465478420258,6
MCF7,4,A133,16,1,60,0.04321267455816269,0.0005786445690318942,0.045076534152030945,0.000519586494192481,0.03604653477668762,0.00027795840287581086,0.07838330417871475,0.0006068177754059434,0.04977573826909065,0.05770867317914963,7
MCF7,4,A133,16,1,60,0.058609724044799805,0.0007638362003490329,0.059912603348493576,0.0007027571555227041,0.06420571357011795,6.611234130105004e-05,0.08286083489656448,0.04509115219116211,0.07053010165691376,0.0749564915895462,8
MCF7,4,A133,16,1,60,0.05183817818760872,0.0010170018067583442,0.05465490370988846,0.0009183146758005023,0.040395587682724,0.00015051563968881965,0.07016660273075104,0.012105504050850868,0.049993883818387985,0.05643019080162048,9
MCF7,4,A133,16,1,60,0.06546672433614731,0.0009687514393590391,0.06626653671264648,0.0009275859920307994,0.06602583080530167,0.0003904399345628917,0.19723713397979736,0.0381334088742733,0.07777469605207443,0.08937101811170578,10
MCF7,4,A133,16,1,60,0.05151785537600517,0.0010505958925932646,0.05557410791516304,0.000907891895622015,0.0525967963039875,0.0011080572148784995,0.15435536205768585,0,0.07875344902276993,0.0976579561829567,11
MCF7,4,A133,16,1,60,0.045107804238796234,0.0005050170584581792,0.045980650931596756,0.00047465512761846185,0.04353734105825424,7.914025627542287e-05,0.0663347840309143,0.028073284775018692,0.05072122812271118,0.05610978603363037,12
MCF7,4,A133,17,1,60,0.06379127502441406,0.000497911125421524,0.06383753567934036,0.0004953191382810473,0.061377499252557755,6.244927499210462e-05,0.08108288794755936,0.04167411848902702,0.06767044961452484,0.0714363381266594,1
MCF7,4,A133,17,1,60,0.05967960134148598,0.00021494844986591488,0.05967960134148598,0.00021494844986591488,0.05362476035952568,5.065067671239376e-05,0.07495442777872086,0.03674078732728958,0.0594286173582077,0.06331594288349152,2
MCF7,4,A133,17,1,60,0.04808094725012779,0.0002844305709004402,0.04810800403356552,0.0002832887112163007,0.05431681498885155,5.342795338947326e-05,0.06771010905504227,0.03594629466533661,0.060148585587739944,0.0638730376958847,3
MCF7,4,A133,18,1,60,0.0330403670668602,0.0006005187751725316,0.03773440048098564,0.0005087078316137195,0.03109745681285858,7.014887523837388e-05,0.05486465245485306,0.012160969898104668,0.0378362201154232,0.04207991436123848,1
MCF7,4,A133,18,1,60,0.03956770896911621,0.0002533276565372944,0.039926908910274506,0.00024128559743985534,0.05155228078365326,4.041678039357066e-05,0.07627013325691223,0.02962663024663925,0.056487273424863815,0.059782885015010834,2
MCF7,4,A133,18,1,60,0.04133957251906395,0.0009131238330155611,0.04634580761194229,0.0007916854810900986,0.03531797230243683,0.00017717978334985673,0.0758686363697052,0.004375302232801914,0.046025149524211884,0.05246083065867424,3
MCF7,4,A133,18,1,60,0.06026037037372589,0.0012797481613233685,0.06332384794950485,0.0011508159805089235,0.040116410702466965,0.00010360822489019483,0.0547868087887764,0.019618960097432137,0.04855779930949211,0.05157580226659775,4
MCF7,4,A133,18,1,60,0.05949254333972931,0.0005731157143600285,0.059829361736774445,0.0005562086589634418,0.11191609501838684,0.0002519638801459223,0.13933120667934418,0.07304491847753525,0.12474071234464645,0.13106369972229004,5
MCF7,4,A133,18,1,60,0.05920060724020004,0.0014834838220849633,0.06458796560764313,0.001270524924620986,0.043474018573760986,0.00025480834301561117,0.07278353720903397,0.009394186548888683,0.056633513420820236,0.06287704408168793,6
MCF7,4,A133,18,1,60,0.04220367223024368,0.0005925234872847795,0.044586483389139175,0.0005197360296733677,0.03819771483540535,6.138272146927193e-05,0.05477134883403778,0.01313107181340456,0.04441254958510399,0.04743200168013573,7
MCF7,4,A133,18,1,60,0.06420388072729111,0.005226245615631342,0.10495124757289886,0.004266626201570034,0.05704552307724953,0.001446627895347774,0.18741002678871155,0,0.08621454983949661,0.10813625156879425,8
MCF7,4,A133,18,1,60,0.018222341313958168,0.000980099430307746,0.05316229537129402,0.0010018771281465888,0.03397992625832558,0.00033777387579903007,0.09839759767055511,0,0.04823070764541626,0.05601131543517113,9
MCF7,4,A133,18,1,60,0.05028882250189781,0.003863635705783963,0.0885692909359932,0.003414209932088852,0.04165895655751228,0.00024768844014033675,0.0747314989566803,0,0.05399531498551369,0.06291336566209793,10
MCF7,4,A133,19,1,60,0.06228582561016083,0.0056011187843978405,0.114579938352108,0.0043118661269545555,0.08203360438346863,0.0005340513889677823,0.1243438795208931,0.034713685512542725,0.10003328323364258,0.11195449531078339,1
MCF7,4,A133,19,1,60,0.04155639186501503,0.000287836097413674,0.04194845259189606,0.00027410543407313526,0.03976324945688248,4.686722968472168e-05,0.058054834604263306,0.021043267101049423,0.04497721418738365,0.048598550260066986,2
MCF7,4,A133,19,1,60,0.05558529496192932,0.0009952334221452475,0.057794857770204544,0.000907093461137265,0.04568999633193016,0.0002094883529935032,0.09487306326627731,0.015822043642401695,0.05696343630552292,0.0654115155339241,3
MCF7,4,A133,19,1,60,0.05322205647826195,0.000895693723578006,0.05514901503920555,0.0008218533475883305,0.03884775564074516,7.699573325226083e-05,0.05495915561914444,0.021911926567554474,0.04635709896683693,0.05115067958831787,4
MCF7,4,A133,19,1,60,0.061597373336553574,0.0004019918851554394,0.06165532022714615,0.0003987973614130169,0.05111748352646828,0.00013447726087179035,0.07995600253343582,0.02636944316327572,0.060725320130586624,0.06665709614753723,5
MCF7,4,A133,19,1,60,0.0457957461476326,0.000526646850630641,0.047375284135341644,0.00046998020843602717,0.02827570214867592,0.00011296103912172839,0.051868196576833725,0,0.03678594529628754,0.04131808876991272,6
MCF7,4,A133,19,1,60,0.06456982344388962,0.002040902618318796,0.07219520211219788,0.0017314068973064423,0.04762601852416992,0.00040383049054071307,0.08780176937580109,0.005835315678268671,0.0640394315123558,0.07403098046779633,7
MCF7,4,A133,2,1,60,0.02191730961203575,0.0015868484042584896,0.05698500573635101,0.0021274732425808907,0.03104216232895851,0.00038391564157791436,0.08220496773719788,0,0.04738416150212288,0.05660364031791687,1
MCF7,4,A133,2,1,60,0.04473385959863663,0.0005444088019430637,0.04679110646247864,0.0004731847147922963,0.05139169842004776,0.00010780090815387666,0.07746148854494095,0.03457356244325638,0.05974440649151802,0.06605032086372375,2
MCF7,4,A133,2,1,60,0.07915046066045761,0.003930516541004181,0.09971010684967041,0.0029014796018600464,0.08352787047624588,0.0012132039992138743,0.19123531877994537,0.006686421111226082,0.11094589531421661,0.12977150082588196,3
MCF7,4,A133,2,1,60,0.0296302642673254,0.0016816359711810946,0.05154431611299515,0.0017958012176677585,0.027648359537124634,0.0001947118726093322,0.05695647746324539,0.0025446710642427206,0.039259932935237885,0.04654745012521744,4
MCF7,4,A133,2,1,60,0.045485153794288635,0.0007398750749416649,0.04776633903384209,0.0006680178339593112,0.04031456634402275,0.0003982142370659858,0.10862822085618973,0.00040532241109758615,0.05559499189257622,0.06939918547868729,5
MCF7,4,A133,2,1,60,0.054708994925022125,0.0009095893474295735,0.056273266673088074,0.0008475700160488486,0.06748823821544647,0.0009757711086422205,0.13697348535060883,0.021697280928492546,0.0946841761469841,0.1106863021850586,6
MCF7,4,A133,2,1,60,0.049132153391838074,0.0007523834938183427,0.050773654133081436,0.0006941754836589098,0.06687713414430618,0.00014902418479323387,0.09388107806444168,0.03263689950108528,0.0762096494436264,0.08139713108539581,7
MCF7,4,A133,2,1,60,0.04029376804828644,0.0011440911330282688,0.04747283086180687,0.001007121056318283,0.03505747392773628,0.000345659616868943,0.07824993878602982,0,0.05047899857163429,0.05937368795275688,8
MCF7,4,A133,2,1,60,0.04536120966076851,0.00041884425445459783,0.046026356518268585,0.0003943715710192919,0.04374741017818451,6.530589598696679e-05,0.058527834713459015,0.027165131643414497,0.050539687275886536,0.054072458297014236,9
MCF7,4,A133,2,1,60,0.044589702039957047,0.0006238026544451714,0.04645651951432228,0.0005631929961964488,0.029182033613324165,0.0002544308081269264,0.07299637049436569,0,0.04189973697066307,0.04965774342417717,10
MCF7,4,A133,2,1,60,0.03095286153256893,0.0006951391114853323,0.039008669555187225,0.0005618099821731448,0.02900071069598198,0.00017315159493591636,0.06594972312450409,0,0.03944603353738785,0.04591166973114014,11
MCF7,4,A133,2,1,60,0.045026179403066635,0.0005061752162873745,0.04578125476837158,0.0004800954193342477,0.028896743431687355,0.000243544636759907,0.07405996322631836,0,0.04151250049471855,0.04868679866194725,12
MCF7,4,A133,2,1,60,0.046834658831357956,0.0011572871590033174,0.0515451654791832,0.0010308802593499422,0.04079309105873108,8.293685095850378e-05,0.054571036249399185,0.02318691834807396,0.0490214005112648,0.05253370478749275,13
MCF7,4,A133,2,1,60,0.04244985431432724,0.0007932863081805408,0.04602884128689766,0.0006954321870580316,0.03162568807601929,0.0003182853979524225,0.07504376769065857,0,0.04624616354703903,0.055001430213451385,14
MCF7,4,A133,3,1,60,0.03229919821023941,0.0003048063663300127,0.034688450396060944,0.0002444741257932037,0.0395682193338871,9.276536002289504e-05,0.06263180822134018,0.01881561055779457,0.047673773020505905,0.05238082632422447,1
MCF7,4,A133,3,1,60,0.040762655436992645,0.00047776286373846233,0.04264348745346069,0.00041960205999203026,0.0340435691177845,6.86774292262271e-05,0.05289842188358307,0.01692946068942547,0.04095058888196945,0.045164164155721664,2
MCF7,4,A133,3,1,60,0.03529156744480133,0.00021244023810140789,0.035874199122190475,0.00019504605734255165,0.037110380828380585,7.727467163931578e-05,0.0685139000415802,0.016551950946450233,0.04410122334957123,0.04857984557747841,3
MCF7,4,A133,3,1,60,0.024126125499606133,0.001874500885605812,0.07387053966522217,0.002064791275188327,0.05087189003825188,0.0009548509260639548,0.14289511740207672,0,0.07588545233011246,0.09437550604343414,4
MCF7,4,A133,3,1,60,0.09745348989963531,0.004160641226917505,0.10347359627485275,0.0037947387900203466,0.15758152306079865,0.0004297416307963431,0.2016153782606125,0.11128509044647217,0.1751381754875183,0.18351297080516815,5
MCF7,4,A133,3,1,60,0.05467258021235466,0.0007905149832367897,0.05665881559252739,0.0007066962425597012,0.05129563435912132,0.0002262195775983855,0.10598524659872055,0.01615256629884243,0.06231776252388954,0.07193094491958618,6
MCF7,4,A133,3,1,60,0.05751664936542511,0.0007187455776147544,0.0582110770046711,0.0006870000506751239,0.06765031069517136,0.0002304198278579861,0.10341344028711319,0.028990287333726883,0.07996305823326111,0.08724348992109299,7
MCF7,4,A133,3,1,60,0.027057277038693428,0.0006414375966414809,0.04162519797682762,0.00038040149956941605,0.028672678396105766,0.0001321591844316572,0.05266198515892029,0,0.037617918103933334,0.04217524081468582,8
MCF7,4,A133,3,1,60,0.021244674921035767,0.0005125895258970559,0.03787456825375557,0.00028398408903740346,0.02436431311070919,6.468814535764977e-05,0.043236277997493744,0.01073364820331335,0.03110559843480587,0.03536279872059822,9
MCF7,4,A133,4,1,60,0.04894616827368736,0.0005248264060355723,0.049786344170570374,0.0004920059000141919,0.039699822664260864,3.4265456633875147e-05,0.05783751234412193,0.025742901489138603,0.044087499380111694,0.04662061110138893,1
MCF7,4,A133,4,1,60,0.09364812076091766,0.003421633969992399,0.10482819378376007,0.0026581352576613426,0.11843350529670715,0.0016459515318274498,0.23607571423053741,0.05403979867696762,0.14965088665485382,0.17724889516830444,2
MCF7,4,A133,4,1,60,0.09284567832946777,0.005346318241208792,0.11989743262529373,0.00366059853695333,0.14116394519805908,0.0016439211321994662,0.2238549292087555,0.07343379408121109,0.17696072161197662,0.1947670727968216,3
MCF7,4,A133,4,1,60,0.061280686408281326,0.0004813197592739016,0.06131374090909958,0.00047955228365026414,0.064263716340065,0.0003639276255853474,0.10955188423395157,0.02576429210603237,0.08101239800453186,0.08924273401498795,4
MCF7,4,A133,4,1,60,0.053047262132167816,0.0003087043878622353,0.05309244245290756,0.0003065684868488461,0.045366182923316956,0.00012849943595938385,0.10540010035037994,0.00825619325041771,0.05425688251852989,0.060036800801754,5
MCF7,4,A133,4,1,60,0.08755706250667572,0.0012472954113036394,0.08756948262453079,0.0012463848106563091,0.11534653604030609,0.0023559052497148514,0.19199757277965546,0.03616965562105179,0.16103322803974152,0.1740582436323166,6
MCF7,4,A133,4,1,60,0.03418643772602081,0.0004818368761334568,0.041431527584791183,0.0002837768115568906,0.03225335851311684,5.410841549746692e-05,0.05502208694815636,0.01835089921951294,0.03778638318181038,0.042036570608615875,7
MCF7,4,A133,4,1,60,0.04177107289433479,0.0011973567306995392,0.0526396669447422,0.00093678297707811,0.036267269402742386,0.0003277507203165442,0.07711178809404373,0,0.05094049870967865,0.058347925543785095,8
MCF7,4,A133,4,1,60,0.03840618580579758,0.0027501466684043407,0.07652262598276138,0.002562775742262602,0.05491265654563904,0.002449394902214408,0.2908058166503906,0,0.09059199690818787,0.12207252532243729,9
MCF7,4,A133,4,1,60,0.040377430617809296,0.0005492091877385974,0.042832132428884506,0.00047745744814164937,0.03692983090877533,5.285421138978563e-05,0.052695468068122864,0.020663578063249588,0.042975980788469315,0.04651704803109169,10
MCF7,4,A133,5,1,60,0.054594799876213074,0.0012447657063603401,0.0582643561065197,0.0011146273463964462,0.026885537430644035,0.0002392373135080561,0.056837085634469986,0.0007170214666984975,0.04026632755994797,0.04956790432333946,1
MCF7,4,A133,5,1,60,0.09335755556821823,0.006715911440551281,0.1174536719918251,0.005619150586426258,0.12435868382453918,0.0024769993033260107,0.2595195174217224,0.04747462272644043,0.16597142815589905,0.1933835744857788,2
MCF7,4,A133,5,1,60,0.07090841978788376,0.0007048972183838487,0.07090841978788376,0.0007048972183838487,0.1280093491077423,0.00040452979737892747,0.17636680603027344,0.0942213237285614,0.1441717892885208,0.1569679230451584,3
MCF7,4,A133,5,1,60,0.10085877031087875,0.0009317660005763173,0.10085877031087875,0.0009317660005763173,0.11670512706041336,0.0012662902008742094,0.2006646990776062,0.0554225891828537,0.14724479615688324,0.16495488584041595,4
MCF7,4,A133,5,1,60,0.09032480418682098,0.0009532029507681727,0.09064237773418427,0.0009277685894630849,0.09001511335372925,7.204841676866636e-05,0.10824671387672424,0.07322278618812561,0.09706275165081024,0.1009591594338417,5
MCF7,4,A133,5,1,60,0.05263609439134598,0.00033490738132968545,0.052734144032001495,0.00033036060631275177,0.047685228288173676,6.509938248200342e-05,0.06933240592479706,0.03071669489145279,0.054312754422426224,0.05771346390247345,6
MCF7,4,A133,6,1,60,0.03740938380360603,0.002710331231355667,0.07461234927177429,0.00262990640476346,0.025890963152050972,0.0005544392624869943,0.0788336768746376,0,0.045498766005039215,0.05951448902487755,1
MCF7,4,A133,6,1,60,0.08162185549736023,0.003133099526166916,0.0904698297381401,0.00267225899733603,0.056533124297857285,0.001310500199906528,0.16670595109462738,0,0.08578432351350784,0.10334514826536179,2
MCF7,4,A133,6,1,60,0.04512416198849678,0.0008669140515848994,0.04890843480825424,0.0007545337430201471,0.037400707602500916,3.594689769670367e-05,0.05218221992254257,0.021070102229714394,0.042317260056734085,0.04484052583575249,3
MCF7,4,A133,6,1,60,0.06138579919934273,0.0008136974647641182,0.06258603930473328,0.0007544889231212437,0.037035804241895676,0.00012053378304699436,0.0625593438744545,0.013688982464373112,0.04594619572162628,0.050962697714567184,4
MCF7,4,A133,6,1,60,0.05284079164266586,0.0005907220765948296,0.05387385934591293,0.0005466159782372415,0.057812850922346115,0.00022296969837043434,0.10717282444238663,0.02121923491358757,0.06881469488143921,0.07861194014549255,5
MCF7,4,A133,6,1,60,0.018919339403510094,0.0005414243787527084,0.03987070545554161,0.0003056545101571828,0.029956163838505745,8.168108615791425e-05,0.04685477912425995,0.013604549691081047,0.03735365346074104,0.0418013297021389,6
MCF7,4,A133,6,1,60,0.0673418641090393,0.0013606766005977988,0.068754181265831,0.0012921104207634926,0.04414931312203407,0.00024191220290958881,0.07486746460199356,0.00699110422283411,0.05744762346148491,0.06267079710960388,7
MCF7,4,A133,6,1,60,0.038430001586675644,0.002731123473495245,0.08419979363679886,0.002130060223862529,0.06664666533470154,0.001097027212381363,0.145491361618042,0,0.0943816676735878,0.10901523381471634,8
MCF7,4,A133,7,1,60,0.03932761773467064,0.0020551434718072414,0.06621841341257095,0.0016797097632661462,0.08241134136915207,0.0002249325334560126,0.11863481998443604,0.04784339293837547,0.09474625438451767,0.101540207862854,1
MCF7,4,A133,7,1,60,0.02353181317448616,0.0004333810356911272,0.031578179448843,0.00032747990917414427,0.02507789246737957,0.00010427024244563654,0.04214269667863846,0,0.03341389447450638,0.0368613637983799,2
MCF7,4,A133,7,1,60,0.034971971064805984,0.0003703016845975071,0.03707856684923172,0.00031449791276827455,0.04035511985421181,4.7319095756392926e-05,0.05493384599685669,0.024903371930122375,0.04615248739719391,0.049241408705711365,3
MCF7,4,A133,7,1,60,0.018828241154551506,0.0004273394588381052,0.03287941962480545,0.00028426069184206426,0.030164239928126335,3.1573734304402024e-05,0.04074088856577873,0.016402501612901688,0.034656547009944916,0.0374617800116539,4
MCF7,4,A133,7,1,60,0.02921668067574501,0.00033091672230511904,0.03366495296359062,0.0002315482561243698,0.03387664631009102,2.001201755774673e-05,0.04526347666978836,0.02433132380247116,0.03747271001338959,0.03987307474017143,5
MCF7,4,A133,7,1,60,0.03933197259902954,0.003074917709454894,0.08039086312055588,0.00298408349044621,0.04985416308045387,0.0002462706761434674,0.10089094936847687,0.002714960603043437,0.062173571437597275,0.07081958651542664,6
MCF7,4,A133,7,1,60,0.04872344806790352,0.0019888714887201786,0.06306769698858261,0.0016697394894436002,0.05279018357396126,0.0004579772357828915,0.10540807992219925,0.00974804162979126,0.07072678208351135,0.08071589469909668,7
MCF7,4,A133,7,1,60,0.05520591884851456,0.0017727017402648926,0.06285747140645981,0.0015374411595985293,0.04236473888158798,0.00024189252872020006,0.0784854143857956,0.005189929157495499,0.05536816641688347,0.06181327998638153,8
MCF7,4,A133,7,1,60,0.0400652140378952,0.0006611017743125558,0.04452560842037201,0.0005360995419323444,0.04382413253188133,0.00012438437261153013,0.06423362344503403,0.019805384799838066,0.05314797908067703,0.05826582387089729,9
MCF7,4,A133,7,1,60,0.05821622535586357,0.0013355747796595097,0.06062754988670349,0.001244701910763979,0.1324121505022049,0.0006766527076251805,0.17392121255397797,0.08884724229574203,0.1553603857755661,0.16629433631896973,10
MCF7,4,A133,7,1,60,0.04532824829220772,0.0007847491651773453,0.047753576189279556,0.0007109197904355824,0.04025188833475113,7.767992065055296e-05,0.06040167808532715,0.009267118759453297,0.0470116026699543,0.05106367915868759,11
MCF7,4,A133,7,1,60,0.027224134653806686,0.0011483333073556423,0.059366222470998764,0.0005959548871032894,0.06438273191452026,5.568363121710718e-05,0.07906802743673325,0.05208063870668411,0.07098890841007233,0.07485969364643097,12
MCF7,4,A133,7,1,60,0.07704845815896988,0.0019976752810180187,0.07978354394435883,0.0018503746250644326,0.0689154863357544,0.00012332557525951415,0.10026753693819046,0.04896767809987068,0.07798480987548828,0.08381384611129761,13
MCF7,4,A133,7,1,60,0.03994683176279068,0.0011346788378432393,0.04815834388136864,0.0009724717237986624,0.030685031786561012,0.0004253092047292739,0.09247900545597076,0,0.047330744564533234,0.057849783450365067,14
MCF7,4,A133,7,1,60,0.05030709132552147,0.0013883996289223433,0.05575044825673103,0.0012351585319265723,0.047206901013851166,0.0002470430626999587,0.08764348924160004,0.013563609682023525,0.06016764044761658,0.06753093749284744,15
MCF7,4,A133,7,1,60,0.0517582893371582,0.0013475097948685288,0.05569906160235405,0.0012306092539802194,0.08880911022424698,0.00014352351718116552,0.11955370754003525,0.05457485094666481,0.09853008389472961,0.1045525074005127,16
MCF7,4,A133,8,1,60,0.01779463328421116,0.0008203197503462434,0.04643487557768822,0.0008107080939225852,0.027729008346796036,0.000258042971836403,0.07255938649177551,0.0037054826971143484,0.040903929620981216,0.05060804635286331,1
MCF7,4,A133,8,1,60,0.037663210183382034,0.0011645850026980042,0.052258774638175964,0.0008531485800631344,0.04188317805528641,9.378889080835506e-05,0.06958924233913422,0.023898843675851822,0.04967992380261421,0.05582378804683685,2
MCF7,4,A133,8,1,60,0.05795683711767197,0.0005598791758529842,0.0585298016667366,0.0005318790208548307,0.05545803904533386,2.3159685952123255e-05,0.06322761625051498,0.041160427033901215,0.05938677117228508,0.0612453930079937,3
MCF7,4,A133,8,1,60,0.04691440984606743,0.0003939538146369159,0.04900050535798073,0.00030925151077099144,0.054598450660705566,5.285892621031962e-05,0.07609696686267853,0.03249663859605789,0.06032424420118332,0.0643823891878128,4
MCF7,4,A133,8,1,60,0.04659780487418175,0.0002432640321785584,0.046727925539016724,0.00023786303063388914,0.042690083384513855,4.526962584350258e-05,0.06082448735833168,0.02923935279250145,0.04816506803035736,0.051237136125564575,5
MCF7,4,A133,8,1,60,0.045827414840459824,0.00018433702643960714,0.04611843079328537,0.00017208661301992834,0.04649071767926216,1.953423270606436e-05,0.06214097887277603,0.035637665539979935,0.04990644380450249,0.051847971975803375,6
MCF7,4,A133,8,1,60,0.06562642753124237,0.0008453003829345107,0.0661228820681572,0.0008188678184524179,0.05512191355228424,0.00016846932703629136,0.08235679566860199,0.02648870460689068,0.06584346294403076,0.07353007793426514,7
MCF7,4,A133,8,1,60,0.042657509446144104,0.0006496061687357724,0.051861464977264404,0.00031243707053363323,0.04539391025900841,7.231686322484165e-05,0.06453835219144821,0.021701646968722343,0.05218033120036125,0.05641913786530495,8
MCF7,4,A133,8,1,60,0.05670080706477165,0.0003399591369088739,0.05682311952114105,0.00033374226768501103,0.06196427717804909,6.473315443145111e-05,0.07907360792160034,0.03813490271568298,0.06801839917898178,0.07144277542829514,9
MCF7,4,A133,8,1,60,0.05503803491592407,0.0017422765959054232,0.06418217718601227,0.0014448512811213732,0.04434311389923096,0.00012878800043836236,0.06623861938714981,0.024044107645750046,0.05363736301660538,0.05871357396245003,10
MCF7,4,A133,8,1,60,0.10245679318904877,0.002063438529148698,0.10264841467142105,0.0020476276986300945,0.1403520554304123,0.0024572694674134254,0.28604814410209656,0.05825363099575043,0.18195150792598724,0.20797784626483917,11
MCF7,4,A133,8,1,60,0.05512084439396858,0.0011138287372887135,0.05818231403827667,0.0009975684806704521,0.043569937348365784,0.00010143580584554002,0.060221392661333084,0.02206469140946865,0.05192110687494278,0.055412184447050095,12
MCF7,4,A133,8,1,60,0.05430237948894501,0.00040891088428907096,0.05467556416988373,0.0003913171822205186,0.05006694793701172,4.996888674213551e-05,0.06213526055216789,0.035669516772031784,0.05583212897181511,0.059127964079380035,13
MCF7,4,A133,8,1,60,0.05799758806824684,0.000632300681900233,0.05849876254796982,0.0006084463675506413,0.046853628009557724,0.00010071589349536225,0.06839244067668915,0.025375761091709137,0.0550270639359951,0.05984286963939667,14
MCF7,4,A133,8,1,60,0.050444167107343674,0.0003177648177370429,0.05069131776690483,0.0003067934012506157,0.045728519558906555,7.146102871047333e-05,0.0676950067281723,0.025601858273148537,0.05270273983478546,0.05608706921339035,15
MCF7,4,A133,8,1,60,0.06615304201841354,0.0008845597039908171,0.06672529876232147,0.000854027341119945,0.06599553674459457,5.9553382016019896e-05,0.08805201947689056,0.049548134207725525,0.07212793081998825,0.07571130245923996,16
MCF7,4,A133,8,1,60,0.07394115626811981,0.0004651503113564104,0.07395010441541672,0.0004645448934752494,0.0705750435590744,9.8353651992511e-05,0.09634331613779068,0.03916802257299423,0.07847242057323456,0.08277090638875961,17
MCF7,4,A133,8,1,60,0.04006257280707359,0.0031271479092538357,0.08621079474687576,0.0027508451603353024,0,0,0,0,0,0,18
MCF7,4,A133,8,1,60,0.056452471762895584,0.0004514665633905679,0.05665094405412674,0.00044180979602970183,0.04825306311249733,5.7033092161873356e-05,0.07185778766870499,0.03401302546262741,0.05427798256278038,0.05801960453391075,19
MCF7,4,A133,8,1,60,0.04812592640519142,0.0006746224244125187,0.05015869811177254,0.0006011564400978386,0.042139891535043716,6.970038521103561e-05,0.058248359709978104,0.01963360793888569,0.049043890088796616,0.05258588492870331,20
MCF7,4,A133,8,1,60,0.044072866439819336,0.00042628092342056334,0.04521319642663002,0.00038575250073336065,0.040751535445451736,2.7217773094889708e-05,0.05396288260817528,0.025721881538629532,0.044846683740615845,0.04721977189183235,21
MCF7,4,A133,8,1,60,0.04747710004448891,0.0004718966956716031,0.047800224274396896,0.0004596628132276237,0.04212385416030884,4.89749108965043e-05,0.05545308068394661,0.014445355162024498,0.04767373204231262,0.05054154619574547,22
MCF7,4,A133,8,1,60,0.05697030574083328,0.0009795597288757563,0.059139564633369446,0.0008885689312592149,0.04140377417206764,0.00017816488980315626,0.0679827481508255,0.011114128865301609,0.052519541233778,0.05750051140785217,23
MCF7,4,A133,8,1,60,0.05836398899555206,0.0008894465863704681,0.05920363962650299,0.0008525321609340608,0.052435167133808136,4.9451544327894226e-05,0.08246270567178726,0.03809221088886261,0.05745547637343407,0.06135987117886543,24
MCF7,4,A133,8,1,60,0.05044131726026535,0.0012416865210980177,0.06025315076112747,0.0008920250693336129,0.04653270170092583,0.00016911409329622984,0.07464414089918137,0.020189546048641205,0.05687893554568291,0.06354545801877975,25
MCF7,4,A133,8,1,60,0.055244024842977524,0.0008356478065252304,0.05771660432219505,0.0007303404854610562,0.04435892403125763,0.0002954307710751891,0.11728120595216751,0,0.05744077265262604,0.06535305082798004,26
MCF7,4,A133,8,1,60,0.061893828213214874,0.00057069375179708,0.062327124178409576,0.0005476829828694463,0.048728082329034805,0.00013756206317339092,0.08084782212972641,0.026758912950754166,0.058155354112386703,0.06407534331083298,27
MCF7,4,A133,8,1,60,0.07351461052894592,0.001133374753408134,0.07388433814048767,0.001111757243052125,0.054027147591114044,0.00032320525497198105,0.09587209671735764,0,0.06834196299314499,0.07693342864513397,28
MCF7,4,A133,8,1,60,0.05882161483168602,0.0004744045727420598,0.05932912230491638,0.00044838726171292365,0.0494207926094532,0.00013800006126984954,0.06953639537096024,0.02279667556285858,0.05922861024737358,0.06403850764036179,29
MCF7,4,A133,8,1,60,0.06076565384864807,0.0005651169922202826,0.06100676208734512,0.0005526500754058361,0.06330546736717224,5.8149184042122215e-05,0.08678243309259415,0.04498664662241936,0.06936203688383102,0.07301929593086243,30
MCF7,4,A133,9,1,60,0.08162190020084381,0.0005535983946174383,0.08185454457998276,0.0005361337098293006,0.08180257678031921,2.1993813788867556e-05,0.09392531216144562,0.07226374000310898,0.0855417251586914,0.08823966979980469,1
MCF7,4,A133,9,1,60,0.05968603119254112,0.0009387311874888837,0.07165201753377914,0.0002695432340260595,0.07540293037891388,1.154118581325747e-05,0.08579803258180618,0.06711438298225403,0.07811740785837173,0.07977477461099625,2
MCF7,4,A133,9,1,60,0.09905155003070831,0.0008358004270121455,0.09910175949335098,0.0008312481222674251,0.09650951623916626,3.401264621061273e-05,0.10836325585842133,0.0835585743188858,0.10142447799444199,0.10385548323392868,3
MCF7,4,A133,9,1,60,0.07890697568655014,0.0007792459800839424,0.08148816227912903,0.0005944009753875434,0.07910533994436264,3.2736119464971125e-05,0.0962001234292984,0.0631849616765976,0.08349847793579102,0.08543651551008224,4
MCF7,4,A133,9,1,60,0.11813238263130188,0.0012176047312095761,0.11824516206979752,0.0012054316466674209,0.11661295592784882,0.00016226492880377918,0.14745013415813446,0.08855760097503662,0.12690328061580658,0.13347424566745758,5
MCF7,4,A133,9,1,60,0.11800136417150497,0.0014284155331552029,0.1181522011756897,0.0014124196022748947,0.14358901977539062,0.001995386788621545,0.2357104867696762,0.07352045178413391,0.17615264654159546,0.21500273048877716,6
MCF7,4,A133,9,1,60,0.08161043375730515,0.0010164963314309716,0.08293288201093674,0.0009232940501533449,0.08096732944250107,4.218806861899793e-05,0.09238741546869278,0.07082774490118027,0.08679330348968506,0.08969184011220932,7
MCF7,4,A133,9,1,60,0.08894596993923187,0.0007670610793866217,0.08907324075698853,0.0007568221772089601,0.08994539827108383,8.974203956313431e-05,0.10888060182332993,0.06686964631080627,0.09748571366071701,0.10170512646436691,8
MCF7,4,A133,9,1,60,0.10369441658258438,0.0009368820465169847,0.10380109399557114,0.0009267717250622809,0.1130722388625145,0.0006928021321073174,0.1887979805469513,0.07584855705499649,0.13336609303951263,0.15239080786705017,9
MCF7,4,A133,9,1,60,0.089078389108181,0.0012734134215861559,0.0901726558804512,0.0011903834529221058,0.08108878880739212,0.0003416516992729157,0.12539778649806976,0.034591395407915115,0.0963595062494278,0.10461154580116272,10
MCF7,4,A133,9,1,60,0.10851558297872543,0.0013777029234915972,0.10855908691883087,0.0013735335087403655,0.08347609639167786,0.0001040006463881582,0.10814560949802399,0.05610482022166252,0.09176837652921677,0.09664951264858246,11
MCF7,4,A133,9,1,60,0.08641874045133591,0.000737465568818152,0.08654968440532684,0.0007272491347976029,0.07319187372922897,0.00025939667830243707,0.10590390861034393,0.03416842967271805,0.08610832691192627,0.09276417642831802,12
MCF7,4,A133,9,1,60,0.09114494919776917,0.001115643884986639,0.0912478119134903,0.0011075172806158662,0.07253283262252808,0.0005265552317723632,0.13027864694595337,0.018340276554226875,0.09161548316478729,0.10256039351224899,13
MCF7,4,A133,9,1,60,0.09613019973039627,0.0009086808422580361,0.09637908637523651,0.0008870460442267358,0.10823002457618713,0.00015531333338003606,0.14417405426502228,0.07381594181060791,0.11833593249320984,0.12390533089637756,14
MCF7,4,A133,9,1,60,0.09621599316596985,0.0008006785647012293,0.09683863073587418,0.0007455645245499909,0.11837762594223022,0.0008973193471319973,0.250114381313324,0.03131536394357681,0.14023806154727936,0.15359599888324738,15
MCF7,4,A133,9,1,60,0.04499714449048042,0.0018049192149192095,0.07248256355524063,0.0009151967824436724,0.062222495675086975,0.000364404811989516,0.1145988330245018,0.01067742332816124,0.07689512521028519,0.08623465150594711,16
MCF7,4,A133,9,1,60,0.09626007825136185,0.007144966162741184,0.13296426832675934,0.004989012610167265,0.09088799357414246,0.00015834013174753636,0.11625362187623978,0.06541385501623154,0.10088507831096649,0.10666957497596741,17
MCF7,4,A133,9,1,60,0.07946322113275528,0.001385569223202765,0.08097093552350998,0.0012897775741294026,0.07856842875480652,0.00020457386563066393,0.12277491390705109,0.051388777792453766,0.08986533433198929,0.09811518341302872,18
MCF7,4,A133,9,1,60,0.06513044238090515,0.0013606511056423187,0.07571462541818619,0.0007803899352438748,0.07070066779851913,0.00014125918096397072,0.09292221069335938,0.04225495830178261,0.08082900196313858,0.08597585558891296,19
MCF7,4,control,0,3,0,0.02428637631237507,0.00016434030840173364,0.02518353797495365,0.00014781752543058246,0.02409774623811245,7.0744106778875e-05,0.050745680928230286,0,0.03084128350019455,0.034545909613370895,1
MCF7,4,control,0,3,0,0.011434990912675858,0.00013739908172283322,0.01599401794373989,0.00011926169827347621,0.007608476560562849,5.799516293336637e-05,0.03554736077785492,0,0.013679110445082188,0.018383609130978584,2
MCF7,4,control,0,3,0,0.036344412714242935,0.0005058764945715666,0.038606319576501846,0.00045003590639680624,0.03160029649734497,8.375285688089207e-05,0.05642778053879738,0.01649663969874382,0.03892906755208969,0.04471110180020332,3
MCF7,4,control,0,3,0,0.010918516665697098,0.0001365019561490044,0.016528423875570297,0.00011391339648980647,0.009171910583972931,3.706580901052803e-05,0.024539778009057045,0,0.013916962780058384,0.017755625769495964,4
MCF7,4,control,0,3,0,0.017778586596250534,0.00016143734683282673,0.019795961678028107,0.00013982015661895275,0.011242063716053963,5.201420935918577e-05,0.03358808904886246,0,0.01712777465581894,0.020725978538393974,5
MCF7,4,control,0,3,0,0.016961513087153435,0.0002835875784512609,0.021986233070492744,0.00025712355272844434,0.014188925735652447,0.00019428579253144562,0.07476230710744858,0,0.0253010131418705,0.03407777473330498,6
MCF7,4,control,0,3,0,0.01932957023382187,0.0002466338046360761,0.02237764187157154,0.00021731674496550113,0.012128526344895363,9.745069110067561e-05,0.03849896043539047,0,0.020371360704302788,0.02592432126402855,7
MCF7,4,control,0,3,0,0.005409081932157278,9.415808017365634e-05,0.014919780194759369,0.00011781712964875624,0.006969552952796221,4.4248808990232646e-05,0.02746323123574257,0,0.012475889176130295,0.01646362617611885,8
MCF7,4,control,0,3,0,0.04798547178506851,0.0007322223391383886,0.04901820048689842,0.0006973582785576582,0.03639061748981476,0.0004059144121129066,0.07966362684965134,0.002865805057808757,0.05392953008413315,0.06441359966993332,9
MCF7,4,control,1,3,0,0.026158493012189865,0.00028752366779372096,0.027764271944761276,0.00026059045922011137,0.028594281524419785,3.334772918606177e-05,0.04483870044350624,0.012304452247917652,0.03322704881429672,0.03579029440879822,1
MCF7,4,control,1,3,0,0.04630532115697861,0.0017504101851955056,0.053019728511571884,0.0016482289647683501,0.025604648515582085,0.00023857589985709637,0.07210317999124527,0,0.03801656886935234,0.04574967175722122,2
MCF7,4,control,1,3,0,0.02090039663016796,0.0007773085380904377,0.036012984812259674,0.0007951127481646836,0.01028148178011179,0.0002436526119709015,0.06869909167289734,0,0.020559316501021385,0.03357870876789093,3
MCF7,4,control,1,3,0,0.013167873956263065,0.0002208023943239823,0.019939633086323738,0.00019932661962229759,0.012794638983905315,7.424627983709797e-05,0.033950794488191605,0,0.020226579159498215,0.024482404813170433,4
MCF7,4,control,1,3,0,0.01336411852389574,0.00018493583775125444,0.017778296023607254,0.0001675437088124454,0.007094469387084246,4.921783329336904e-05,0.03485541418194771,0,0.012941527180373669,0.016986967995762825,5
MCF7,4,control,1,3,0,0.03413259610533714,0.0003833023947663605,0.03495746850967407,0.0003637301560956985,0.026205793023109436,8.475645154248923e-05,0.04555964842438698,0,0.03330635279417038,0.03678848594427109,6
MCF7,4,control,1,3,0,0.03758123889565468,0.00040778666152618825,0.039054643362760544,0.0003662309900391847,0.028957217931747437,0.00010157575161429122,0.051387157291173935,0,0.03701956570148468,0.04110170155763626,7
MCF7,4,control,2,3,0,0.01896294392645359,0.00029815908055752516,0.023069169372320175,0.00026799505576491356,0.011739911511540413,9.770583710633218e-05,0.041200559586286545,0,0.019977141171693802,0.025265883654356003,1
MCF7,4,control,2,3,0,0.015021556057035923,0.00018816933152265847,0.018723133951425552,0.00016523245722055435,0.009253923781216145,5.737473475164734e-05,0.030312558636069298,0,0.01555087324231863,0.019933750852942467,2
MCF7,4,control,2,3,0,0.03323983773589134,0.00034041228354908526,0.03383396193385124,0.00032639523851685226,0.020551154389977455,4.36425325460732e-05,0.03511027991771698,0.006618751212954521,0.025983167812228203,0.029744429513812065,3
MCF7,4,control,2,3,0,0.018868103623390198,0.00030100048752501607,0.022743528708815575,0.00027468378539197147,0.008620590902864933,7.769397052470595e-05,0.038378871977329254,0,0.01584557443857193,0.0213815625756979,4
MCF7,4,control,2,3,0,0.03701041266322136,0.0004086945846211165,0.038443174213171005,0.00036943613667972386,0.034495364874601364,0.00022991708829067647,0.07400909811258316,0,0.04707576707005501,0.053669534623622894,5
MCF7,4,control,2,3,0,0.02293594554066658,0.0003906180209014565,0.027711983770132065,0.00033960436121560633,0.011062989942729473,9.157128806691617e-05,0.03976971283555031,0,0.018825288861989975,0.02434954233467579,6
MCF7,4,control,2,3,0,0.03570883721113205,0.000600688683334738,0.037785280495882034,0.0005571592482738197,0.01751106232404709,0.0001412447600159794,0.04356886446475983,0,0.02756895124912262,0.033424489200115204,7
MCF7,4,control,3,3,0,0.03415665775537491,0.002774778986349702,0.07708481699228287,0.0029530180618166924,0.03886626288294792,0.0014175574760884047,0.21835704147815704,0,0.0691165030002594,0.09148217737674713,1
MCF7,4,control,3,3,0,0.0123179005458951,0.00028831884264945984,0.01925155147910118,0.00031712770578451455,0.011878804303705692,1.4392732737178449e-05,0.02042851224541664,0.0030878863763064146,0.014960849657654762,0.016657881438732147,2
MCF7,4,control,3,3,0,0.027590053156018257,0.0004909511189907789,0.03208216279745102,0.0004267692565917969,0.018689336255192757,0.0001085372205125168,0.049222059547901154,0,0.026993298903107643,0.03238232433795929,3
MCF7,4,control,3,3,0,0.010310281068086624,0.00010244821169180796,0.013408447615802288,9.1691552370321e-05,0.008566209115087986,3.324691715533845e-05,0.031107023358345032,0,0.013274946250021458,0.016145162284374237,4
MCF7,4,control,3,3,0,0.029162747785449028,0.00036026991438120604,0.03158726915717125,0.0003136379236821085,0.02532106451690197,0.00011498820822453126,0.055429477244615555,0,0.033950574696063995,0.03886868804693222,5
MCF7,4,control,3,3,0,0.09149964153766632,0.0016837361035868526,0.09264833480119705,0.0015984494239091873,0.07693325728178024,0.00046536876470781863,0.15990690886974335,0.022258803248405457,0.09414227306842804,0.10383977741003036,6
MCF7,4,control,3,3,0,0.02921847254037857,0.00022039357281755656,0.029802165925502777,0.0002074009826174006,0.024710454046726227,7.996328349690884e-05,0.051072537899017334,0,0.0319577120244503,0.03649156168103218,7
MCF7,4,control,3,3,0,0.01164145115762949,0.00016467570094391704,0.017188258469104767,0.000147798826219514,0.011814804747700691,9.739267261466011e-05,0.04784318432211876,0,0.0199792068451643,0.025321371853351593,8
MCF7,4,control,3,3,0,0.03459712117910385,0.0002682210470084101,0.03557436168193817,0.00024103259784169495,0.03405144065618515,2.9697575882892124e-05,0.04899284243583679,0.015931298956274986,0.03842825070023537,0.04066039249300957,9
MCF7,4,control,3,3,0,0.01480929460376501,0.00019939622143283486,0.0184310395270586,0.00018140784231945872,0.004995713010430336,4.0682116377865896e-05,0.02632412500679493,0,0.009831300005316734,0.014543401077389717,10
MCF7,4,control,3,3,0,0.05740688741207123,0.0005348733975552022,0.05826077610254288,0.00049308076268062,0.05739833787083626,6.114766438258812e-05,0.08792486041784286,0.04213777184486389,0.0632321685552597,0.06785695254802704,11
MCF7,4,control,3,3,0,0.03532586991786957,0.0006414969102479517,0.0382351353764534,0.0005830914597027004,0.02342582494020462,0.0003906036145053804,0.10386747866868973,0,0.039254870265722275,0.05093460902571678,12
MCF7,4,control,4,3,0,0.07211942970752716,0.0007903670193627477,0.07230988144874573,0.0007786828209646046,0.05880327522754669,0.0003317900700494647,0.09738505631685257,0.019062019884586334,0.07366668432950974,0.08172989636659622,1
MCF7,4,control,4,3,0,0.022510269656777382,0.0007329449872486293,0.034168846905231476,0.0007141935639083385,0.011271516792476177,0.00012646034883800894,0.03886112943291664,0,0.020537598058581352,0.02732786536216736,2
MCF7,4,control,4,3,0,0.03023507259786129,0.0005878796800971031,0.034237686544656754,0.0005286649102345109,0.016280576586723328,0.0001563445694046095,0.06490128487348557,0,0.02662152424454689,0.033235400915145874,3
MCF7,4,control,5,3,0,0.0062076617032289505,0.00011513784556882456,0.017786545678973198,0.00012395111843943596,0.010932880453765392,6.050921365385875e-05,0.03694652393460274,0,0.017306961119174957,0.02140657603740692,1
MCF7,4,control,5,3,0,0.013617808930575848,0.000510907731950283,0.035006944090127945,0.0005646087229251862,0.017100578173995018,0.00027293135644868016,0.0783376544713974,0,0.030251776799559593,0.040410589426755905,2
MCF7,4,control,5,3,0,0.031051892787218094,0.000309640628984198,0.03228672221302986,0.000282085471553728,0.025800229981541634,0.00012418544793035835,0.05226743221282959,0,0.03476186841726303,0.0393286757171154,3
MCF7,4,control,5,3,0,0.03436862304806709,0.0014358039479702711,0.04618735983967781,0.001383674331009388,0.013794497586786747,0.00034246486029587686,0.08926009386777878,0,0.026626741513609886,0.040349166840314865,4
MCF7,4,control,5,3,0,0.017856815829873085,0.0003500883176457137,0.025385942310094833,0.000306565169012174,0.008323390036821365,5.8280893426854163e-05,0.03189091384410858,0,0.014734635129570961,0.018905064091086388,5
MCF7,4,control,6,3,0,0.009324152022600174,9.632568253437057e-05,0.012771486304700375,8.791171421762556e-05,0.007973602041602135,3.5554749047150835e-05,0.02561759762465954,0,0.012714950367808342,0.01650919020175934,1
MCF7,4,control,6,3,0,0.03564346581697464,0.0002462489064782858,0.03642856329679489,0.00022307285689748824,0.044675931334495544,2.8953718356206082e-05,0.0569024533033371,0.0284834336489439,0.048980120569467545,0.05131256580352783,2
MCF7,4,control,6,3,0,0.026557225733995438,0.0005522227147594094,0.03288352116942406,0.0004757387505378574,0.022677890956401825,0.00030610791873186827,0.09012842178344727,0,0.036759622395038605,0.04620620235800743,3
MCF7,4,control,6,3,0,0.02233108878135681,0.0006572289275936782,0.03326473757624626,0.0006153134745545685,0.013210011646151543,0.00025098066544160247,0.06045498326420784,0,0.025735246017575264,0.03673548996448517,4
MCF7,4,control,6,3,0,0.039021026343107224,0.0005245368229225278,0.04120970889925957,0.00046376296086236835,0.039605483412742615,0.0001768429938238114,0.07902418822050095,0.004738448653370142,0.050277914851903915,0.056320272386074066,5
MCF7,4,control,6,3,0,0.008466845378279686,0.0002105387975461781,0.021113615483045578,0.00025799768627621233,0.00752373319119215,8.38037085486576e-05,0.02770332060754299,0,0.015170467086136341,0.021396925672888756,6
MCF7,4,control,6,3,0,0.042407285422086716,0.00041490510920993984,0.04335751011967659,0.00038300256710499525,0.057210490107536316,0.00010719387501012534,0.08040895313024521,0.034505680203437805,0.0654948428273201,0.07097995281219482,7
MCF7,4,control,6,3,0,0.024713408201932907,0.0001653311774134636,0.025535400956869125,0.00014984035806264728,0.025459852069616318,6.30785507382825e-05,0.05047282576560974,0.0048438431695103645,0.03194268047809601,0.03575418144464493,8
MCF7,4,control,6,3,0,0.029360124841332436,0.00023929814051371068,0.030454065650701523,0.00021489933715201914,0.028101539239287376,6.81992678437382e-05,0.05567223206162453,0.001952377730049193,0.03466910496354103,0.038708947598934174,9
MCF7,4,control,6,3,0,0.01699887216091156,0.0002813897735904902,0.022064564749598503,0.00025347209884785116,0.009462387301027775,9.872673399513587e-05,0.0436851866543293,0,0.01735117845237255,0.023378711193799973,10
MCF7,4,control,6,3,0,0.009212677367031574,0.00032106583239510655,0.028411025181412697,0.00044469183194451034,0.019191836938261986,0.00028831465169787407,0.08183314651250839,0,0.03279147297143936,0.04235168546438217,11
MCF7,4,control,6,3,0,0.04559848830103874,0.0005320585914887488,0.04711247608065605,0.00047839657054282725,0.04776982218027115,9.153313294518739e-05,0.06988542526960373,0.030123271048069,0.05546671524643898,0.06026924401521683,12
MCF7,4,control,6,3,0,0.02188214100897312,0.00039873929927125573,0.027788132429122925,0.0003422425070311874,0.018449699506163597,6.751023465767503e-05,0.039441805332899094,0.002916261786594987,0.025299325585365295,0.029765792191028595,13
MCF7,4,control,7,3,0,0.01955602690577507,0.0010042382637038827,0.044537730515003204,0.0011744665680453181,0.015536870807409286,0.00043034821283072233,0.12426050007343292,0,0.03034401126205921,0.04451427608728409,1
MCF7,4,control,7,3,0,0.01278787013143301,0.0003386121243238449,0.024843355640769005,0.0003583325888030231,0.008118302561342716,0.00011015682684956118,0.05133797600865364,0,0.01571626588702202,0.023162024095654488,2
MCF7,4,control,7,3,0,0.013049132190644741,0.00039327109698206186,0.027490578591823578,0.0004314997640904039,0.014057746157050133,0.00010248971375403926,0.04248948395252228,0,0.0223141647875309,0.02789558656513691,3
MCF7,4,control,7,3,0,0.03600374981760979,0.0012627335963770747,0.04497168958187103,0.001173956086859107,0.016489874571561813,0.00015786002040840685,0.05597975477576256,0,0.026984674856066704,0.03348500281572342,4
MCF7,4,control,8,3,0,0.10108748078346252,0.0016530525172129273,0.1022169440984726,0.0015560714527964592,0.08711270987987518,0.00022074619482737035,0.12236304581165314,0.04366790130734444,0.09881774336099625,0.10757795721292496,1
MCF7,4,control,8,3,0,0.02136317268013954,0.00021174117864575237,0.02297171950340271,0.00019073323346674442,0.017356442287564278,2.7680433049681596e-05,0.03168732300400734,0.008760044351220131,0.021504554897546768,0.024638282135128975,2
MCF7,4,control,8,3,0,0.009625740349292755,0.00011494953650981188,0.013314304873347282,0.00010988728172378615,0.005491733551025391,1.6148393115145154e-05,0.015985986217856407,0,0.008668695576488972,0.01097163651138544,3
MCF7,4,control,8,3,0,0.020792238414287567,0.0008001670357771218,0.036740291863679886,0.0008279745234176517,0.009322760626673698,0.0002036412915913388,0.0695812851190567,0,0.018741631880402565,0.030571648851037025,4
MCF7,4,control,9,3,0,0.0396878682076931,0.00022428798547480255,0.040125954896211624,0.00020918530935887247,0.045149073004722595,3.591310087358579e-05,0.05791231244802475,0.02912813238799572,0.04992768168449402,0.05260680988430977,1
MCF7,4,control,9,3,0,0.04324811324477196,0.000520592846442014,0.04478468745946884,0.0004702742153313011,0.04754483699798584,0.00018594638095237315,0.10449886322021484,0,0.057845339179039,0.06529375165700912,2
MCF7,4,control,9,3,0,0.04052204266190529,0.0010457845637574792,0.045888397842645645,0.0009380249539390206,0.02271244488656521,0.0003186998364981264,0.08463533967733383,0,0.03712158650159836,0.04702364653348923,3
MCF7,4,control,9,3,0,0.014833351597189903,0.00014387539704330266,0.017787771299481392,0.00011997911497019231,0.011356251314282417,2.705325823626481e-05,0.026147620752453804,0,0.015648603439331055,0.01803388074040413,4
MCF7,4,control,9,3,0,0.019657092168927193,0.00022623407130595297,0.022156449034810066,0.00019962235819548368,0.01295335404574871,4.588417141349055e-05,0.03808579593896866,0,0.01829748973250389,0.021609004586935043,5
MCF7,4,control,9,3,0,0.0324048213660717,0.000359295925591141,0.033980078995227814,0.00032323450432159007,0.03123483620584011,4.498581256484613e-05,0.04387035593390465,0.01833474077284336,0.036409325897693634,0.040262021124362946,6
MCF7,4,control,9,3,0,0.0631791353225708,0.0009182632784359157,0.06408772617578506,0.000873239419888705,0.054383132606744766,0.0003143034700769931,0.08658187836408615,0.009164495393633842,0.06917033344507217,0.07404673099517822,7
MCF7,4,control,0,3,0,0.03435451164841652,0.00018078781431540847,0.035127826035022736,0.00015769244055263698,0.0427825003862381,5.590907676378265e-05,0.06049184873700142,0.019729066640138626,0.048617717,0.051590405,1
MCF7,4,control,0,3,0,0.03671262785792351,0.00017436916823498905,0.037943605333566666,0.00013350805966183543,0.041555143892765045,3.338456735946238e-05,0.0603608712553978,0.024026673287153244,0.046093326,0.04900555,2
MCF7,4,control,0,3,0,0.048080142587423325,0.00010005548392655328,0.048080142587423325,0.00010005548392655328,0.04376031085848808,4.332878233981319e-05,0.06893666088581085,0.020514488220214844,0.04892285,0.051942036,3
MCF7,4,control,0,3,0,0.056152861565351486,0.00021779362577944994,0.05625871196389198,0.00021224949159659445,0.051448144018650055,0.00011787498078774661,0.07885269820690155,0.010873609222471714,0.059950635,0.06475111,4
MCF7,4,control,0,3,0,0.05266359820961952,0.0003587357932701707,0.053478628396987915,0.00032070098677650094,0.04909328371286392,0.00021200535411480814,0.11688358336687088,0,0.060437344,0.06738611,5
MCF7,4,control,0,3,0,0.0754787027835846,0.00038932860479690135,0.07562233507633209,0.00037920777685940266,0.07642345130443573,4.2535841203061864e-05,0.08932539075613022,0.06531567871570587,0.08214848,0.085640095,6
MCF7,4,control,0,3,0,0.026206979528069496,0.0003127701347693801,0.028689011931419373,0.0002711851557251066,0.022279491648077965,0.00024438509717583656,0.10508408397436142,0,0.034718726,0.043397125,7
MCF7,4,control,0,3,0,0.021471811458468437,0.0009115511202253401,0.04580404609441757,0.0008300222689285874,0.027733642607927322,0.0005546879256144166,0.11609367281198502,0,0.046873167,0.060675755,8
MCF7,4,control,0,3,0,0.05167485028505325,0.0010932919103652239,0.0621490515768528,0.0006639347411692142,0.0826537236571312,0.00016045939992181957,0.11576806008815765,0.04610403999686241,0.092677176,0.098981306,9
MCF7,4,control,1,3,0,0.06208597868680954,0.0007234198856167495,0.06305960565805435,0.0006733682239428163,0.04880799353122711,0.00016091327415779233,0.09966398030519485,0.015688225626945496,0.058670465,0.0659636,1
MCF7,4,control,1,3,0,0.042437661439180374,0.0013462469214573503,0.060100872069597244,0.0008450013701803982,0.04574918374419212,0.00043065976933576167,0.1260950267314911,0,0.062025074,0.073482394,2
MCF7,4,control,1,3,0,0.06102743744850159,0.002876023994758725,0.08675720542669296,0.0018563406774774194,0.059323426336050034,0.0008914719219319522,0.15734775364398956,0,0.083059326,0.09931312,3
MCF7,4,control,1,3,0,0.058525554835796356,0.0005277717136777937,0.059083081781864166,0.0004998586373403668,0.05064886063337326,8.255123248090968e-05,0.08320928364992142,0.020636029541492462,0.057620518,0.061862946,4
MCF7,4,control,2,3,0,0.06789764761924744,0.0019245826406404376,0.08496639132499695,0.000958132732193917,0.07969482243061066,0.0004351582028903067,0.1706136018037796,0.023722833022475243,0.09657086,0.107333235,1
MCF7,4,control,2,3,0,0.03055127151310444,0.00030561655876226723,0.03317612037062645,0.00024479167768731713,0.04285041615366936,6.875443796161562e-05,0.06331562995910645,0.02292638085782528,0.049591433,0.052959595,2
MCF7,4,control,2,3,0,0.0690971091389656,0.000820656365249306,0.07211091369390488,0.0006391227943822742,0.06561090797185898,0.00031269906321540475,0.1449006348848343,0.018918339163064957,0.07941902,0.08879363,3
MCF7,4,control,2,3,0,0.0870337039232254,0.0027215098962187767,0.10364892333745956,0.0015189113328233361,0.09067590534687042,0.001016096444800496,0.2186163365840912,0,0.11551554,0.13158716,4
MCF7,4,control,2,3,0,0.029371580109000206,0.002034285571426153,0.0747222900390625,0.0017865815898403525,0.05569520965218544,0.0010173043701797724,0.1711684912443161,0,0.081439875,0.097359896,5
MCF7,4,control,2,3,0,0.07599110901355743,0.0007596158538945019,0.07729903608560562,0.0006715885829180479,0.060590960085392,0.0003476385900285095,0.12614481151103973,0.008365177549421787,0.075432085,0.08499761,6
MCF7,4,control,2,3,0,0.033913541585206985,0.001715181628242135,0.0623188391327858,0.0013815979473292828,0.05281887203454971,0.0009969193488359451,0.19600680470466614,0,0.07783634,0.09434446,7
MCF7,4,control,2,3,0,0.04495122283697128,0.0010873567080125213,0.05993860587477684,0.0005515739903785288,0.08360377699136734,7.616645598318428e-05,0.10361448675394058,0.061816129833459854,0.09072346,0.094886765,8
MCF7,4,control,3,3,0,0.042364638298749924,0.00031137006590142846,0.04311363026499748,0.0002845830167643726,0.04686465859413147,5.906835576752201e-05,0.06246728077530861,0.027086567133665085,0.052954976,0.056555364,1
MCF7,4,control,3,3,0,0.05612143874168396,0.00024740243679843843,0.056217748671770096,0.00024241222126875073,0.06022711098194122,5.3577252401737496e-05,0.07660746574401855,0.04313277825713158,0.0659489,0.06799439,2
MCF7,4,control,3,3,0,0.04360656440258026,0.0026462278328835964,0.08598840981721878,0.0015737874200567603,0.06515520811080933,0.0011663819896057248,0.17670956254005432,0,0.09186612,0.110164724,3
MCF7,4,control,3,3,0,0.06763093173503876,0.0006614995654672384,0.06847677379846573,0.0006118520977906883,0.05866478011012077,0.0002304521040059626,0.11694620549678802,0.003078955691307783,0.07079144,0.0781282,4
MCF7,4,control,3,3,0,0.05478633567690849,0.00020839396165683866,0.05479061231017113,0.00020817577023990452,0.049987923353910446,0.00013322090671863407,0.0898207277059555,0.01399706769734621,0.05901432,0.064660504,5
MCF7,4,control,3,3,0,0.04731973260641098,0.0005457797669805586,0.04996441677212715,0.000444143486674875,0.05043851211667061,2.9880240617785603e-05,0.06598663330078125,0.038929060101509094,0.054688033,0.057910375,6
MCF7,4,control,3,3,0,0.05677419528365135,0.0011650422820821404,0.0655498281121254,0.0007698829867877066,0.0570649616420269,0.0002607298665679991,0.12709927558898926,0.009806490503251553,0.06965098,0.07877959,7
MCF7,4,control,4,3,0,0.04714910686016083,0.00020851209410466254,0.04718688502907753,0.00020689655502792448,0.03356997296214104,4.477132824831642e-05,0.05290461331605911,0.01788257621228695,0.038998507,0.042356078,1
MCF7,4,control,4,3,0,0.052816882729530334,0.0001957697531906888,0.052816882729530334,0.0001957697531906888,0.04228639230132103,6.605924136238173e-05,0.06128895655274391,0.024104977026581764,0.048916616,0.052523855,2
MCF7,4,control,4,3,0,0.0531371645629406,0.0002311018470209092,0.0531371645629406,0.0002311018470209092,0.04068590700626373,6.228669371921569e-05,0.06570194661617279,0.02046511135995388,0.047016498,0.050776344,3
MCF7,4,control,4,3,0,0.02307789959013462,0.0013062352081760764,0.0685008242726326,0.000765715551096946,0.06608297675848007,0.0007162737310864031,0.1525922268629074,0,0.08691339,0.10052507,4
MCF7,4,control,4,3,0,0.04525967687368393,0.00024034120724536479,0.04574750363826752,0.00022061502386350185,0.05104044824838638,5.905780562898144e-05,0.07062219083309174,0.02925928868353367,0.057012774,0.06019144,5
MCF7,4,control,4,3,0,0.04195228964090347,0.0003386155003681779,0.04274706169962883,0.00031105621019378304,0.021870039403438568,0.00022940742201171815,0.04903534799814224,0,0.034882866,0.040159065,6
MCF7,4,control,4,3,0,0.032152485102415085,0.00213976064696908,0.07399055361747742,0.001828478300012648,0.05475803464651108,0.001210814225487411,0.17306579649448395,0,0.081886366,0.10150075,7
MCF7,4,control,5,3,0,0.05004853382706642,0.0005178101127967238,0.05134237930178642,0.0004647674213629216,0.04651476442813873,0.00013619654055219144,0.09281820058822632,0.0031449778471142054,0.055704348,0.061548416,1
MCF7,4,control,5,3,0,0.0820426270365715,0.0004153964400757104,0.0820438489317894,0.0004153021436650306,0.07070615142583847,0.00014260582975111902,0.10834349691867828,0.03687203675508499,0.080420285,0.08546778,2
MCF7,4,control,5,3,0,0.06334658712148666,0.0003451405209489167,0.06335009634494781,0.0003449380164965987,0.04532192274928093,0.00019459324539639056,0.1076856404542923,0.0064868140034377575,0.056047596,0.06263217,3
MCF7,4,control,5,3,0,0.04913373664021492,0.0003393457445781678,0.0493096187710762,0.0003318876842968166,0.03337522968649864,0.000164078053785488,0.0695280060172081,0,0.043589257,0.048738632,4
MCF7,4,control,5,3,0,0.048112478107213974,0.00033489707857370377,0.048249151557683945,0.0003292539913672954,0.039376962929964066,9.695411426946521e-05,0.07212581485509872,0.014877044595777988,0.047217295,0.05219787,5
MCF7,4,control,6,3,0,0.03064458630979061,0.0005162649904377759,0.03769528865814209,0.0003692689642775804,0.06489630788564682,8.704701031092554e-06,0.07455099374055862,0.05742941051721573,0.06717965,0.06870816,1
MCF7,4,control,6,3,0,0.05123588815331459,0.0007377483998425305,0.05595836043357849,0.0005414855550043285,0.08352067321538925,8.81322739587631e-06,0.09090019017457962,0.07799867540597916,0.08600641,0.087456964,2
MCF7,4,control,6,3,0,0.01428043469786644,0.000593544275034219,0.04090540483593941,0.00061106524663046,0.03537977114319801,0.0005811798619106412,0.117015540599823,0,0.055252265,0.067019545,3
MCF7,4,control,6,3,0,0.03635689616203308,0.00029800794436596334,0.03833506256341934,0.00023838957713451236,0.0449952706694603,7.667652243981138e-05,0.0767066702246666,0.014499873854219913,0.051712986,0.05580295,4
MCF7,4,control,6,3,0,0.028159476816654205,0.0008048744639381766,0.046091049909591675,0.0004909225972369313,0.06332498788833618,0.00010220236435998231,0.08418343216180801,0.041042231023311615,0.07191651,0.07691094,5
MCF7,4,control,6,3,0,0.006325822789222002,0.0001679920678725466,0.021073859184980392,0.00024885113816708326,0.01234989333897829,0.00022126914700493217,0.07083161920309067,0,0.023826884,0.034222078,6
MCF7,4,control,7,3,0,0.032583676278591156,0.0003384882875252515,0.035472530871629715,0.00026602362049743533,0.041404854506254196,0.00010226060840068385,0.07023030519485474,0.006894360762089491,0.049505148,0.05438509,1
MCF7,4,control,7,3,0,0.020283570513129234,0.00031414447585120797,0.025870203971862793,0.0002561408618930727,0.02204780839383602,0.00021679120254702866,0.07093505561351776,0,0.034035735,0.04142059,2
MCF7,4,control,7,3,0,0.025629403069615364,0.0003934860578738153,0.030659662559628487,0.00031648913864046335,0.028652328997850418,0.00013431083061732352,0.05658719316124916,0,0.037856676,0.04331349,3
MCF7,4,control,8,3,0,0.045453693717718124,0.00023968250025063753,0.0455813966691494,0.0002345352404518053,0.04166354984045029,0.00014582768199034035,0.09368143230676651,0.0015641077188774943,0.051171403,0.057476714,1
MCF7,4,control,8,3,0,0.05174657329916954,0.00035277384449727833,0.05252652242779732,0.00031712334020994604,0.05913528800010681,1.3590098205895629e-05,0.07020828872919083,0.05039988085627556,0.062182747,0.06388994,2
MCF7,4,control,8,3,0,0.05048445984721184,0.000273266457952559,0.051036883145570755,0.000248062628088519,0.05247466638684273,2.6095165594597347e-05,0.06666959077119827,0.03654865920543671,0.05652297,0.059044532,3
MCF7,4,control,8,3,0,0.023111864924430847,0.0015615826705470681,0.06855634599924088,0.001516588730737567,0.0621744804084301,0.00018665062088984996,0.09796125441789627,0.020509472116827965,0.07314805,0.080079556,4
MCF7,4,control,8,3,0,0.07035168260335922,0.001031400985084474,0.07232953608036041,0.0009173399303108454,0.062450312077999115,0.0005117501714266837,0.15931232273578644,0,0.07997429,0.09220955,5
MCF7,4,control,8,3,0,0.10490451753139496,0.006477865390479565,0.14607621729373932,0.0030060200951993465,0.13186527788639069,0.002919004065915942,0.3457152545452118,0.009562425315380096,0.17444368,0.20681493,6
MCF7,4,control,8,3,0,0.0851091668009758,0.002317652106285095,0.09573382139205933,0.0015898380661383271,0.07808415591716766,0.0008398928912356496,0.18145547807216644,0.00518907280638814,0.101262785,0.1160272,7
MCF7,4,control,8,3,0,0.08115454018115997,0.0016294444212689996,0.08723973482847214,0.0012207538820803165,0.07799511402845383,0.0006913662073202431,0.16955891251564026,0.011044623330235481,0.098905906,0.11327881,8
MCF7,4,control,8,3,0,0.06483526527881622,0.0003706532879732549,0.06483526527881622,0.0003706532879732549,0.04755830392241478,0.0001031852953019552,0.08783513307571411,0.018784064799547195,0.055563617,0.060796708,9
MCF7,4,control,8,3,0,0.05043967068195343,0.00015658466145396233,0.05043967068195343,0.00015658466145396233,0.04504070058465004,7.757268758723512e-05,0.0781366378068924,0.01787244714796543,0.052040786,0.056565832,10
MCF7,4,control,8,3,0,0.04412570968270302,0.00018350715981796384,0.04427341744303703,0.00017758196918293834,0.033583108335733414,5.762044747825712e-05,0.05710604041814804,0.0008152503287419677,0.039538454,0.042956248,11
MCF7,4,control,8,3,0,0.05169498547911644,0.0007297290139831603,0.05346978083252907,0.0006598840118385851,0.05021655932068825,0.0004608245799317956,0.12951768934726715,0,0.06738476,0.07818701,12
MCF7,4,control,8,3,0,0.041018303483724594,0.001550741377286613,0.05855555832386017,0.0011868523433804512,0.03641575947403908,0.00047530251322314143,0.11442269384860992,0,0.054342806,0.06563912,13
MCF7,4,control,8,3,0,0.030872754752635956,0.0007800274179317057,0.0434989407658577,0.0005498134414665401,0.03328144922852516,0.0003144287329632789,0.09283172339200974,0,0.047531545,0.056981664,14
MCF7,4,control,9,3,0,0.05994562804698944,0.0002097015385515988,0.05996134132146835,0.00020881388627458364,0.052620112895965576,6.600832421099767e-05,0.06838400661945343,0.035277172923088074,0.059462212,0.06297112,1
MCF7,4,control,9,3,0,0.06356452405452728,0.00020500613027252257,0.06356452405452728,0.00020500613027252257,0.051578886806964874,9.409955055161845e-06,0.06038905307650566,0.04239927604794502,0.054037392,0.05557194,2
MCF7,4,control,9,3,0,0.13430069386959076,0.001769981812685728,0.13447020947933197,0.0017494200728833675,0.12000399827957153,0.001133249024860561,0.2393343448638916,0.020728345960378647,0.14637785,0.16493961,3
MCF7,4,control,9,3,0,0.08674179017543793,0.0003971843689214438,0.08674179017543793,0.0003971843689214438,0.07088534533977509,4.73385771329049e-05,0.09258806705474854,0.050587546080350876,0.07620594,0.080005,4
MCF7,4,control,9,3,0,0.0681290552020073,0.0004287518095225096,0.06813380867242813,0.0004284581227693707,0.05036387965083122,9.010754729388282e-05,0.08257216215133667,0.025937799364328384,0.058010153,0.06262641,5
MCF7,4,control,9,3,0,0.09865891933441162,0.0006556447478942573,0.09865891933441162,0.0006556447478942573,0.09193778783082962,0.00035902264062315226,0.1553981602191925,0.031240174546837807,0.10740409,0.11666168,6
MCF7,4,control,9,3,0,0.06782379746437073,0.00014486727013718337,0.06782379746437073,0.00014486727013718337,0.060541387647390366,2.5350753276143223e-05,0.07341454178094864,0.04629547894001007,0.06434985,0.06680636,7
MCF7,4,control,9,3,0,0.0838373601436615,0.0011918405070900917,0.08774936944246292,0.0009041769080795348,0.028179103508591652,0.00032100212411023676,0.06088411062955856,0,0.044386562,0.055070013,8
MCF7,4,control,9,3,0,0.06947153806686401,0.00014913703489582986,0.06947153806686401,0.00014913703489582986,0.060486823320388794,3.194233067915775e-05,0.07924669235944748,0.04484179988503456,0.065053955,0.06784768,9
MCF7,4,control,9,3,0,0.06532663851976395,0.0010066708782687783,0.06545978784561157,0.0010000064503401518,0.03677970543503761,7.667924364795908e-05,0.06205502152442932,0.008414243347942829,0.043491118,0.04656128,10
