,index,Crizotinib_0μm_Metadata_treatment,Crizotinib_0μm_Predicted_Probability,Crizotinib_0μm_Metadata_hour,index,Lorlatinib_0μm_Metadata_treatment,Lorlatinib_0μm_Predicted_Probability,Lorlatinib_0μm_Metadata_hour
0,2309,control,-0.005015909985157052,1,2921.0,control,0.7326374745434499,1.0
1,115,Crizotinib,0.1258416075937161,1,2224.0,control,0.6192216723275179,1.0
2,1137,Crizotinib,0.5939042482976461,1,2435.0,control,-0.12141319006476431,1.0
3,1152,Crizotinib,0.2947951810483832,1,2793.0,control,-0.1186595164094015,1.0
4,2142,control,-0.11594040929161015,1,2585.0,control,-0.12691513147731334,1.0
5,2770,control,0.43956587511092204,1,2423.0,control,-0.13788465411670214,1.0
6,2296,control,-0.17976052381429858,1,2013.0,Lorlatinib,0.8505157199938387,1.0
7,960,Crizotinib,0.3338934919779578,1,2045.0,Lorlatinib,0.7717334785366139,1.0
8,952,Crizotinib,0.09708050779459043,1,2431.0,control,-0.1179802147147829,1.0
9,53,Crizotinib,0.5174885247813142,1,1310.0,Lorlatinib,0.8221899063095766,1.0
10,520,Crizotinib,0.39979671925349447,1,2137.0,control,-0.1384193912610171,1.0
11,626,Crizotinib,0.07919655375732648,1,2139.0,control,-0.1394406499857788,1.0
12,2615,control,-0.2271417070639939,1,1816.0,Lorlatinib,0.5907991175548948,1.0
13,543,Crizotinib,0.5957571559509451,1,1999.0,Lorlatinib,0.738087102095337,1.0
14,2725,control,0.23428806261206148,1,2505.0,control,0.4414197794749601,1.0
15,773,Crizotinib,0.49869207178314634,1,2876.0,control,-0.10255072345235781,1.0
16,966,Crizotinib,0.5394733028142685,1,2734.0,control,-0.14036867249213605,1.0
17,147,Crizotinib,0.3864334398989768,1,2774.0,control,-0.14246918438255013,1.0
18,2659,control,-0.262689418469652,1,2742.0,control,-0.11329627686338915,1.0
19,1060,Crizotinib,0.3541617424231621,1,2175.0,control,-0.11293267327269504,1.0
20,2864,control,-0.11347460140784763,1,1305.0,Lorlatinib,0.8083593055601594,1.0
21,477,Crizotinib,0.3936939965618529,1,2602.0,control,-0.07205133264016138,1.0
22,387,Crizotinib,0.5241734047452233,1,1909.0,Lorlatinib,0.7187264975977758,1.0
23,1032,Crizotinib,0.5182455658796981,1,1630.0,Lorlatinib,0.8418974682155858,1.0
24,2876,control,0.3414286155627553,1,2837.0,control,-0.1377550427407816,1.0
25,2224,control,0.38465937260114513,1,1791.0,Lorlatinib,0.8363377933161227,1.0
26,2138,control,0.4572264163838605,1,2663.0,control,-0.13457406549013973,1.0
27,2173,control,0.11752628113527547,1,1351.0,Lorlatinib,0.7911283006347118,1.0
28,2733,control,-0.25571448214719517,1,1837.0,Lorlatinib,0.8414213946893896,1.0
29,2849,control,0.26429741606467494,1,1858.0,Lorlatinib,0.8432680069679261,1.0
30,1007,Crizotinib,0.6412149312632417,1,1790.0,Lorlatinib,0.7422944318360278,1.0
31,2837,control,0.5128312161793703,1,1913.0,Lorlatinib,0.4860867338921478,1.0
32,2489,control,-0.24114423796992032,1,2877.0,control,-0.0868470532532021,1.0
33,761,Crizotinib,0.4746838589992096,1,2221.0,control,-0.08367695465226911,1.0
34,732,Crizotinib,0.5255949785039679,1,2263.0,control,0.11745411995649602,1.0
35,1095,Crizotinib,-0.17320634280604966,1,1930.0,Lorlatinib,0.7147662475352969,1.0
36,2257,control,-0.18403013696005815,1,1753.0,Lorlatinib,0.1427747525200026,1.0
37,642,Crizotinib,0.5452231298974632,1,2195.0,control,0.1642733588702197,1.0
38,2453,control,-0.3391251238273855,1,1373.0,Lorlatinib,0.7993323379549664,1.0
39,279,Crizotinib,0.4015214477902542,1,2351.0,control,-0.1434624568230265,1.0
40,166,Crizotinib,0.33502006801439077,1,1895.0,Lorlatinib,0.7308707894443711,1.0
41,207,Crizotinib,0.49386622213893216,1,1994.0,Lorlatinib,0.8201748173839651,1.0
42,2841,control,0.47212003483084053,1,2612.0,control,-0.12370735565726948,1.0
43,832,Crizotinib,0.37916809299157306,1,1423.0,Lorlatinib,0.8064063572326201,1.0
44,440,Crizotinib,0.4258701094587847,1,1396.0,Lorlatinib,0.6636918470822533,1.0
45,264,Crizotinib,-0.027879784462741586,1,1665.0,Lorlatinib,0.7488333491947619,1.0
46,2165,control,-0.08034123146930083,1,1180.0,Lorlatinib,0.7121381435303027,1.0
47,2568,control,0.3107336423595717,1,2144.0,control,-0.1391834451347234,1.0
48,934,Crizotinib,0.4346484577457802,1,1476.0,Lorlatinib,0.7844957399717072,1.0
49,2562,control,0.4173567808330777,1,1360.0,Lorlatinib,0.8185963161874308,1.0
50,899,Crizotinib,0.5212007055229332,1,1659.0,Lorlatinib,0.8277174553387401,1.0
51,2555,control,0.29207615876843473,1,1451.0,Lorlatinib,0.767820897895781,1.0
52,495,Crizotinib,0.4492314752092683,1,2357.0,control,-0.12746535449844643,1.0
53,2895,control,0.1431252268566669,1,2361.0,control,-0.11417302514126576,1.0
54,446,Crizotinib,0.5678167515876943,1,1731.0,Lorlatinib,0.7916541943905417,1.0
55,2423,control,-0.29103581688470137,1,2447.0,control,-0.1346604403708224,1.0
56,2267,control,-0.2431444857647911,1,1987.0,Lorlatinib,0.8477690653652219,1.0
57,2540,control,0.09446442442563485,1,1186.0,Lorlatinib,0.50750110081597,1.0
58,1143,Crizotinib,0.4112995965779511,1,1922.0,Lorlatinib,0.13167161606311872,1.0
59,2240,control,0.12881348565636974,1,2417.0,control,-0.1212064349829983,1.0
60,688,Crizotinib,0.6304791334242124,1,1501.0,Lorlatinib,-0.10747181101345879,1.0
61,2328,control,-0.31565210939770616,1,2294.0,control,0.18709048022474556,1.0
62,187,Crizotinib,0.20703069968343502,1,2628.0,control,-0.13111829301001554,1.0
63,910,Crizotinib,0.48590625491793416,1,1260.0,Lorlatinib,0.8313168664307018,1.0
64,2815,control,0.24856769008612345,1,1764.0,Lorlatinib,0.8315564541368459,1.0
65,296,Crizotinib,0.3870528814356119,1,1216.0,Lorlatinib,0.837090686746135,1.0
66,628,Crizotinib,0.5507300866322975,1,2627.0,control,-0.14367185000418906,1.0
67,2522,control,0.04066291074957051,1,2861.0,control,-0.11833312165192865,1.0
68,2714,control,0.011250509257431318,1,2680.0,control,0.19035772929313816,1.0
69,190,Crizotinib,0.44701761427985764,1,1645.0,Lorlatinib,0.8211348940343868,1.0
70,2211,control,0.009089218103548458,1,2799.0,control,-0.10481142048016458,1.0
71,126,Crizotinib,-0.012325044473470936,1,1334.0,Lorlatinib,0.7961852372813145,1.0
72,1008,Crizotinib,0.4780979095624547,1,2467.0,control,-0.03785687757387443,1.0
73,1128,Crizotinib,0.5084857386006131,1,2362.0,control,-0.14047681204540519,1.0
74,2578,control,0.4671200021489049,1,1253.0,Lorlatinib,0.8494213365706136,1.0
75,1034,Crizotinib,0.5455159722662982,1,1628.0,Lorlatinib,0.844192221967,1.0
76,844,Crizotinib,0.5656282507256056,1,1158.0,Lorlatinib,0.7363075658576919,1.0
77,2245,control,-0.32842841051337723,1,2548.0,control,0.030725723970880026,1.0
78,848,Crizotinib,0.6283167551188337,1,2168.0,control,-0.13382616045993145,1.0
79,2363,control,0.006044214357518896,1,1847.0,Lorlatinib,0.850057101816873,1.0
80,2170,control,0.17317413783286817,1,1378.0,Lorlatinib,0.8420255228301126,1.0
81,1103,Crizotinib,0.5471649143996385,1,2274.0,control,0.13906010694670679,1.0
82,1056,Crizotinib,0.5593781140445614,1,2260.0,control,-0.07417282834296851,1.0
83,490,Crizotinib,0.20846292235215513,1,1354.0,Lorlatinib,0.7660570525419554,1.0
84,958,Crizotinib,0.5277872857251751,1,2421.0,control,-0.13306261399793914,1.0
85,794,Crizotinib,0.41727711201458584,1,1880.0,Lorlatinib,0.6162386473966457,1.0
86,798,Crizotinib,0.6289126120193532,1,2905.0,control,0.8254686669410827,1.0
87,2674,control,-0.29697073595441137,1,2301.0,control,-0.13951064108678643,1.0
88,965,Crizotinib,0.136443101063068,1,2409.0,control,-0.12312531712032712,1.0
89,2894,control,-0.1810021083190438,1,2859.0,control,-0.103178706797074,1.0
90,474,Crizotinib,0.5908911175403156,1,2107.0,Lorlatinib,0.8115145465387408,1.0
91,151,Crizotinib,0.39065180011894796,1,2380.0,control,-0.1431075206366834,1.0
92,282,Crizotinib,0.5912478760614054,1,2851.0,control,-0.13095423044808296,1.0
93,574,Crizotinib,0.5668674230627487,1,2772.0,control,-0.11888783784687708,1.0
94,2500,control,-0.19257076478717208,1,2811.0,control,-0.052357585325197575,1.0
95,985,Crizotinib,0.6031543208332403,1,2925.0,control,0.2549436756040411,1.0
96,492,Crizotinib,0.5716664507609026,1,2078.0,Lorlatinib,0.7799518864340063,1.0
97,2320,control,-0.10550250455901725,1,2788.0,control,-0.114510805892623,1.0
98,745,Crizotinib,0.571418929728158,1,1532.0,Lorlatinib,0.6092477021501963,1.0
99,683,Crizotinib,0.5482795798109178,1,2428.0,control,-0.14589001530308854,1.0
100,662,Crizotinib,0.28313925477070767,1,1903.0,Lorlatinib,0.6258696340231691,1.0
101,2557,control,0.06311406190496616,1,1812.0,Lorlatinib,0.6274016491425369,1.0
102,259,Crizotinib,0.5463112544117804,1,1249.0,Lorlatinib,0.8434668010071562,1.0
103,102,Crizotinib,0.2798958066673949,1,2016.0,Lorlatinib,0.8147790576752254,1.0
104,2783,control,0.12436717095428873,1,2123.0,Lorlatinib,0.8198708599220734,1.0
105,418,Crizotinib,0.26043149732109583,1,1663.0,Lorlatinib,0.24425825549438435,1.0
106,2650,control,0.07666440345793557,1,1277.0,Lorlatinib,0.7416602039836224,1.0
107,967,Crizotinib,0.5110465717833008,1,2098.0,Lorlatinib,0.6472031749946774,1.0
108,562,Crizotinib,0.603762291212525,1,2745.0,control,0.14656184417901974,1.0
109,2867,control,0.33004210523423083,1,2155.0,control,-0.14536372293705344,1.0
110,4,Crizotinib,0.21528175108512448,1,2009.0,Lorlatinib,0.8384860797084901,1.0
111,1133,Crizotinib,0.3606650870446326,1,2412.0,control,-0.12279727991710837,1.0
112,417,Crizotinib,0.5201419152190002,1,2083.0,Lorlatinib,0.8356233542386249,1.0
113,2502,control,-0.28502942993272706,1,1844.0,Lorlatinib,0.8416635690691927,1.0
114,627,Crizotinib,0.588977682506599,1,2446.0,control,0.035475824473093165,1.0
115,300,Crizotinib,0.4275346726346694,1,1801.0,Lorlatinib,0.8325033495738272,1.0
116,1075,Crizotinib,0.329804027351532,1,1733.0,Lorlatinib,0.8366950029798859,1.0
117,466,Crizotinib,0.18838809934955447,1,1400.0,Lorlatinib,0.8058898241405004,1.0
118,361,Crizotinib,0.46884990227254575,1,1568.0,Lorlatinib,0.848334899902125,1.0
119,2472,control,-0.2828058814380613,1,1657.0,Lorlatinib,0.7182159319213945,1.0
120,142,Crizotinib,0.19706884738232067,1,1658.0,Lorlatinib,0.8356267289818478,1.0
121,778,Crizotinib,0.5843278011071412,1,1397.0,Lorlatinib,0.8462357933166771,1.0
122,684,Crizotinib,0.633334949134384,1,1613.0,Lorlatinib,0.8465864979391695,1.0
123,224,Crizotinib,0.40377713720765285,1,2185.0,control,0.7195578950817814,1.0
124,1055,Crizotinib,0.4470472307066202,1,1427.0,Lorlatinib,0.8381673424209926,1.0
125,285,Crizotinib,0.04458843416678565,1,2884.0,control,0.4539312835994606,1.0
126,1125,Crizotinib,-0.021777159730092144,1,2099.0,Lorlatinib,0.8102758965253973,1.0
127,701,Crizotinib,0.6217424194877249,1,1740.0,Lorlatinib,0.7631646826053429,1.0
128,2308,control,-0.20166980241341873,1,1970.0,Lorlatinib,0.5465656958234075,1.0
129,2856,control,0.30730522677925964,1,2790.0,control,-0.10178110940847593,1.0
130,737,Crizotinib,0.6072644085794829,1,2037.0,Lorlatinib,0.8360093400652064,1.0
131,2795,control,0.4661956623931829,1,2749.0,control,-0.1285313095255236,1.0
132,658,Crizotinib,0.497802073119063,1,1828.0,Lorlatinib,0.6395545691403972,1.0
133,2592,control,0.396002403899014,1,1961.0,Lorlatinib,0.7506202792464882,1.0
134,201,Crizotinib,0.3907542690266925,1,1455.0,Lorlatinib,0.825964889326473,1.0
135,80,Crizotinib,0.22295357570343166,1,1421.0,Lorlatinib,0.8420755930206407,1.0
136,643,Crizotinib,0.3921523212141552,1,1284.0,Lorlatinib,0.848464633893145,1.0
137,2830,control,0.0989723965056904,1,1954.0,Lorlatinib,0.7959214593255823,1.0
138,1015,Crizotinib,0.6441633635308578,1,2705.0,control,-0.12425194309987972,1.0
139,26,Crizotinib,-0.04284059136370061,1,2699.0,control,-0.13171670598588825,1.0
140,834,Crizotinib,0.6319408625324989,1,1555.0,Lorlatinib,0.8500861112741611,1.0
141,2473,control,-0.19048246446732048,1,1839.0,Lorlatinib,0.7261797847436022,1.0
142,2544,control,-0.04059226909215152,1,1856.0,Lorlatinib,0.8372849653087948,1.0
143,2736,control,0.008411288250398552,1,1541.0,Lorlatinib,0.7778527654006431,1.0
144,273,Crizotinib,0.2319348073198999,1,1538.0,Lorlatinib,0.8135531726837741,1.0
145,405,Crizotinib,0.6344987032060058,1,2444.0,control,-0.14576897272704814,1.0
146,2181,control,-0.00944733704495182,1,2517.0,control,0.2956719608094495,1.0
147,2301,control,-0.13026409545175027,1,2537.0,control,-0.004484214589763225,1.0
148,2925,control,-0.2636611819649489,1,1945.0,Lorlatinib,0.8276426044751408,1.0
149,232,Crizotinib,0.38386335210694944,1,1175.0,Lorlatinib,0.3266534989381448,1.0
150,990,Crizotinib,0.6420723471065237,1,2385.0,control,-0.008154697538667738,1.0
151,2728,control,-0.09890613853388691,1,1802.0,Lorlatinib,0.8531289461881113,1.0
152,307,Crizotinib,0.5152475253110242,1,1617.0,Lorlatinib,0.8508203798674425,1.0
153,2141,control,0.4547714273201816,1,1551.0,Lorlatinib,0.8203922213571628,1.0
154,568,Crizotinib,0.3861577689586104,1,1852.0,Lorlatinib,0.8230292206449668,1.0
155,751,Crizotinib,0.4748187789040512,1,1170.0,Lorlatinib,0.8252906144728684,1.0
156,2731,control,-0.20797464229232368,1,2120.0,Lorlatinib,0.846010530987118,1.0
157,2335,control,-0.2810847377861581,1,2724.0,control,-0.13410389954470125,1.0
158,933,Crizotinib,0.46404431069341356,1,2081.0,Lorlatinib,0.8032358608978762,1.0
159,2349,control,-0.1896968491225385,1,1320.0,Lorlatinib,0.7859626727330007,1.0
160,2851,control,0.13420348108699026,1,1656.0,Lorlatinib,0.7545655080195977,1.0
161,2767,control,0.4444378580498878,1,2727.0,control,-0.14360005594286418,1.0
162,996,Crizotinib,0.6234603479391845,1,2840.0,control,-0.09550665618837423,1.0
163,119,Crizotinib,-0.11241661107824996,1,2387.0,control,0.09190135608511496,1.0
164,2885,control,-0.3096644202288552,1,1805.0,Lorlatinib,0.7939994851839205,1.0
165,328,Crizotinib,0.526472174672279,1,1978.0,Lorlatinib,0.8465402489647262,1.0
166,1124,Crizotinib,0.42894989978480746,1,1700.0,Lorlatinib,0.7777253710926333,1.0
167,2454,control,-0.28569188139163926,1,2235.0,control,0.5183337608622929,1.0
168,236,Crizotinib,0.4023768161731087,1,2722.0,control,-0.10201917955708449,1.0
169,891,Crizotinib,0.25168242916563044,1,1191.0,Lorlatinib,0.8440345528493958,1.0
170,889,Crizotinib,0.6206101523259278,1,2522.0,control,-0.045028337590399356,1.0
171,2195,control,0.337261982577275,1,2785.0,control,-0.13556866291414676,1.0
172,2743,control,-0.12560613415029726,1,1554.0,Lorlatinib,0.7909509605457559,1.0
173,2179,control,0.470438357502034,1,2097.0,Lorlatinib,0.8349275625485038,1.0
174,567,Crizotinib,0.6161972802406585,1,2134.0,control,-0.09549065546764847,1.0
175,615,Crizotinib,0.5384972471839715,1,2755.0,control,0.523736994309254,1.0
176,2465,control,-0.21387783600258148,1,1615.0,Lorlatinib,0.8522617967259609,1.0
177,2616,control,0.21712399727011567,1,2754.0,control,-0.08006803482916444,1.0
178,661,Crizotinib,0.2591094293392754,1,1589.0,Lorlatinib,0.8510529931010979,1.0
179,782,Crizotinib,0.10608349338960038,1,1387.0,Lorlatinib,0.8434495363671677,1.0
180,878,Crizotinib,0.6221837770506756,1,1462.0,Lorlatinib,0.8247868406151786,1.0
181,2684,control,-0.191472775295603,1,2506.0,control,0.3313119661059637,1.0
182,838,Crizotinib,0.6189435670942968,1,2298.0,control,-0.12968966543698457,1.0
183,508,Crizotinib,0.40539786218984997,1,2562.0,control,-0.09375428767297472,1.0
184,225,Crizotinib,0.4028767442415657,1,2047.0,Lorlatinib,0.8318967935327195,1.0
185,400,Crizotinib,0.5666958958113492,1,2256.0,control,-0.1418645837227236,1.0
186,346,Crizotinib,0.6032172921331765,1,1499.0,Lorlatinib,0.8089289567641296,1.0
187,900,Crizotinib,0.5472025160487959,1,1808.0,Lorlatinib,0.2795778104977039,1.0
188,458,Crizotinib,0.5845954193554288,1,1361.0,Lorlatinib,0.5176736138920861,1.0
189,2210,control,0.2840645119242454,1,1669.0,Lorlatinib,0.7847841251949796,1.0
190,2127,control,-0.22889199493126688,1,2291.0,control,0.5210929409312144,1.0
191,32,Crizotinib,-0.324227363756192,1,2111.0,Lorlatinib,0.8386517483303433,1.0
192,2872,control,0.4437029154753179,1,1283.0,Lorlatinib,0.6915359595386084,1.0
193,2892,control,-0.32164461461126104,1,2782.0,control,-0.030259330938975135,1.0
194,2922,control,-0.28284934685802693,1,2640.0,control,-0.14649002050809157,1.0
195,270,Crizotinib,0.5325818065831729,1,1704.0,Lorlatinib,0.7017103436320808,1.0
196,2640,control,-0.19460988588959854,1,2468.0,control,-0.11217907539611721,1.0
197,404,Crizotinib,0.547370994243375,1,1926.0,Lorlatinib,0.8116278886175476,1.0
198,2647,control,0.02782798823372168,1,1314.0,Lorlatinib,0.7805355062669228,1.0
199,2297,control,0.07537317240918912,1,1324.0,Lorlatinib,0.7375985821167235,1.0
200,2498,control,-0.1937448976297247,1,2372.0,control,-0.14055613207933895,1.0
201,2486,control,-0.23544778560833857,1,1564.0,Lorlatinib,0.8471242538995707,1.0
202,2348,control,0.24639920164350126,1,2764.0,control,-0.14229463999004827,1.0
203,2327,control,-0.2014065578220694,1,2211.0,control,-0.11569471674679116,1.0
204,233,Crizotinib,0.2709335838164991,1,2841.0,control,-0.10784958516141917,1.0
205,2865,control,0.3750888511253775,1,1714.0,Lorlatinib,0.7576257858129378,1.0
206,256,Crizotinib,0.45166501221579514,1,2092.0,Lorlatinib,0.8192072425079822,1.0
207,2507,control,-0.19061902575557416,1,2617.0,control,-0.1227423389386262,1.0
208,702,Crizotinib,0.6149546272391028,1,1259.0,Lorlatinib,0.8448957453391635,1.0
209,122,Crizotinib,0.15551486307452322,1,2280.0,control,-0.09795162294246398,1.0
210,859,Crizotinib,0.5837522546863354,1,1491.0,Lorlatinib,0.1964832181928809,1.0
211,636,Crizotinib,0.20411612289210013,1,1469.0,Lorlatinib,0.2337289692398512,1.0
212,2288,control,-0.24543741210767608,1,1709.0,Lorlatinib,0.5874473151062756,1.0
213,984,Crizotinib,0.5255151336026724,1,2287.0,control,0.20775710020553778,1.0
214,2804,control,0.07791003965567556,1,1409.0,Lorlatinib,0.779464024001497,1.0
215,2395,control,-0.2948571624777583,1,2419.0,control,-0.09764988504433202,1.0
216,379,Crizotinib,0.15620761127411464,1,2601.0,control,-0.07110852398394683,1.0
217,2694,control,-0.1655448596732167,1,2720.0,control,-0.13869094159326023,1.0
218,2693,control,-0.20103250446612825,1,1793.0,Lorlatinib,0.7790556507867565,1.0
219,2168,control,0.27739789118149505,1,2071.0,Lorlatinib,0.7967624834507268,1.0
220,34,Crizotinib,0.20377781008439222,1,2569.0,control,-0.12132474254514561,1.0
221,37,Crizotinib,0.4172555791799364,1,2872.0,control,-0.02461643972385988,1.0
222,2584,control,0.3533023154275369,1,1225.0,Lorlatinib,0.8506898154320379,1.0
223,2314,control,-0.2510924065352293,1,2652.0,control,-0.09310018037027977,1.0
224,822,Crizotinib,0.19599453933962485,1,1638.0,Lorlatinib,0.7156448660979424,1.0
225,2632,control,-0.17654173741064721,1,1936.0,Lorlatinib,0.6690850232303283,1.0
226,656,Crizotinib,0.03239094396708431,1,2620.0,control,-0.07468000826459234,1.0
227,162,Crizotinib,0.4038446538106367,1,1634.0,Lorlatinib,0.8480443081386781,1.0
228,2620,control,0.018163925331845965,1,2497.0,control,-0.12146383314692334,1.0
229,713,Crizotinib,0.5397853067875445,1,1796.0,Lorlatinib,0.8391721293341585,1.0
230,2645,control,0.14855848251327525,1,1694.0,Lorlatinib,0.8240014157059294,1.0
231,1090,Crizotinib,0.5846374997927227,1,1626.0,Lorlatinib,0.8502170358115393,1.0
232,475,Crizotinib,0.30694000119295295,1,1762.0,Lorlatinib,0.7780618895913107,1.0
233,2628,control,0.23783729439088097,1,2504.0,control,-0.10406884603933472,1.0
234,91,Crizotinib,0.05797003760993691,1,2452.0,control,-0.14331131734153313,1.0
235,2893,control,0.31017861573710626,1,1526.0,Lorlatinib,0.8497891006595752,1.0
236,356,Crizotinib,0.5379488179780658,1,2034.0,Lorlatinib,0.8367406130112303,1.0
237,45,Crizotinib,0.4591637642811568,1,2246.0,control,0.11963873943810771,1.0
238,883,Crizotinib,0.5368815257084717,1,2889.0,control,0.6261514115188072,1.0
239,589,Crizotinib,0.4080731837353119,1,2253.0,control,0.675924100714471,1.0
240,2904,control,-0.07130184492039349,1,2254.0,control,0.3720778550683404,1.0
241,2341,control,-0.07934744894379486,1,2041.0,Lorlatinib,0.8506360998571825,1.0
242,2399,control,-0.07666718438321823,1,1356.0,Lorlatinib,0.10037870731272713,1.0
243,472,Crizotinib,0.4631210561681366,1,2908.0,control,0.5823628483932219,1.0
244,13,Crizotinib,0.2765183157167458,1,2202.0,control,-0.14650925491852576,1.0
245,799,Crizotinib,0.5910584987916883,1,1608.0,Lorlatinib,0.8344238631525067,1.0
246,2438,control,-0.013265203433797779,1,2026.0,Lorlatinib,0.8493616082163227,1.0
247,2370,control,0.015603804045559555,1,2108.0,Lorlatinib,0.8036320679870179,1.0
248,2569,control,-0.14394898638269338,1,2283.0,control,-0.12533750108935454,1.0
249,2234,control,-0.31681703163973957,1,1873.0,Lorlatinib,0.08128156117544846,1.0
250,229,Crizotinib,0.5899925965910918,1,1533.0,Lorlatinib,0.4859425823832037,1.0
251,722,Crizotinib,0.126402084083292,1,1155.0,Lorlatinib,0.8288897784666289,1.0
252,2394,control,0.08652543562083809,1,2404.0,control,0.14767927016967547,1.0
253,2404,control,0.05709789911095431,1,2259.0,control,0.09085662239411363,1.0
254,549,Crizotinib,0.6248110389191186,1,1893.0,Lorlatinib,0.6112542342046303,1.0
255,2517,control,-0.014133532111482994,1,2632.0,control,-0.026126099242474166,1.0
256,2752,control,-0.19469155130858187,1,1799.0,Lorlatinib,0.6359287874891559,1.0
257,582,Crizotinib,0.6053543655995629,1,2096.0,Lorlatinib,0.7338314476334868,1.0
258,572,Crizotinib,0.6210717285744319,1,2288.0,control,-0.10411103829201517,1.0
259,1010,Crizotinib,0.5458149004170325,1,1344.0,Lorlatinib,0.8275198533502548,1.0
260,829,Crizotinib,0.49176325175993296,1,2588.0,control,-0.13988907454046004,1.0
261,1153,Crizotinib,0.2825014789169067,1,1830.0,Lorlatinib,0.5966803641521159,1.0
262,2883,control,-0.18162732508637117,1,2017.0,Lorlatinib,0.8008589837646833,1.0
263,886,Crizotinib,0.6067812245800352,1,2828.0,control,-0.08860611556325158,1.0
264,969,Crizotinib,0.3315397932252756,1,1761.0,Lorlatinib,0.7584890823558288,1.0
265,2143,control,0.4301068836201136,1,1860.0,Lorlatinib,0.7908261598855575,1.0
266,230,Crizotinib,0.5922854671851613,1,2232.0,control,0.6312893963184076,1.0
267,648,Crizotinib,0.586942028543246,1,1325.0,Lorlatinib,0.7292693961612478,1.0
268,2461,control,-0.24124065631269592,1,2776.0,control,-0.12514796298867586,1.0
269,183,Crizotinib,0.5008002815892499,1,2136.0,control,-0.13337168055743065,1.0
270,48,Crizotinib,0.4227944553441275,1,2854.0,control,-0.1417604717417763,1.0
271,253,Crizotinib,0.5766640730928542,1,2896.0,control,0.11566952068579223,1.0
272,2603,control,0.048493513009251366,1,1710.0,Lorlatinib,0.5782254168019005,1.0
273,2326,control,-0.186678935141586,1,2114.0,Lorlatinib,0.7919149489437936,1.0
274,613,Crizotinib,0.4204683023264598,1,1821.0,Lorlatinib,0.37584328728118593,1.0
275,2719,control,-0.31290539173730164,1,1447.0,Lorlatinib,0.8103399996251244,1.0
276,271,Crizotinib,0.29773356379804006,1,2487.0,control,-0.07230128191958672,1.0
277,2482,control,-0.1447961170650266,1,1794.0,Lorlatinib,0.7196151314162376,1.0
278,2414,control,-0.14601209746019136,1,1718.0,Lorlatinib,0.5736538333819512,1.0
279,2924,control,-0.2598434488745389,1,2059.0,Lorlatinib,0.815562144901304,1.0
280,1001,Crizotinib,0.48966296023967926,1,2473.0,control,0.05143001665385025,1.0
281,767,Crizotinib,0.42197737369920774,1,2502.0,control,-0.0960640007208326,1.0
282,1086,Crizotinib,0.530665776427521,1,1948.0,Lorlatinib,0.7805091721377315,1.0
283,2353,control,0.06820725912362702,1,1493.0,Lorlatinib,0.11918721171435726,1.0
284,700,Crizotinib,0.6225842131719579,1,1368.0,Lorlatinib,0.7459087219844003,1.0
285,2284,control,-0.04304293763905992,1,2775.0,control,-0.13836909824351062,1.0
286,515,Crizotinib,-0.112901850459697,1,2396.0,control,-0.13653561579008355,1.0
287,38,Crizotinib,0.08218922905866072,1,1879.0,Lorlatinib,0.7364323705227638,1.0
288,195,Crizotinib,0.19557920461930267,1,2390.0,control,-0.13824198162323742,1.0
289,559,Crizotinib,0.5076459809198484,1,1162.0,Lorlatinib,0.7870039708300962,1.0
290,2491,control,-0.29954578780241603,1,2919.0,control,0.6725489856721112,1.0
291,2187,control,0.2345643823162702,1,1918.0,Lorlatinib,0.39270842484827223,1.0
292,64,Crizotinib,0.06763228188713305,1,2865.0,control,0.29612723249421874,1.0
293,269,Crizotinib,0.4955066759318967,1,2753.0,control,0.6191997465390067,1.0
294,2437,control,-0.08779074812783966,1,1297.0,Lorlatinib,0.7552354413583453,1.0
295,2831,control,0.39645256142545604,1,1650.0,Lorlatinib,0.8426436771786308,1.0
296,2688,control,-0.30822282400814177,1,1581.0,Lorlatinib,0.8527840769019399,1.0
297,1,Crizotinib,-0.19714817358201014,1,2415.0,control,-0.10722787444179821,1.0
298,160,Crizotinib,0.366439530072174,1,2568.0,control,-0.14112046536794162,1.0
299,2355,control,-0.0973422599888081,1,1664.0,Lorlatinib,0.8396300807970853,1.0
300,333,Crizotinib,0.5921971921895498,1,2273.0,control,-0.14121154179938133,1.0
301,667,Crizotinib,0.45666202611701023,1,2086.0,Lorlatinib,0.7731028470852241,1.0
302,186,Crizotinib,0.5231719738113062,1,2068.0,Lorlatinib,0.8412352168562571,1.0
303,146,Crizotinib,0.5135697952337832,1,2143.0,control,-0.12253121794435465,1.0
304,2436,control,-0.09383262008445453,1,1674.0,Lorlatinib,0.8516385663629804,1.0
305,372,Crizotinib,0.1588373477536008,1,1678.0,Lorlatinib,0.8351850636058562,1.0
306,729,Crizotinib,0.6096878426666118,1,1300.0,Lorlatinib,0.8453681536618218,1.0
307,191,Crizotinib,0.21676271654850476,1,1855.0,Lorlatinib,0.5867164727685381,1.0
308,1013,Crizotinib,0.6256937063425285,1,1746.0,Lorlatinib,0.7292040977112928,1.0
309,666,Crizotinib,0.5689984774146729,1,1212.0,Lorlatinib,0.8405772788146821,1.0
310,342,Crizotinib,0.619887699471756,1,2833.0,control,-0.04829904951986655,1.0
311,2754,control,0.06792608831742841,1,2460.0,control,-0.10649464023973929,1.0
312,200,Crizotinib,0.4912038640265024,1,1920.0,Lorlatinib,0.7427887972614289,1.0
313,2746,control,-0.3067676165564926,1,1340.0,Lorlatinib,0.7777102289880968,1.0
314,298,Crizotinib,0.2764244170439306,1,1606.0,Lorlatinib,0.8218178755525567,1.0
315,1135,Crizotinib,0.4706181008674264,1,1881.0,Lorlatinib,0.2716550074980633,1.0
316,2228,control,-0.04007999844497201,1,1853.0,Lorlatinib,-0.1381211301449163,1.0
317,2376,control,-0.08079974580306787,1,1938.0,Lorlatinib,0.7831634887164267,1.0
318,2373,control,0.010399388531224019,1,2795.0,control,-0.1457646292629326,1.0
319,35,Crizotinib,0.4094726241182185,1,2145.0,control,-0.14516849239608365,1.0
320,2263,control,-0.26711390511460537,1,1778.0,Lorlatinib,0.5167527206329825,1.0
321,877,Crizotinib,0.6520501315348799,1,1898.0,Lorlatinib,0.4070483798121945,1.0
322,665,Crizotinib,0.5761924788281991,1,2475.0,control,-0.12665993696403702,1.0
323,402,Crizotinib,0.4235103769330132,1,1896.0,Lorlatinib,0.3651824141822642,1.0
324,344,Crizotinib,0.4158869760255798,1,2222.0,control,0.7927420468265465,1.0
325,2246,control,-0.2826346407450558,1,2786.0,control,0.06226281915231349,1.0
326,2158,control,0.6442030406869204,1,2160.0,control,-0.1435055389941038,1.0
327,566,Crizotinib,0.6481831790850489,1,2597.0,control,-0.13068228731463127,1.0
328,129,Crizotinib,0.6156022116203174,1,1384.0,Lorlatinib,0.8515493132058551,1.0
329,1027,Crizotinib,0.611668210488103,1,1642.0,Lorlatinib,0.6113762063046217,1.0
330,843,Crizotinib,0.4981732846757566,1,1817.0,Lorlatinib,0.8332400296402385,1.0
331,2581,control,0.18711779898002145,1,2245.0,control,-0.13209396796610084,1.0
332,2825,control,-0.14282656324880183,1,1727.0,Lorlatinib,0.7269014743953295,1.0
333,2177,control,-0.15115699211520273,1,2279.0,control,0.038841638033395964,1.0
334,2716,control,-0.23990822571188083,1,1256.0,Lorlatinib,0.8524202483794974,1.0
335,2619,control,-0.2897647628134511,1,2864.0,control,0.15854756706924827,1.0
336,159,Crizotinib,0.17908565787078745,1,2880.0,control,0.020180872891348872,1.0
337,1021,Crizotinib,0.3980794748420827,1,1199.0,Lorlatinib,0.8474142006526746,1.0
338,2790,control,0.48823265302786534,1,2019.0,Lorlatinib,0.7896987144117236,1.0
339,2858,control,0.5222147395196209,1,1471.0,Lorlatinib,0.5825146263005945,1.0
340,987,Crizotinib,0.44746087777948396,1,2308.0,control,-0.12611445065453886,1.0
341,2279,control,-0.07062729086208142,1,1623.0,Lorlatinib,0.8368806163214875,1.0
342,2207,control,0.4882428201466974,1,2095.0,Lorlatinib,0.8145720009170623,1.0
343,1023,Crizotinib,0.6361660050999453,1,2454.0,control,-0.13528561765617586,1.0
344,2256,control,-0.32066303159191467,1,1800.0,Lorlatinib,0.7510473232700503,1.0
345,2304,control,-0.001454755456856749,1,2284.0,control,0.39062994956690217,1.0
346,2468,control,-0.25712197028715406,1,2243.0,control,-0.04341486734654745,1.0
347,1134,Crizotinib,0.49323853068908063,1,1923.0,Lorlatinib,0.8118423881141816,1.0
348,797,Crizotinib,0.5781275861060827,1,2079.0,Lorlatinib,0.8224520019430059,1.0
349,2506,control,-0.13630631362941642,1,2133.0,control,-0.08293497286291387,1.0
350,949,Crizotinib,0.5090251093355507,1,2574.0,control,-0.13739055261231004,1.0
351,105,Crizotinib,-0.10277139684256234,1,1306.0,Lorlatinib,0.7410622534224616,1.0
352,376,Crizotinib,0.62327990353546,1,2780.0,control,-0.13489331931894746,1.0
353,2836,control,0.436453260746802,1,2823.0,control,-0.017555374923019063,1.0
354,1012,Crizotinib,0.6501433430090019,1,1430.0,Lorlatinib,0.8448420548292623,1.0
355,1121,Crizotinib,-0.11695247351620125,1,1671.0,Lorlatinib,0.8353000964081227,1.0
356,2702,control,-0.2637203739528432,1,2584.0,control,-0.057021474372362366,1.0
357,558,Crizotinib,0.5504834731064051,1,1543.0,Lorlatinib,0.7993864596431917,1.0
358,2406,control,-0.21477305039044675,1,1915.0,Lorlatinib,0.42694300119807344,1.0
359,1036,Crizotinib,0.6462917565366567,1,2732.0,control,-0.12278175680423455,1.0
360,738,Crizotinib,0.6430781480221245,1,2270.0,control,0.4281921527395172,1.0
361,2133,control,0.1338253575672313,1,1892.0,Lorlatinib,0.644558064106318,1.0
362,2475,control,-0.1364782846011185,1,1234.0,Lorlatinib,0.8487040329757449,1.0
363,413,Crizotinib,0.5420834908281048,1,1959.0,Lorlatinib,0.8145527985518091,1.0
364,2739,control,0.4127623753955949,1,2022.0,Lorlatinib,0.8288505164677429,1.0
365,1106,Crizotinib,-0.030745204408006654,1,1245.0,Lorlatinib,0.8441245474144523,1.0
366,112,Crizotinib,0.36032916728739717,1,2075.0,Lorlatinib,0.7738217878218545,1.0
367,2624,control,-0.06295876514599535,1,1933.0,Lorlatinib,0.8222624113449126,1.0
368,2342,control,-0.0721487764571766,1,2029.0,Lorlatinib,0.840105611706943,1.0
369,2508,control,-0.1838753602340862,1,1315.0,Lorlatinib,0.8424809478602193,1.0
370,111,Crizotinib,0.10050339570884126,1,1777.0,Lorlatinib,0.2274190373594882,1.0
371,2877,control,0.4122988888593574,1,2173.0,control,-0.13939815460098925,1.0
372,2742,control,-0.2860272151759646,1,2127.0,control,-0.13624547187593875,1.0
373,2413,control,-0.33358886581642355,1,2716.0,control,-0.12974813763439405,1.0
374,2144,control,-0.036107603393678245,1,2835.0,control,-0.12333740255900041,1.0
375,2155,control,0.13617791314791228,1,2603.0,control,-0.08347562559387002,1.0
376,821,Crizotinib,0.590488810886962,1,2439.0,control,-0.03134901988242354,1.0
377,50,Crizotinib,0.4661680991716942,1,1348.0,Lorlatinib,0.8507358444291353,1.0
378,1082,Crizotinib,0.17310456862591628,1,2056.0,Lorlatinib,0.5860651622926425,1.0
379,885,Crizotinib,0.3239319128986963,1,1795.0,Lorlatinib,0.7596918793136356,1.0
380,2552,control,0.1867236607061028,1,2676.0,control,-0.061449279860834455,1.0
381,206,Crizotinib,0.4265020881549977,1,1188.0,Lorlatinib,0.7855857355729303,1.0
382,659,Crizotinib,0.6484328154330145,1,1720.0,Lorlatinib,0.7794007868551118,1.0
383,157,Crizotinib,0.373853313581602,1,1252.0,Lorlatinib,0.8411769162567209,1.0
384,150,Crizotinib,-0.07727782343412515,1,1969.0,Lorlatinib,0.8330390399840133,1.0
385,694,Crizotinib,0.5754385671271739,1,2320.0,control,-0.1370287715406457,1.0
386,1126,Crizotinib,0.4578769517709469,1,1406.0,Lorlatinib,0.775760559007102,1.0
387,901,Crizotinib,0.3853142654722769,1,1560.0,Lorlatinib,0.8474571731935461,1.0
388,2407,control,-0.15431978153587406,1,2643.0,control,-0.08516399607806771,1.0
389,1146,Crizotinib,0.3053861775655393,1,2817.0,control,-0.1288454926171972,1.0
390,2153,control,0.19797509178059847,1,1539.0,Lorlatinib,0.84331101436111,1.0
391,2160,control,-0.18222941626392192,1,1275.0,Lorlatinib,0.7169531208100506,1.0
392,2535,control,-0.2283012745412667,1,1556.0,Lorlatinib,0.8294506525901002,1.0
393,161,Crizotinib,0.04567350051428304,1,2604.0,control,-0.11280829670250839,1.0
394,2527,control,0.10274384836493933,1,2336.0,control,-0.14095452623965415,1.0
395,1079,Crizotinib,0.3949046219631489,1,2167.0,control,-0.06662190667418516,1.0
396,2611,control,0.22689111539735374,1,2214.0,control,0.5513553106997824,1.0
397,2852,control,0.36675459555624135,1,1982.0,Lorlatinib,0.8070396882220383,1.0
398,580,Crizotinib,0.5006865769809001,1,2728.0,control,-0.11962280793373373,1.0
399,171,Crizotinib,0.3358863489595024,1,1950.0,Lorlatinib,0.7437819242133652,1.0
400,622,Crizotinib,0.21994594525581235,1,2698.0,control,0.06987033205338866,1.0
401,27,Crizotinib,0.0895656442344106,1,1625.0,Lorlatinib,0.8397262133471086,1.0
402,149,Crizotinib,0.17607189093252418,1,1457.0,Lorlatinib,0.8361295119893737,1.0
403,708,Crizotinib,0.6352325954553351,1,2165.0,control,-0.11932236484394375,1.0
404,2822,control,-0.1171931897205985,1,1545.0,Lorlatinib,0.4990695564615764,1.0
405,881,Crizotinib,0.639236335455788,1,2810.0,control,0.12071412969734852,1.0
406,640,Crizotinib,0.15144514338886655,1,1629.0,Lorlatinib,0.8516528137529051,1.0
407,197,Crizotinib,0.6353974443211473,1,2285.0,control,0.1055905847881417,1.0
408,422,Crizotinib,0.43953288257094125,1,1977.0,Lorlatinib,0.8227673735754497,1.0
409,2343,control,-0.1521325124943152,1,1716.0,Lorlatinib,0.8327281908919584,1.0
410,641,Crizotinib,0.5147981903254794,1,1575.0,Lorlatinib,0.8500772249190107,1.0
411,1038,Crizotinib,0.5481757214721623,1,2216.0,control,-0.1425802584985486,1.0
412,2687,control,-0.17734551897396927,1,2411.0,control,0.13256941221303659,1.0
413,839,Crizotinib,0.5599109585695613,1,2354.0,control,-0.10664085003659021,1.0
414,2685,control,-0.2035484887155934,1,2685.0,control,-0.06015454986548177,1.0
415,36,Crizotinib,0.529593049910418,1,1835.0,Lorlatinib,0.4541861214003107,1.0
416,2905,control,-0.33624397861828054,1,1359.0,Lorlatinib,0.026763867339066716,1.0
417,511,Crizotinib,0.32666254420417173,1,2091.0,Lorlatinib,0.700796413357178,1.0
418,999,Crizotinib,0.16313592374861752,1,1530.0,Lorlatinib,0.8297169595159897,1.0
419,1029,Crizotinib,0.46250597638402235,1,1845.0,Lorlatinib,0.7737894069571056,1.0
420,491,Crizotinib,0.5387320534676924,1,2892.0,control,0.833607382851612,1.0
421,241,Crizotinib,0.48341785461669906,1,1591.0,Lorlatinib,0.8362941772112042,1.0
422,2485,control,-0.18477991658942222,1,2807.0,control,-0.06421883573577282,1.0
423,180,Crizotinib,0.2597992878370098,1,1311.0,Lorlatinib,0.6265455134475506,1.0
424,351,Crizotinib,0.6291983514201943,1,1766.0,Lorlatinib,0.8296083502637694,1.0
425,2201,control,0.22758053624081254,1,2644.0,control,0.17499549328768715,1.0
426,2890,control,-0.2884875041755113,1,1416.0,Lorlatinib,0.8085260603977609,1.0
427,2282,control,-0.2950778062826569,1,2818.0,control,0.2887930925214776,1.0
428,873,Crizotinib,0.4488288725191413,1,2204.0,control,-0.1447059476063734,1.0
429,747,Crizotinib,0.5279231572629534,1,2028.0,Lorlatinib,0.8441400233076073,1.0
430,754,Crizotinib,0.5391988352241401,1,2213.0,control,-0.1318230456480935,1.0
431,1092,Crizotinib,0.0725542848999341,1,1820.0,Lorlatinib,0.235564990345686,1.0
432,2601,control,0.476918090840722,1,2531.0,control,-0.04786599326934274,1.0
433,1136,Crizotinib,-0.09984645311769907,1,1412.0,Lorlatinib,0.8395965909305452,1.0
434,863,Crizotinib,0.6348419063083975,1,2073.0,Lorlatinib,0.69714198203667,1.0
435,40,Crizotinib,-0.19213640592117168,1,2119.0,Lorlatinib,0.839495185952083,1.0
436,476,Crizotinib,0.47054998841029516,1,2555.0,control,-0.13449188829892722,1.0
437,540,Crizotinib,0.6386025987684624,1,2230.0,control,0.15959958884304087,1.0
438,709,Crizotinib,0.4296342758094821,1,1840.0,Lorlatinib,0.8444286566896746,1.0
439,823,Crizotinib,0.5884581081977641,1,1975.0,Lorlatinib,0.8464462160390904,1.0
440,649,Crizotinib,0.5048601015630433,1,2269.0,control,0.15339068608825818,1.0
441,606,Crizotinib,0.39340400599772274,1,1823.0,Lorlatinib,0.7569020793044348,1.0
442,1142,Crizotinib,0.31034040108051475,1,1728.0,Lorlatinib,0.682566089935372,1.0
443,2377,control,-0.03517506144947391,1,2869.0,control,-0.09599769732017474,1.0
444,2576,control,0.19718911892511204,1,1395.0,Lorlatinib,0.638887037186568,1.0
445,2604,control,-0.061193584929379374,1,2370.0,control,-0.13823182564671077,1.0
446,194,Crizotinib,0.5347595899077994,1,2208.0,control,-0.10450456716598383,1.0
447,403,Crizotinib,0.6088869983718842,1,2748.0,control,0.03298255704738964,1.0
448,752,Crizotinib,0.5971023353786321,1,2787.0,control,-0.14219669386725117,1.0
449,316,Crizotinib,0.6109413833316878,1,1863.0,Lorlatinib,0.8091548677629052,1.0
450,103,Crizotinib,0.4699649395903188,1,2456.0,control,-0.12862799788144855,1.0
451,630,Crizotinib,0.5992257254198042,1,1467.0,Lorlatinib,0.5956776803527537,1.0
452,219,Crizotinib,0.14543008711124422,1,1917.0,Lorlatinib,0.8168569652552573,1.0
453,2306,control,-0.06713228187887421,1,1719.0,Lorlatinib,0.25491704039890434,1.0
454,16,Crizotinib,0.1870159539601135,1,1167.0,Lorlatinib,0.8099136940763239,1.0
455,17,Crizotinib,0.2835032787297975,1,1540.0,Lorlatinib,0.7460214445989912,1.0
456,19,Crizotinib,0.289032162086862,1,2180.0,control,-0.13529396630191293,1.0
457,905,Crizotinib,0.5395027818825248,1,1984.0,Lorlatinib,0.8464035141642756,1.0
458,381,Crizotinib,0.5617051700614617,1,1380.0,Lorlatinib,0.8419848293255638,1.0
459,903,Crizotinib,0.45877800029488647,1,1992.0,Lorlatinib,0.7503348166260684,1.0
460,609,Crizotinib,0.5827208166211674,1,1379.0,Lorlatinib,0.7935824690078275,1.0
461,690,Crizotinib,0.6370147734307483,1,2141.0,control,-0.14332066895876128,1.0
462,1113,Crizotinib,0.30951693271158365,1,1386.0,Lorlatinib,0.7554763893652234,1.0
463,499,Crizotinib,0.4937095666005824,1,2490.0,control,-0.07030661896809104,1.0
464,2627,control,0.0761243289870559,1,1815.0,Lorlatinib,0.8265271229063016,1.0
465,2278,control,-0.14252415956926728,1,1888.0,Lorlatinib,0.6548478029106697,1.0
466,2361,control,0.24281768207166254,1,2322.0,control,-0.1181025309935113,1.0
467,1049,Crizotinib,-0.06911202671782046,1,2015.0,Lorlatinib,0.6895300079983129,1.0
468,2285,control,0.18794732285580285,1,1572.0,Lorlatinib,0.8482252836873176,1.0
469,506,Crizotinib,0.602087651541389,1,1592.0,Lorlatinib,0.8486257722527981,1.0
470,202,Crizotinib,0.6222387910487714,1,2561.0,control,-0.10478789743808682,1.0
471,2145,control,0.44740420850517926,1,2363.0,control,-0.13064958820543446,1.0
472,975,Crizotinib,0.4171739509806571,1,2912.0,control,0.6181002512500671,1.0
473,527,Crizotinib,0.6489342837508527,1,1502.0,Lorlatinib,0.2719761151835493,1.0
474,246,Crizotinib,0.11441891010118654,1,1337.0,Lorlatinib,0.8308191948462704,1.0
475,1127,Crizotinib,0.010792714087027366,1,1345.0,Lorlatinib,0.8480298628793626,1.0
476,955,Crizotinib,-0.18895761662677585,1,1281.0,Lorlatinib,0.3443954846200864,1.0
477,2848,control,0.5628023152043623,1,1282.0,Lorlatinib,0.5508013107613736,1.0
478,2845,control,0.27693135605914565,1,2239.0,control,0.03992091228252875,1.0
479,2528,control,-0.1930791517237802,1,2923.0,control,0.7838608017192468,1.0
480,375,Crizotinib,0.5123631632475588,1,2450.0,control,-0.09213802128626083,1.0
481,2212,control,-0.31509639651969373,1,2482.0,control,-0.11309422217821329,1.0
482,2730,control,-0.25787194738363045,1,1546.0,Lorlatinib,0.8059780164699593,1.0
483,512,Crizotinib,0.5189800029907076,1,1972.0,Lorlatinib,0.8370964515007389,1.0
484,772,Crizotinib,0.550457954312092,1,2265.0,control,0.5114334562532055,1.0
485,127,Crizotinib,0.4943273543446457,1,2328.0,control,-0.11661938512938555,1.0
486,382,Crizotinib,0.5020099218734116,1,1715.0,Lorlatinib,0.8165215276821147,1.0
487,2497,control,-0.2302236456264169,1,1189.0,Lorlatinib,0.8496718094984477,1.0
488,964,Crizotinib,0.31442327360506495,1,2655.0,control,-0.12285872686345081,1.0
489,672,Crizotinib,0.6095804837724937,1,1725.0,Lorlatinib,0.7365151779131396,1.0
490,679,Crizotinib,0.4641668238481721,1,2109.0,Lorlatinib,0.8317336155225301,1.0
491,870,Crizotinib,0.6172886253686272,1,2355.0,control,-0.13374787849596298,1.0
492,2796,control,0.24249965500101156,1,1825.0,Lorlatinib,0.8468384727893978,1.0
493,1068,Crizotinib,0.5424814888061306,1,2051.0,Lorlatinib,0.7789741354725959,1.0
494,2298,control,-0.26226334553832675,1,2739.0,control,-0.0779472286877094,1.0
495,2588,control,-0.08517482283935451,1,1405.0,Lorlatinib,0.7848648582572124,1.0
496,2649,control,-0.08086983358439331,1,2867.0,control,0.20887731683231336,1.0
497,577,Crizotinib,0.6143735936677295,1,2306.0,control,-0.14291861865243985,1.0
498,2215,control,-0.04628912423943249,1,2629.0,control,-0.1441204045064439,1.0
499,779,Crizotinib,0.4338804263270051,1,1520.0,Lorlatinib,0.839943295838999,1.0
500,769,Crizotinib,0.03451976074011365,1,2382.0,control,-0.13304699843420134,1.0
501,762,Crizotinib,0.2030474570229952,1,2327.0,control,-0.10645714648813497,1.0
502,2130,control,-0.1434280844461901,1,1763.0,Lorlatinib,0.8399710805672191,1.0
503,1088,Crizotinib,0.44625222876216875,1,2671.0,control,-0.10165554902945281,1.0
504,2658,control,-0.09818536085132099,1,2735.0,control,-0.08612535553790393,1.0
505,650,Crizotinib,0.6453415549122994,1,2406.0,control,-0.007892223074263072,1.0
506,976,Crizotinib,0.13804559101902703,1,2189.0,control,0.0007749303853445133,1.0
507,487,Crizotinib,0.5553581398518365,1,2791.0,control,-0.1076476820980165,1.0
508,505,Crizotinib,0.5417227413370075,1,1433.0,Lorlatinib,0.8508614948822806,1.0
509,2431,control,-0.19709823030333568,1,1241.0,Lorlatinib,0.834143849424031,1.0
510,2487,control,-0.2203720433570725,1,2830.0,control,-0.001558818411863394,1.0
511,712,Crizotinib,0.6002595954096623,1,2673.0,control,-0.10081683772215336,1.0
512,2600,control,0.41109706314141503,1,1207.0,Lorlatinib,0.8465509354617997,1.0
513,152,Crizotinib,0.4634859473270626,1,1265.0,Lorlatinib,0.846191176662292,1.0
514,410,Crizotinib,0.4896976868851848,1,2536.0,control,-0.0902697709968774,1.0
515,2748,control,-0.32049716042070153,1,1512.0,Lorlatinib,0.8260063002716511,1.0
516,1138,Crizotinib,0.584607458843515,1,1449.0,Lorlatinib,0.8448795685914958,1.0
517,2273,control,-0.30336552662090105,1,1341.0,Lorlatinib,0.8446700156203415,1.0
518,2818,control,0.37180783852737187,1,2335.0,control,-0.13638277559365378,1.0
519,2387,control,-0.13303107929725738,1,1190.0,Lorlatinib,0.8476409947635395,1.0
520,473,Crizotinib,0.3485923892317798,1,2639.0,control,-0.1081680046909813,1.0
521,1041,Crizotinib,0.42514376116773056,1,1168.0,Lorlatinib,0.5241136349192708,1.0
522,134,Crizotinib,0.5439754093173084,1,2407.0,control,-0.12177195979726368,1.0
523,2655,control,-0.12937458885285083,1,1902.0,Lorlatinib,0.5025472281478716,1.0
524,2270,control,-0.18337008718076803,1,2687.0,control,0.409824534306146,1.0
525,2533,control,-0.2876802511938054,1,2158.0,control,-0.1450973117826724,1.0
526,888,Crizotinib,0.5450794419751824,1,2043.0,Lorlatinib,0.847875516364972,1.0
527,226,Crizotinib,0.25304379558229473,1,2266.0,control,0.0833228236130048,1.0
528,2602,control,0.04075388204554853,1,2649.0,control,-0.12437091288128013,1.0
529,518,Crizotinib,0.2583024540815152,1,2272.0,control,-0.06076289854009932,1.0
530,2800,control,0.35226206071324184,1,1707.0,Lorlatinib,0.5957314835916283,1.0
531,1045,Crizotinib,0.5158971496709313,1,1643.0,Lorlatinib,0.8375294885011233,1.0
532,483,Crizotinib,0.5272893213885128,1,1983.0,Lorlatinib,0.7700984034004164,1.0
533,2435,control,-0.25555830841125904,1,2305.0,control,-0.13453523033120207,1.0
534,611,Crizotinib,0.5385155809467591,1,2018.0,Lorlatinib,0.7722657299302638,1.0
535,130,Crizotinib,0.41492072019256854,1,2695.0,control,0.02611952091884276,1.0
536,2243,control,-0.2943873579239179,1,2855.0,control,0.28506768500260016,1.0
537,961,Crizotinib,0.34531487385363646,1,2414.0,control,-0.11015843548081747,1.0
538,1044,Crizotinib,0.32467607831192646,1,1925.0,Lorlatinib,0.8014165704664544,1.0
539,2832,control,0.06926073309136133,1,1929.0,Lorlatinib,0.6903808272199041,1.0
540,959,Crizotinib,-0.09640333870368284,1,2825.0,control,-0.10827121593622804,1.0
541,2705,control,-0.20831161599894985,1,2761.0,control,-0.043878814649203984,1.0
542,2422,control,-0.1875799421394621,1,2916.0,control,0.7631814564914925,1.0
543,513,Crizotinib,0.3219637733633923,1,1885.0,Lorlatinib,0.3949247140117364,1.0
544,216,Crizotinib,0.396540828240303,1,2766.0,control,-0.126388063854265,1.0
545,352,Crizotinib,0.5214782825363885,1,2595.0,control,-0.13340676294030052,1.0
546,2773,control,0.5106453649279459,1,1773.0,Lorlatinib,0.3453839757772303,1.0
547,263,Crizotinib,0.6276016037518414,1,1171.0,Lorlatinib,0.8150703152250753,1.0
548,2532,control,-0.10635846028000112,1,1276.0,Lorlatinib,0.7373366971964899,1.0
549,340,Crizotinib,0.6323642566782502,1,1313.0,Lorlatinib,0.7464694200338398,1.0
550,2336,control,-0.1395041183929922,1,2626.0,control,-0.05932869575408027,1.0
551,1020,Crizotinib,0.3965716939166052,1,1981.0,Lorlatinib,0.6438219428296197,1.0
552,286,Crizotinib,0.5187865502603257,1,2829.0,control,-0.11855355982346777,1.0
553,2879,control,-0.03248357578398592,1,1181.0,Lorlatinib,0.7340749843415408,1.0
554,2596,control,0.05686191780850541,1,2181.0,control,-0.0976915209334776,1.0
555,565,Crizotinib,0.6275631390961459,1,2700.0,control,-0.07562860499368157,1.0
556,2208,control,0.02754605340664712,1,1194.0,Lorlatinib,0.830375020914248,1.0
557,388,Crizotinib,0.6256136117452717,1,2913.0,control,0.016335596367848843,1.0
558,2390,control,-0.03531499122132181,1,1646.0,Lorlatinib,0.8487361147858767,1.0
559,937,Crizotinib,0.30570580662681746,1,1781.0,Lorlatinib,0.8260719895503146,1.0
560,2175,control,0.22848975090571255,1,1206.0,Lorlatinib,0.13243534664709994,1.0
561,455,Crizotinib,0.5053082144656572,1,1557.0,Lorlatinib,0.8328620828146889,1.0
562,390,Crizotinib,0.5150106596287177,1,1662.0,Lorlatinib,0.8313314693570713,1.0
563,306,Crizotinib,0.5984628245075898,1,1985.0,Lorlatinib,0.8032321061732057,1.0
564,117,Crizotinib,0.1360946881930024,1,2763.0,control,-0.14345539152649445,1.0
565,21,Crizotinib,0.03864805250849429,1,1383.0,Lorlatinib,0.8498936165274997,1.0
566,610,Crizotinib,0.6266570024983924,1,2693.0,control,0.05390411729094843,1.0
567,2239,control,-0.32248685171486186,1,2130.0,control,-0.13594188215460518,1.0
568,2678,control,-0.22910512086841775,1,2033.0,Lorlatinib,0.8412340989504783,1.0
569,2593,control,-0.13985116906917752,1,1614.0,Lorlatinib,0.8318426597447384,1.0
570,175,Crizotinib,0.37209397630283614,1,1266.0,Lorlatinib,0.8037460738882214,1.0
571,728,Crizotinib,0.6246845665545141,1,2714.0,control,-0.12353656421818185,1.0
572,813,Crizotinib,0.26932754662427383,1,2545.0,control,0.027148130004157722,1.0
573,323,Crizotinib,0.5320398832601378,1,2850.0,control,-0.09692665748754105,1.0
574,2758,control,0.0661467303075482,1,1979.0,Lorlatinib,0.8486283598078546,1.0
575,854,Crizotinib,0.5845863790701058,1,2578.0,control,-0.14257026949511237,1.0
576,803,Crizotinib,0.5955804262533929,1,1567.0,Lorlatinib,0.8478494189053261,1.0
577,254,Crizotinib,0.5473491245207868,1,2277.0,control,-0.10178141937890041,1.0
578,87,Crizotinib,0.43300517210417155,1,2904.0,control,0.4598645964495998,1.0
579,409,Crizotinib,0.5405276809340102,1,1484.0,Lorlatinib,0.4495291542318442,1.0
580,1053,Crizotinib,0.5181049200992754,1,2267.0,control,0.37868996190511167,1.0
581,46,Crizotinib,-0.13579178320405447,1,1887.0,Lorlatinib,0.688849602064733,1.0
582,846,Crizotinib,0.6020745773818454,1,2672.0,control,-0.1183925685779241,1.0
583,291,Crizotinib,0.3693713437219771,1,2546.0,control,0.09590240971137126,1.0
584,689,Crizotinib,0.33822367838792344,1,2025.0,Lorlatinib,0.8436241264886495,1.0
585,2352,control,0.018457727052605066,1,2103.0,Lorlatinib,0.8433530391422315,1.0
586,882,Crizotinib,0.6434829056252557,1,2726.0,control,-0.13228142271316737,1.0
587,2151,control,0.6053187702285621,1,2271.0,control,-0.057414353933498946,1.0
588,389,Crizotinib,0.6386885175352495,1,2528.0,control,-0.13278485778548063,1.0
589,978,Crizotinib,0.5393671193510556,1,1174.0,Lorlatinib,0.6188003546833918,1.0
590,2827,control,0.37204281505787107,1,2085.0,Lorlatinib,0.8502173616475488,1.0
591,205,Crizotinib,0.5824822557392846,1,2010.0,Lorlatinib,0.8450052628458904,1.0
592,809,Crizotinib,0.6053747327514724,1,1912.0,Lorlatinib,0.8356299097971975,1.0
593,348,Crizotinib,0.5102810019543448,1,2853.0,control,-0.1336232641194172,1.0
594,2617,control,-0.1549094746671618,1,1288.0,Lorlatinib,0.69295154698178,1.0
595,2213,control,0.5470529495860535,1,2707.0,control,-0.12718371102468573,1.0
596,2137,control,0.047726209658567276,1,2453.0,control,-0.14000924881354623,1.0
597,1085,Crizotinib,0.5640931156364274,1,1924.0,Lorlatinib,0.5788950568988362,1.0
598,645,Crizotinib,0.29571080833664154,1,2816.0,control,-0.05709117045167687,1.0
599,635,Crizotinib,0.33664821599351735,1,1527.0,Lorlatinib,0.8340134334526046,1.0
600,143,Crizotinib,-0.13726849476413847,1,1966.0,Lorlatinib,0.30896288210975204,1.0
601,318,Crizotinib,0.5610218548429067,1,2201.0,control,-0.0010654775538073147,1.0
602,2750,control,-0.24499850583104796,1,1813.0,Lorlatinib,0.706722279760956,1.0
603,154,Crizotinib,0.0026059180806538573,1,2489.0,control,-0.13452872823482362,1.0
604,52,Crizotinib,0.38680964323213696,1,2894.0,control,0.3170447967469346,1.0
605,1052,Crizotinib,0.21484333086621377,1,1797.0,Lorlatinib,0.8039010095195176,1.0
606,395,Crizotinib,0.3125056045497616,1,2151.0,control,-0.14656678958408031,1.0
607,766,Crizotinib,0.5929486744579037,1,2557.0,control,0.019157912831301943,1.0
608,2274,control,-0.18987577021938304,1,1497.0,Lorlatinib,-0.0676643282896854,1.0
609,2546,control,-0.13291407209730355,1,1292.0,Lorlatinib,0.7850806412621769,1.0
610,121,Crizotinib,0.38812820935931513,1,2303.0,control,-0.1432892551753561,1.0
611,2490,control,-0.3174610641990153,1,1569.0,Lorlatinib,0.8519472901310003,1.0
612,2561,control,0.078854775874042,1,2007.0,Lorlatinib,0.8362996400921541,1.0
613,2214,control,0.5359012793299348,1,2240.0,control,0.2874791646915748,1.0
614,394,Crizotinib,0.48982344011123646,1,1518.0,Lorlatinib,0.8408852689747044,1.0
615,514,Crizotinib,0.3378896127471125,1,1878.0,Lorlatinib,0.3171640035570298,1.0
616,2415,control,-0.15907417944877475,1,1652.0,Lorlatinib,0.6887060446029869,1.0
617,781,Crizotinib,0.3900020310710183,1,2014.0,Lorlatinib,0.8477183103596011,1.0
618,1098,Crizotinib,0.6020981186587949,1,1424.0,Lorlatinib,0.8002722224200114,1.0
619,1130,Crizotinib,0.47003271637860744,1,2149.0,control,-0.13701084540598443,1.0
620,926,Crizotinib,0.635797781128981,1,2741.0,control,-0.054597227994038336,1.0
621,919,Crizotinib,0.5501923388959273,1,2365.0,control,-0.14661921385396406,1.0
622,2512,control,-0.21691588426040176,1,2215.0,control,-0.12217108002964902,1.0
623,595,Crizotinib,0.21267082015369954,1,2072.0,Lorlatinib,0.8472730574269041,1.0
624,2456,control,-0.3118861137584912,1,1301.0,Lorlatinib,0.7820561809979532,1.0
625,479,Crizotinib,0.2774115052390763,1,1958.0,Lorlatinib,0.8331259901745989,1.0
626,290,Crizotinib,0.4445786599577827,1,2177.0,control,-0.0647214818648138,1.0
627,1151,Crizotinib,0.518797409175682,1,2586.0,control,-0.0380865140434333,1.0
628,2689,control,0.24420313994395038,1,1273.0,Lorlatinib,0.7910238287716651,1.0
629,2504,control,-0.2309990503037635,1,2836.0,control,-0.13110950648803443,1.0
630,603,Crizotinib,0.3895363234819298,1,2348.0,control,-0.14347755562278605,1.0
631,2305,control,-0.29049388755184524,1,1973.0,Lorlatinib,0.8418794688346867,1.0
632,2411,control,-0.14863820992163118,1,1883.0,Lorlatinib,0.09493032064370485,1.0
633,2303,control,-0.20554861636939156,1,2304.0,control,-0.13801819350565622,1.0
634,2595,control,-0.02650968848032259,1,2486.0,control,-0.13060827063613997,1.0
635,876,Crizotinib,0.5821772639152761,1,1269.0,Lorlatinib,0.7982862672257856,1.0
636,2896,control,-0.10914179529418722,1,2418.0,control,-0.09121443519841498,1.0
637,469,Crizotinib,0.07097030343173916,1,1218.0,Lorlatinib,0.8147937476609124,1.0
638,441,Crizotinib,0.5800623423805877,1,2341.0,control,-0.14474806451766853,1.0
639,304,Crizotinib,0.5953921473703107,1,2065.0,Lorlatinib,0.7258360350774673,1.0
640,2134,control,0.06120489370932175,1,2241.0,control,-0.10053806327270606,1.0
641,2287,control,-0.18219694314472074,1,1436.0,Lorlatinib,0.8463492012723184,1.0
642,612,Crizotinib,0.5817665130904733,1,1620.0,Lorlatinib,0.8357481695591586,1.0
643,2766,control,0.3289050624251556,1,2924.0,control,0.09965755599771342,1.0
644,2792,control,0.5081594867784343,1,2352.0,control,-0.12731101630577524,1.0
645,856,Crizotinib,0.5222629813683575,1,1371.0,Lorlatinib,0.8401913370556697,1.0
646,1101,Crizotinib,0.5440723786529112,1,2533.0,control,-0.1244796948072623,1.0
647,2412,control,-0.18210062477218758,1,1304.0,Lorlatinib,0.8010132794246536,1.0
648,2788,control,0.4894768719843753,1,1528.0,Lorlatinib,0.7818681598811348,1.0
649,57,Crizotinib,0.652231988982603,1,1442.0,Lorlatinib,0.8340968563814413,1.0
650,2241,control,-0.2968178266580276,1,2768.0,control,-0.11977133336064873,1.0
651,971,Crizotinib,0.4994904878613221,1,2507.0,control,0.06770371090723032,1.0
652,188,Crizotinib,-0.019529592696121423,1,1202.0,Lorlatinib,0.7871743277962024,1.0
653,2633,control,0.2535075722915794,1,1869.0,Lorlatinib,-0.04141872917740229,1.0
654,2802,control,0.3878650294600904,1,1768.0,Lorlatinib,0.8392823330627994,1.0
655,2787,control,0.14954134867162416,1,2648.0,control,-0.010598528682396968,1.0
656,956,Crizotinib,0.5472286570534528,1,2324.0,control,-0.12398198295848531,1.0
657,2663,control,-0.10984101032386973,1,1974.0,Lorlatinib,0.8322514269412855,1.0
658,818,Crizotinib,0.4479330977070616,1,1717.0,Lorlatinib,0.7262821365770327,1.0
659,2880,control,0.45098866044483066,1,1612.0,Lorlatinib,0.7086540888273283,1.0
660,2531,control,0.012279199624329773,1,2131.0,control,-0.11036271673363512,1.0
661,406,Crizotinib,0.43155588706677506,1,1394.0,Lorlatinib,0.8377470096493842,1.0
662,2313,control,-0.029663786512546197,1,1573.0,Lorlatinib,0.8462029212428903,1.0
663,2623,control,0.3275433398289339,1,1854.0,Lorlatinib,0.8312650210128056,1.0
664,2280,control,-0.283090426786138,1,1595.0,Lorlatinib,0.7960577444521197,1.0
665,2721,control,-0.21420822658292168,1,2512.0,control,0.5564393119666349,1.0
666,1024,Crizotinib,0.4338603258368364,1,1370.0,Lorlatinib,0.844568147129032,1.0
667,1059,Crizotinib,0.6012147100023216,1,2488.0,control,0.3729588970685212,1.0
668,14,Crizotinib,-0.14977326011702724,1,1437.0,Lorlatinib,0.785962395426751,1.0
669,807,Crizotinib,0.5578802718582156,1,2730.0,control,-0.1263814653560274,1.0
670,2652,control,0.3245567512822295,1,1201.0,Lorlatinib,0.18846640707792556,1.0
671,1047,Crizotinib,0.5401423142864349,1,2567.0,control,-0.0018044823995719272,1.0
672,1064,Crizotinib,0.591288425005402,1,2258.0,control,0.45594491912380203,1.0
673,2272,control,-0.21644790454963628,1,2847.0,control,-0.04178792666740681,1.0
674,705,Crizotinib,0.615437196617777,1,1355.0,Lorlatinib,0.6491958213846836,1.0
675,2608,control,0.26774528279632526,1,1343.0,Lorlatinib,0.7783152713832884,1.0
676,367,Crizotinib,0.5352024852271606,1,2891.0,control,0.8166559928720261,1.0
677,8,Crizotinib,0.5448486043754883,1,1407.0,Lorlatinib,0.8338616324684232,1.0
678,651,Crizotinib,0.5535616649779495,1,2455.0,control,-0.1032572899022637,1.0
679,124,Crizotinib,0.2802009593340734,1,2701.0,control,-0.14061348004855093,1.0
680,2291,control,0.004955158733637111,1,2179.0,control,-0.13609926051963264,1.0
681,2439,control,-0.08485159615602145,1,1937.0,Lorlatinib,0.7844468267348388,1.0
682,674,Crizotinib,0.5125496661700584,1,1921.0,Lorlatinib,0.6674189061763736,1.0
683,377,Crizotinib,0.4776741239565082,1,1257.0,Lorlatinib,0.8401334521177706,1.0
684,2189,control,0.0649138167590162,1,1316.0,Lorlatinib,0.8093393499097086,1.0
685,2254,control,-0.23817025807950148,1,1479.0,Lorlatinib,0.58977737241574,1.0
686,325,Crizotinib,0.5374931513444127,1,1877.0,Lorlatinib,0.26868490366697373,1.0
687,462,Crizotinib,0.2790306917637413,1,2210.0,control,-0.13754065889363834,1.0
688,874,Crizotinib,0.458676289048941,1,2282.0,control,-0.11447263799100157,1.0
689,98,Crizotinib,0.4801892981093495,1,2472.0,control,-0.09110316833420119,1.0
690,523,Crizotinib,0.614954363552906,1,2637.0,control,0.2926324159002382,1.0
691,2842,control,0.19251098325409222,1,1239.0,Lorlatinib,0.8512559745465806,1.0
692,2277,control,-0.2645290343512201,1,2550.0,control,-0.06286856466406975,1.0
693,444,Crizotinib,0.5257441153068612,1,2223.0,control,0.7784384452630666,1.0
694,2550,control,-0.196802122023822,1,2544.0,control,0.016525011105616272,1.0
695,2638,control,0.22171927427452842,1,1786.0,Lorlatinib,0.6203810591984278,1.0
696,2735,control,-0.20843069424315014,1,2244.0,control,-0.10211116799558582,1.0
697,553,Crizotinib,0.6272053845466908,1,2485.0,control,-0.07299555007565825,1.0
698,1006,Crizotinib,0.3432723645363821,1,2445.0,control,-0.1393533481563279,1.0
699,783,Crizotinib,0.540797385038163,1,2093.0,Lorlatinib,0.8323495390371165,1.0
700,2824,control,0.3482352673207221,1,1971.0,Lorlatinib,0.6574614847852085,1.0
701,686,Crizotinib,0.5935288478830015,1,1901.0,Lorlatinib,0.5858797073486308,1.0
702,866,Crizotinib,0.6192156999642913,1,2658.0,control,-0.11231063675085519,1.0
703,824,Crizotinib,0.6286987403008443,1,2344.0,control,-0.056357974184334095,1.0
704,654,Crizotinib,0.5860279587721299,1,2422.0,control,0.16584453471324967,1.0
705,2419,control,-0.2824227780172462,1,2812.0,control,-0.12835621339822628,1.0
706,2418,control,-0.2401279711712087,1,1609.0,Lorlatinib,0.8433507008065506,1.0
707,245,Crizotinib,0.5639658218107169,1,2342.0,control,-0.13810811318535532,1.0
708,2756,control,0.07051993308622861,1,1754.0,Lorlatinib,0.7764196573116706,1.0
709,2814,control,0.5147947213811415,1,,,,
710,894,Crizotinib,0.6405674949244552,1,,,,
711,1048,Crizotinib,0.6537186251547219,1,,,,
712,1004,Crizotinib,0.46456123501682955,1,,,,
713,675,Crizotinib,0.5499676340807321,1,,,,
714,2365,control,-0.19177399197574146,1,,,,
715,2860,control,0.16423371158651034,1,,,,
716,2199,control,0.6420913314083295,1,,,,
717,2401,control,-0.33409444744401057,1,,,,
718,123,Crizotinib,0.2467907249872,1,,,,
719,1025,Crizotinib,0.3038073050863028,1,,,,
720,2235,control,-0.23942608622268957,1,,,,
721,638,Crizotinib,0.3863398879845732,1,,,,
722,2204,control,-0.18364838803997913,1,,,,
723,2854,control,0.245170500287201,1,,,,
724,2897,control,0.1043415956682901,1,,,,
725,424,Crizotinib,0.08305451969038175,1,,,,
726,2294,control,-0.014893467220119083,1,,,,
727,750,Crizotinib,0.5903148649526345,1,,,,
728,1016,Crizotinib,0.6383521182832886,1,,,,
729,20,Crizotinib,0.0749902559416935,1,,,,
730,189,Crizotinib,0.25217868482173333,1,,,,
731,95,Crizotinib,0.287884895701808,1,,,,
732,320,Crizotinib,0.6221439846871195,1,,,,
733,951,Crizotinib,0.367073650467896,1,,,,
734,687,Crizotinib,0.5478133027777338,1,,,,
735,2821,control,0.3135918777627169,1,,,,
736,2899,control,-0.2806793889028394,1,,,,
737,2675,control,0.0311933040051402,1,,,,
738,2701,control,-0.25531176304284237,1,,,,
739,1122,Crizotinib,0.257201259938973,1,,,,
740,808,Crizotinib,0.5861152983031516,1,,,,
741,914,Crizotinib,0.60090943523428,1,,,,
742,2769,control,0.4848992538664598,1,,,,
743,977,Crizotinib,0.4973944536639472,1,,,,
744,1089,Crizotinib,0.5722857167002423,1,,,,
745,800,Crizotinib,0.6180571444157731,1,,,,
746,2222,control,-0.22637046866749058,1,,,,
747,2698,control,-0.16645383196425662,1,,,,
748,2789,control,0.4448477893255173,1,,,,
749,2916,control,0.04769171695914909,1,,,,
750,2275,control,-0.18363669195610527,1,,,,
751,1019,Crizotinib,0.630123647837916,1,,,,
752,644,Crizotinib,0.4714221114286943,1,,,,
753,2180,control,0.049451406171297174,1,,,,
754,979,Crizotinib,0.17755905325868915,1,,,,
755,1139,Crizotinib,0.3104637831517477,1,,,,
756,2523,control,0.03760089346102696,1,,,,
757,116,Crizotinib,0.1561342134824838,1,,,,
758,2908,control,-0.2805276348839509,1,,,,
759,982,Crizotinib,0.4904712400682133,1,,,,
760,925,Crizotinib,0.6079559340948709,1,,,,
761,2382,control,-0.19692769526518852,1,,,,
762,2167,control,0.22021039268369458,1,,,,
763,2185,control,0.3953775905553657,1,,,,
764,2597,control,-0.05594251895522301,1,,,,
765,2834,control,0.25174472850546936,1,,,,
766,1100,Crizotinib,0.3311870036697441,1,,,,
767,2444,control,-0.24387284828619665,1,,,,
768,871,Crizotinib,0.5492811189474379,1,,,,
769,928,Crizotinib,0.6164642541159396,1,,,,
770,576,Crizotinib,0.5967267054165377,1,,,,
771,2911,control,-0.320191913429805,1,,,,
772,916,Crizotinib,0.6171653976290085,1,,,,
773,2626,control,-0.16452990938355294,1,,,,
774,957,Crizotinib,0.4098885290621923,1,,,,
775,421,Crizotinib,0.6266783136723951,1,,,,
776,2901,control,0.44749053810436623,1,,,,
777,350,Crizotinib,0.5980505745534248,1,,,,
778,857,Crizotinib,0.651894793268325,1,,,,
