ObjectNumber,Metadata_cell,Metadata_concentration,Metadata_dish,Metadata_hour,Metadata_site,Metadata_treatment,Predicted_Probability,S
1,A549,6,1,6,0,ALM,0.266450504885383,-0.05866716422384749
2,A549,6,1,6,0,ALM,0.3562522299936104,0.03113456088437988
3,A549,6,1,6,0,ALM,0.4305332487430471,0.10541557963381659
1,A549,6,1,6,1,ALM,0.5228672104228702,0.1977495413136397
2,A549,6,1,6,1,ALM,0.41740124744382223,0.09228357833459172
3,A549,6,1,6,1,ALM,0.5327384627175409,0.20762079360831037
4,A549,6,1,6,1,ALM,0.41732856901467114,0.09221089990544062
1,A549,6,1,6,10,ALM,0.585247643735537,0.26012997462630644
2,A549,6,1,6,10,ALM,0.5972252578665442,0.2721075887573137
3,A549,6,1,6,10,ALM,0.44301966080279714,0.11790199169356663
4,A549,6,1,6,10,ALM,0.4054931843510531,0.08037551524182257
5,A549,6,1,6,10,ALM,0.46433231783751516,0.13921464872828465
6,A549,6,1,6,10,ALM,0.5772330583426533,0.25211538923342275
7,A549,6,1,6,10,ALM,0.4318910337425577,0.1067733646333272
8,A549,6,1,6,10,ALM,0.46760364205594207,0.14248597294671156
1,A549,6,1,6,11,ALM,0.33900468101017733,0.013887011900946822
2,A549,6,1,6,11,ALM,0.3077300530763349,-0.017387616032895625
3,A549,6,1,6,11,ALM,0.5587797160446565,0.23366204693542597
4,A549,6,1,6,11,ALM,0.3874351996600148,0.06231753055078426
5,A549,6,1,6,11,ALM,0.4216179173241619,0.09650024821493136
1,A549,6,1,6,12,ALM,0.6775977848555803,0.3524801157463498
2,A549,6,1,6,12,ALM,0.454240363722396,0.1291226946131655
3,A549,6,1,6,12,ALM,0.3385231400361094,0.013405470926878882
4,A549,6,1,6,12,ALM,0.407416848728732,0.0822991796195015
5,A549,6,1,6,12,ALM,0.4297791604726041,0.1046614913633736
1,A549,6,1,6,13,ALM,0.3604515264623158,0.03533385735308531
2,A549,6,1,6,13,ALM,0.3221000947390472,-0.0030175743701832958
3,A549,6,1,6,13,ALM,0.25176714162139824,-0.07335052748783227
4,A549,6,1,6,13,ALM,0.4141621424205514,0.08904447331132087
5,A549,6,1,6,13,ALM,0.45723895604037035,0.13212128693113984
6,A549,6,1,6,13,ALM,0.3890580158336642,0.06394034672443366
7,A549,6,1,6,13,ALM,0.32033808868263935,-0.004779580426591157
8,A549,6,1,6,13,ALM,0.38466672362906806,0.05954905451983755
9,A549,6,1,6,13,ALM,0.44028000249946436,0.11516233339023385
10,A549,6,1,6,13,ALM,0.4195425203551614,0.09442485124593086
1,A549,6,1,6,14,ALM,0.20757985416668623,-0.11753781494254428
2,A549,6,1,6,14,ALM,0.10569795075134805,-0.21941971835788246
3,A549,6,1,6,14,ALM,0.30390567368229426,-0.021211995426936248
4,A549,6,1,6,14,ALM,0.2666567973976517,-0.05846087171157882
5,A549,6,1,6,14,ALM,0.23445433285343245,-0.09066333625579806
6,A549,6,1,6,14,ALM,0.06687255642189498,-0.2582451126873355
7,A549,6,1,6,14,ALM,0.32292774455848294,-0.0021899245507475684
8,A549,6,1,6,14,ALM,0.2360370483650005,-0.08908062074423001
1,A549,6,1,6,15,ALM,0.3761702017911312,0.051052532681900686
2,A549,6,1,6,15,ALM,0.4205063562912311,0.09538868718200061
3,A549,6,1,6,15,ALM,0.3567980292225289,0.03168036011329839
4,A549,6,1,6,15,ALM,0.38728858836570745,0.06217091925647694
5,A549,6,1,6,15,ALM,0.4542503206688398,0.1291326515596093
6,A549,6,1,6,15,ALM,0.49278721846456486,0.16766954935533435
1,A549,6,1,6,16,ALM,0.515809353597208,0.19069168448797752
2,A549,6,1,6,16,ALM,0.39677881687146266,0.07166114776223215
3,A549,6,1,6,16,ALM,0.45866113908066736,0.13354346997143685
4,A549,6,1,6,16,ALM,0.29688207075151885,-0.028235598357711666
5,A549,6,1,6,16,ALM,0.3706801065747699,0.045562437465539396
6,A549,6,1,6,16,ALM,0.5384703497940746,0.2133526806848441
7,A549,6,1,6,16,ALM,0.4848764222708226,0.1597587531615921
8,A549,6,1,6,16,ALM,0.39614663506639636,0.07102896595716585
1,A549,6,1,6,17,ALM,0.49702840526004755,0.17191073615081703
2,A549,6,1,6,17,ALM,0.6679429875802974,0.34282531847106684
3,A549,6,1,6,17,ALM,0.5437787027020332,0.2186610335928027
4,A549,6,1,6,17,ALM,0.3832597268132328,0.05814205770400227
5,A549,6,1,6,17,ALM,0.34387968919202516,0.01876202008279465
1,A549,6,1,6,2,ALM,0.2733761595459061,-0.051741509563324406
2,A549,6,1,6,2,ALM,0.25951063190348767,-0.06560703720574285
3,A549,6,1,6,2,ALM,0.3740220048199266,0.04890433571069608
4,A549,6,1,6,2,ALM,0.3285686768140099,0.0034510077047794074
1,A549,6,1,6,3,ALM,0.4311345971528164,0.10601692804358587
2,A549,6,1,6,3,ALM,0.586676907818962,0.26155923870973147
3,A549,6,1,6,3,ALM,0.47345205718961997,0.14833438808038946
4,A549,6,1,6,3,ALM,0.5209591247267183,0.19584145561748784
5,A549,6,1,6,3,ALM,0.5635728118541892,0.23845514274495866
6,A549,6,1,6,3,ALM,0.4292410805586632,0.10412341144943271
7,A549,6,1,6,3,ALM,0.4969433546038095,0.171825685494579
1,A549,6,1,6,4,ALM,0.3660643152735851,0.04094664616435456
2,A549,6,1,6,4,ALM,0.4566684525009975,0.131550783391767
3,A549,6,1,6,4,ALM,0.4847280304037345,0.159610361294504
1,A549,6,1,6,5,ALM,0.3811876980473493,0.0560700289381188
2,A549,6,1,6,5,ALM,0.3239793929938636,-0.0011382761153669319
3,A549,6,1,6,5,ALM,0.606480794542484,0.28136312543325354
4,A549,6,1,6,5,ALM,0.5248053389170835,0.19968766980785296
1,A549,6,1,6,6,ALM,0.34741610170218046,0.022298432592949946
2,A549,6,1,6,6,ALM,0.48212766138641483,0.15700999227718432
3,A549,6,1,6,6,ALM,0.4852911836258757,0.1601735145166452
4,A549,6,1,6,6,ALM,0.4363783026561686,0.1112606335469381
5,A549,6,1,6,6,ALM,0.41475510268714133,0.08963743357791082
6,A549,6,1,6,6,ALM,0.3915459143792502,0.06642824527001967
7,A549,6,1,6,6,ALM,0.5617086152424182,0.2365909461331877
1,A549,6,1,6,7,ALM,0.30296286419649476,-0.022154804912735748
2,A549,6,1,6,7,ALM,0.4710825278965194,0.14596485878728888
3,A549,6,1,6,7,ALM,0.33310561752057843,0.007987948411347923
4,A549,6,1,6,7,ALM,0.27305435261738076,-0.052063316491849754
5,A549,6,1,6,7,ALM,0.39821142760675415,0.07309375849752364
6,A549,6,1,6,7,ALM,0.39155134362989447,0.06643367452066395
7,A549,6,1,6,7,ALM,0.26811900389040677,-0.05699866521882374
1,A549,6,1,6,8,ALM,0.42016698795358015,0.09504931884434964
2,A549,6,1,6,8,ALM,0.390899606317486,0.06578193720825548
3,A549,6,1,6,8,ALM,0.3836538729579396,0.05853620384870911
4,A549,6,1,6,8,ALM,0.4537416112120599,0.1286239421028294
5,A549,6,1,6,8,ALM,0.48037428529323867,0.15525661618400816
6,A549,6,1,6,8,ALM,0.3347584223750021,0.009640753265771573
1,A549,6,1,6,9,ALM,0.4586301426567859,0.1335124735475554
2,A549,6,1,6,9,ALM,0.4839224841696891,0.15880481506045857
3,A549,6,1,6,9,ALM,0.512925345335138,0.1878076762259075
4,A549,6,1,6,9,ALM,0.5974166869132695,0.27229901780403903
1,A549,0,1,2,0,control,0.3100975860900048,-0.015020083019225694
2,A549,0,1,2,0,control,0.4731916797470923,0.1480740106378618
1,A549,0,1,2,1,control,0.22140455555544297,-0.10371311355378754
2,A549,0,1,2,1,control,0.20539405667804517,-0.11972361243118534
1,A549,0,1,2,10,control,0.4580537273813758,0.13293605827214527
2,A549,0,1,2,10,control,0.3257644628304186,0.0006467937211880881
3,A549,0,1,2,10,control,0.33954902535871484,0.014431356249484328
4,A549,0,1,2,10,control,0.41923620628073205,0.09411853717150154
5,A549,0,1,2,10,control,0.47074952909387446,0.14563185998464395
6,A549,0,1,2,10,control,0.3492602332439663,0.02414256413473581
1,A549,0,1,2,11,control,0.26643331473484466,-0.05868435437438585
1,A549,0,1,2,12,control,0.4467554907077439,0.12163782159851338
2,A549,0,1,2,12,control,0.2978364001683908,-0.02728126894083971
3,A549,0,1,2,12,control,0.5212655066908441,0.19614783758161364
1,A549,0,1,2,13,control,0.3185864675225439,-0.00653120158668663
2,A549,0,1,2,13,control,0.27855112062872733,-0.04656654848050318
3,A549,0,1,2,13,control,0.28990238109286953,-0.03521528801636098
4,A549,0,1,2,13,control,0.3084051729109447,-0.016712496198285798
5,A549,0,1,2,13,control,0.2590489279021778,-0.0660687412070527
6,A549,0,1,2,13,control,0.3150521635102466,-0.010065505598983893
1,A549,0,1,2,14,control,0.2666443821362765,-0.05847328697295401
2,A549,0,1,2,14,control,0.3033482787270961,-0.021769390382134435
3,A549,0,1,2,14,control,0.3815251240165067,0.05640745490727617
4,A549,0,1,2,14,control,0.3352065125340197,0.010088843424789162
5,A549,0,1,2,14,control,0.3480008407620697,0.022883171652839207
1,A549,0,1,2,15,control,0.35108488856304887,0.025967219453818358
2,A549,0,1,2,15,control,0.3371385998212794,0.012020930712048905
3,A549,0,1,2,15,control,0.31004806957660563,-0.015069599532624878
4,A549,0,1,2,15,control,0.34357430250627663,0.01845663339704612
5,A549,0,1,2,15,control,0.18183977992648118,-0.14327788918274934
1,A549,0,1,2,16,control,0.2518862021421236,-0.07323146696710692
2,A549,0,1,2,16,control,0.2241834923671689,-0.10093417674206162
1,A549,0,1,2,17,control,0.3918542330921305,0.06673656398290001
2,A549,0,1,2,17,control,0.29425236163743074,-0.030865307471799774
3,A549,0,1,2,17,control,0.20931218829127513,-0.11580548081795539
4,A549,0,1,2,17,control,0.2421400101227539,-0.0829776589864766
1,A549,0,1,2,18,control,0.48258870669453946,0.15747103758530895
1,A549,0,1,2,19,control,0.3184681353863804,-0.006649533722850098
2,A549,0,1,2,19,control,0.3788843174395228,0.053766648330292266
3,A549,0,1,2,19,control,0.2977371733251089,-0.027380495784121606
4,A549,0,1,2,19,control,0.31196202804436685,-0.013155641064863666
1,A549,0,1,2,2,control,0.34520322253477076,0.020085553425540248
2,A549,0,1,2,2,control,0.2987235443932488,-0.026394124715981737
3,A549,0,1,2,2,control,0.4250904345864569,0.09997276547722639
4,A549,0,1,2,2,control,0.36821535344505374,0.04309768433582323
5,A549,0,1,2,2,control,0.31150910384783426,-0.013608565261396255
1,A549,0,1,2,3,control,0.3671089389737812,0.04199126986455071
2,A549,0,1,2,3,control,0.3109742412071291,-0.014143427902101435
3,A549,0,1,2,3,control,0.3364041262341337,0.011286457124903171
4,A549,0,1,2,3,control,0.46817228456138055,0.14305461545215004
1,A549,0,1,2,4,control,0.28883795129729933,-0.03627971781193118
2,A549,0,1,2,4,control,0.3046170794649786,-0.020500589644251888
3,A549,0,1,2,4,control,0.1804089218932671,-0.1447087472159634
1,A549,0,1,2,5,control,0.3462187732913569,0.021101104182126407
2,A549,0,1,2,5,control,0.3112191440550885,-0.013898525054142019
1,A549,0,1,2,6,control,0.4091487668317166,0.08403109772248607
1,A549,0,1,2,7,control,0.43989245288652734,0.11477478377729683
2,A549,0,1,2,7,control,0.3166829612546881,-0.008434707854542423
1,A549,0,1,2,8,control,0.5688475279009733,0.24372985879174275
2,A549,0,1,2,8,control,0.39334658092542507,0.06822891181619456
1,A549,0,1,2,9,control,0.40379225445522293,0.07867458534599242
2,A549,0,1,2,9,control,0.30905978238764803,-0.01605788672158248
3,A549,0,1,2,9,control,0.2528108220157642,-0.0723068470934663
1,A549,0,3,2,0,control,0.37085177284257675,0.04573410373334624
1,A549,0,3,2,1,control,0.24458604737137396,-0.08053162173785655
2,A549,0,3,2,1,control,0.20955373188673362,-0.11556393722249689
3,A549,0,3,2,1,control,0.189008127389959,-0.1361095417192715
4,A549,0,3,2,1,control,0.23982735187550422,-0.08529031723372629
5,A549,0,3,2,1,control,0.21288909277633844,-0.11222857633289207
6,A549,0,3,2,1,control,0.21278999658138814,-0.11232767252784237
1,A549,0,3,2,10,control,0.39653399847694254,0.07141632936771203
2,A549,0,3,2,10,control,0.28040442171412483,-0.04471324739510568
3,A549,0,3,2,10,control,0.3038102318716767,-0.021307437237553795
4,A549,0,3,2,10,control,0.4108269337550466,0.08570926464581607
1,A549,0,3,2,11,control,0.34154008516757006,0.01642241605833955
2,A549,0,3,2,11,control,0.4737228468514644,0.14860517774223386
1,A549,0,3,2,12,control,0.1902557549131168,-0.1348619141961137
2,A549,0,3,2,12,control,0.2345377930724807,-0.0905798760367498
3,A549,0,3,2,12,control,0.2392550552166429,-0.08586261389258762
1,A549,0,3,2,13,control,0.28634873288961843,-0.03876893621961208
2,A549,0,3,2,13,control,0.21619810541188808,-0.10891956369734243
3,A549,0,3,2,13,control,0.3018748591553909,-0.023242809953839594
1,A549,0,3,2,14,control,0.21208378581099002,-0.11303388329824049
2,A549,0,3,2,14,control,0.2798027325384297,-0.04531493657080082
1,A549,0,3,2,2,control,0.343095713504687,0.01797804439545647
2,A549,0,3,2,2,control,0.3246842739351197,-0.00043339517411078443
3,A549,0,3,2,2,control,0.27758196569347393,-0.04753570341575658
1,A549,0,3,2,4,control,0.2582347877368572,-0.0668828813723733
2,A549,0,3,2,4,control,0.24394157380157414,-0.08117609530765638
3,A549,0,3,2,4,control,0.32680240492627144,0.0016847358170409277
4,A549,0,3,2,4,control,0.312565679842692,-0.012551989266538499
5,A549,0,3,2,4,control,0.2234970363097326,-0.1016206327994979
1,A549,0,3,2,5,control,0.17677093932410465,-0.14834672978512586
2,A549,0,3,2,5,control,0.2695989455684786,-0.055518723540751935
3,A549,0,3,2,5,control,0.2393040357497765,-0.08581363335945402
4,A549,0,3,2,5,control,0.16014906454227873,-0.16496860456695178
1,A549,0,3,2,6,control,0.5103276831574132,0.18521001404818266
2,A549,0,3,2,6,control,0.3295489189594546,0.004431249850224084
3,A549,0,3,2,6,control,0.3441538949868397,0.01903622587760917
1,A549,0,3,2,7,control,0.2657646897992768,-0.0593529793099537
2,A549,0,3,2,7,control,0.25515998980597937,-0.06995767930325114
3,A549,0,3,2,7,control,0.4570420041042088,0.1319243349949783
4,A549,0,3,2,7,control,0.2916704735504355,-0.033447195558794995
1,A549,0,3,2,8,control,0.29998583342307145,-0.025131835686159065
2,A549,0,3,2,8,control,0.3959267678654016,0.07080909875617108
3,A549,0,3,2,8,control,0.6764269891236698,0.3513093200144393
4,A549,0,3,2,8,control,0.28024120174648537,-0.04487646736274514
5,A549,0,3,2,8,control,0.5272215893822179,0.20210392027298735
1,A549,0,3,2,9,control,0.39578185069953115,0.07066418159030063
2,A549,0,3,2,9,control,0.3265521217030805,0.0014344525938499997
3,A549,0,3,2,9,control,0.5731325736245863,0.24801490451535574
4,A549,0,3,2,9,control,0.277087443231013,-0.048030225878217536
5,A549,0,3,2,9,control,0.3934993402367041,0.06838167112747356
6,A549,0,3,2,9,control,0.26846113086340484,-0.05665653824582567
