ObjectNumber,Metadata_site,Metadata_concentration,Metadata_hour,Metadata_treatment,Predicted_Probability,Is_Test,S,Ed_region_mean,Rc_region_mean,Fp_region_PCC,Fp_cell_PCC,FRET_Judge,Near_Ed,Ed_diff,E_Ed_std,E_Ed_diff,E_Fp,E
1,0,3,4,OSI,0.6160122199582097,False,0.300167612487221,0.1271321773529052,1.0793484449386597,0.4532139301300049,0.18677104,True,0.1125346958603142,0.0784867891169879,0.018101955550986128,0.0784867891169879,0.81322896,0.4156654577754931
2,0,3,4,OSI,0.5029358028280507,True,0.1870911953570621,0.0928327888250351,0.7236196398735046,-0.0941908806562423,0.4486343,True,0.0947689187439082,0.0597269000047065,0.22270904316859674,0.0597269000047065,0.5513657000000001,0.3870373715842984
1,1,3,4,OSI,0.7029357522984363,True,0.3870911448274477,0.048194333910942,0.3337109386920929,0.4679791927337646,0.38071728,True,0.0607621172072078,0.0313160249718761,0.4889920484268764,0.0313160249718761,0.61928272,0.5541373842134382
2,1,3,4,OSI,0.6027388204009785,False,0.2868942129299899,0.0506145469844341,0.7713180184364319,0.4323227703571319,0.2266635,True,0.0976618319922563,0.0625832667592152,0.4745546846826535,0.0625832667592152,0.7733365,0.6239455923413267
1,10,3,4,OSI,0.6701336347244451,False,0.3542890272534565,0.1104031056165695,1.4989672899246216,-0.0023111104965209,0.53095984,True,0.1259835840548073,0.0947555848475994,0.11789634820426768,0.0947555848475994,0.46904016000000004,0.29346825410213384
2,10,3,4,OSI,0.5613007817646588,False,0.2454561742936702,0.0541010126471519,0.4360541999340057,-0.7085757255554199,0.55126196,True,0.0720188464099455,0.0397234162310386,0.45375677498383044,0.0397234162310386,0.44873803999999995,0.45124740749191516
3,10,3,4,OSI,0.6343475894666217,False,0.3185029819956331,0.0709984079003334,0.8984413146972656,-0.1536448299884796,0.21376789,True,0.1045099170862997,0.0696468510207602,0.3529582774168011,0.0696468510207602,0.78623211,0.5695951937084005
1,11,3,4,OSI,0.7648143035137634,True,0.4489696960427748,0.0531251728534698,0.8962940573692322,0.010321095585823,0.39356482,True,0.1044035024762611,0.0695337683969419,0.459577978997553,0.0695337683969419,0.6064351800000001,0.5330065794987765
2,11,3,4,OSI,0.4346541073598132,False,0.1188094998888246,0.0261920262128114,0.1759009510278701,0.1483437418937683,0.328145,True,0.0380365511390268,0.0170119203514278,0.62024302088439,0.0170119203514278,0.671855,0.646049010442195
3,11,3,4,OSI,0.6002159965786517,False,0.2843713891076631,0.1214633733034133,1.0740790367126465,0.6590428352355957,0.86383265,True,0.112324555289157,0.0782472978147299,0.05191822856993489,0.0782472978147299,0.13616735000000002,0.09404278928496745
4,11,3,4,OSI,0.5616990790726673,True,0.2458544716016786,0.0362905077636241,0.3317961990833282,-0.7227400541305542,0.2770731,True,0.0605294942140418,0.0311519517509688,0.5600022705924994,0.0311519517509688,0.7229269,0.6414645852962497
5,11,3,4,OSI,0.5931164545227416,False,0.277271847051753,0.0668349862098693,0.9353021383285522,-0.0546550601720809,0.8434993,True,0.1062921602364129,0.0715566521470489,0.3777944515636861,0.0715566521470489,0.15650070000000005,0.26714757578184306
1,12,3,4,OSI,0.7110322869856681,False,0.3951876795146795,0.2125897109508514,2.263759136199951,0.8221830129623413,0.45293507,False,0.2552465814286563,0.0,0.09168022468386586,0.0,0.54706493,0.3193725773419329
2,12,3,4,OSI,0.7169403459391133,False,0.4010957384681247,0.0252143051475286,0.1149206161499023,0.5169258117675781,0.35599187,True,0.0267924989996047,0.0111391583135452,0.6260754472994368,0.0111391583135452,0.64400813,0.6350417886497184
1,13,3,4,OSI,0.5012106586369895,True,0.1853660511660009,0.1254019290208816,1.0125547647476196,0.0134647339582443,0.9197613,True,0.109773334127222,0.0753744988431029,0.02842345360868226,0.0753744988431029,0.0802387,0.05433107680434113
2,13,3,4,OSI,0.6341753642812573,False,0.3183307568102687,0.1057340204715728,0.5290237069129944,0.052465446293354,0.28467822,False,0.1273235485256343,0.0,0.14574897049169327,0.0,0.71532178,0.4305353752458466
3,13,3,4,OSI,0.6581173037227707,False,0.3422726962517821,0.0451976023614406,0.1613353788852691,0.2781125903129577,-0.26083332,False,0.0511234054427652,0.0,0.5068685337238976,0.0,0.7391666800000001,0.6230176068619488
1,14,3,4,OSI,0.6457804846696927,False,0.3299358771987041,0.0828393474221229,0.4954884350299835,0.0237261652946472,0.32690123,True,0.0776449382265132,0.0442816108660433,0.2823231945714902,0.0442816108660433,0.67309877,0.47771098228574504
2,14,3,4,OSI,0.7120785927419987,True,0.3962339852710101,0.0615509115159511,0.2854612171649933,0.4878788292407989,0.62743527,True,0.0546145493367355,0.0271068799168037,0.40931568795535006,0.0271068799168037,0.37256473,0.390940208977675
3,14,3,4,OSI,0.5898722865765642,False,0.2740276791055756,0.0713005885481834,0.2455651462078094,0.2331201583147049,0.65138763,False,0.0725517842881233,0.0,0.3511556708706013,0.0,0.34861237,0.34988402043530065
1,15,3,4,OSI,0.5484397733332078,True,0.2325951658622192,0.0658259689807891,0.2058720588684082,0.1730479598045349,0.45146653,False,0.0628266631657991,0.0,0.3838135698471021,0.0,0.54853347,0.46617351992355105
2,15,3,4,OSI,0.4959584880234441,True,0.1801138805524555,0.1241202503442764,1.641318678855896,0.6956018209457397,0.12576386,True,0.1294344272942305,0.0992412257627488,0.03606908673910083,0.0992412257627488,0.87423614,0.45515261336955043
3,15,3,4,OSI,0.7671213014115436,True,0.451276693940555,0.120780773460865,1.3222166299819946,0.0883174464106559,0.84577537,True,0.1210109145078719,0.0885198043541089,0.05599016022196883,0.0885198043541089,0.15422462999999997,0.10510739511098441
1,16,3,4,OSI,0.6770457432607402,True,0.3612011357897516,0.033830989152193,0.1152754351496696,0.4433334469795227,0.28041887,False,0.0380366668161981,0.0,0.5746741047453829,0.0,0.71958113,0.6471276173726914
2,16,3,4,OSI,0.6178607252120585,False,0.3020161177410699,0.1155445128679275,1.049390435218811,-0.3035771250724792,0.34894493,True,0.111322788210423,0.0771116230779711,0.0872261698393781,0.0771116230779711,0.65105507,0.36914061991968905
3,16,3,4,OSI,0.6603138551687717,False,0.3444692476977831,0.1137386411428451,2.2298505306243896,0.2996259927749634,0.428197,True,0.1400997313369746,0.1139631076363016,0.0979987862077389,0.1139631076363016,0.5718030000000001,0.3349008931038695
1,17,3,4,OSI,0.605248158714309,False,0.2894035512433204,0.1025900617241859,0.5310608148574829,-0.1576479971408844,0.20622066,True,0.080744839702965,0.0468989337977923,0.16450371424958998,0.0468989337977923,0.7937793399999999,0.47914152712479496
1,18,3,4,OSI,0.7232661393506029,False,0.4074215318796143,0.0535376034677028,0.1262182295322418,0.5900461673736572,0.09592871,False,0.0412427247667235,0.0,0.45711769528858853,0.0,0.90407129,0.6805944926442943
2,18,3,4,OSI,0.7462714524403419,True,0.4304268449693533,0.0929294750094413,0.4548806846141815,0.611325204372406,0.9676991,True,0.073865580497684,0.0411927151469587,0.22213227840825303,0.0411927151469587,0.032300899999999966,0.12721658920412648
3,18,3,4,OSI,0.6774325331951576,False,0.361587925724169,0.0822237059473991,1.1512837409973145,0.8646730184555054,0.32051814,True,0.1152815076790457,0.0816578400290354,0.285995697626683,0.0816578400290354,0.67948186,0.4827387788133415
4,18,3,4,OSI,0.6353489375802885,False,0.3195043301092999,0.0623723305761814,0.5425018668174744,0.0973887741565704,0.2524231,True,0.0817030444191319,0.0477235003932473,0.4044156541984581,0.0477235003932473,0.7475769,0.5759962770992291
5,18,3,4,OSI,0.6616240603325536,False,0.345779452861565,0.0702815875411033,0.2450514286756515,0.869192361831665,0.021643959,False,0.0724298801444388,0.0,0.3572343456600559,0.0,0.978356041,0.6677951933300279
1,19,3,4,OSI,0.659805052722531,False,0.3439604452515424,0.0225854273885488,0.1305271238088607,0.0974123179912567,0.42076173,True,0.0298342229241915,0.0126539054453687,0.6417575642424401,0.0126539054453687,0.57923827,0.6104979171212201
2,19,3,4,OSI,0.6984934287776033,False,0.3826488213066147,0.0422444753348827,0.4273613095283508,0.0623335987329483,0.0814916,True,0.071144664431069,0.0390369419054514,0.5244849037585382,0.0390369419054514,0.9185084,0.7214966518792691
1,2,3,4,OSI,0.7376428854211279,False,0.4217982779501393,0.0557253323495388,0.5308127403259277,0.2451065629720688,0.5069382,True,0.0807238600593587,0.0468809627214808,0.44406717589971734,0.0468809627214808,0.4930618,0.46856448794985867
2,2,3,4,OSI,0.5995009351424805,True,0.2836563276714919,0.0194563511759042,0.1136501356959343,0.4446951150894165,0.008982893,True,0.0265395161201438,0.0110155908165315,0.6604235288057015,0.0110155908165315,0.991017107,0.8257203179028507
3,2,3,4,OSI,0.614858155097347,False,0.2990135476263584,0.0196081548929214,0.1677896082401275,0.6669090986251831,0.3394187,True,0.03663583057212,0.0162389127863344,0.6595179699091288,0.0162389127863344,0.6605813,0.6600496349545644
1,3,3,4,OSI,0.5942966293666647,False,0.2784520218956761,0.245628222823143,1.753197431564331,0.1787942051887512,0.26058567,False,0.2343372282056404,0.0,0.2887657700403564,0.0,0.73941433,0.5140900500201782
2,3,3,4,OSI,0.481654435314375,True,0.1658098278433864,0.1057391986250877,0.4370723068714142,-0.6007083654403687,0.7177909,False,0.1119238107641526,0.0,0.14571808110982984,0.0,0.2822091,0.21396359055491493
1,4,3,4,OSI,0.7311900077131954,False,0.4153454002422068,0.0877531766891479,1.5621421337127686,0.6030447483062744,0.62042415,True,0.1275694887070833,0.0968006965539756,0.2530105934282011,0.0968006965539756,0.37957585000000005,0.31629322171410057
2,4,3,4,OSI,0.5132248202491578,True,0.1973802127781692,0.0326889306306839,0.1494784653186798,0.125920221209526,0.18695733,True,0.0333711972012332,0.0144836142606098,0.5814868579169149,0.0144836142606098,0.81304267,0.6972647639584575
1,5,3,4,OSI,0.6396441199904926,False,0.323799512519504,0.0938997343182563,0.1174510046839714,0.6087521910667419,0.26182413,False,0.0386790736618695,0.0,0.2163443638146969,0.0,0.7381758700000001,0.4772601169073485
2,5,3,4,OSI,0.642278364528484,True,0.3264337570574954,0.1040431782603263,0.335748016834259,0.1190991774201393,0.7005295,False,0.0924989359054673,0.0,0.15583539813115274,0.0,0.2994705,0.22765294906557637
3,5,3,4,OSI,0.6844886500075493,False,0.3686440425365607,0.1700876504182815,1.3343391418457031,-0.36118283867836,0.22619475,False,0.2103536694376672,0.0,0.0,0.0,0.77380525,0.386902625
4,5,3,4,OSI,0.6684088678636689,False,0.3525642603926803,0.1058236062526702,0.2176316827535629,-0.0789032727479934,0.31962606,False,0.065773961360958,0.0,0.1452145619628825,0.0,0.68037394,0.41279425098144124
5,5,3,4,OSI,0.6563528416445927,False,0.3405082341736041,0.1183452606201171,0.3402948975563049,0.1563621759414672,0.3882069,False,0.0934335589347115,0.0,0.07051879208943808,0.0,0.6117931,0.34115594604471905
1,6,3,4,OSI,0.6509502104425909,False,0.3351056029716023,0.030618043616414,0.1662767827510833,0.0975681394338607,0.29608148,True,0.036371562325683,0.0160944191269017,0.5938403772932326,0.0160944191269017,0.70391852,0.6488794486466163
1,7,3,4,OSI,0.6506807620121402,False,0.3348361545411516,,,,0.5767939,False,,,,,0.42320610000000003,
1,8,3,4,OSI,0.4932343083065799,True,0.1773897008355913,0.0232477635145187,0.3401921689510345,-0.4082601070404053,-0.030452369,True,0.0615429512462037,0.0318695615816895,0.6378065122973444,0.0318695615816895,0.969547631,0.8036770716486722
1,9,3,4,OSI,0.6457876241452406,False,0.329943016674252,0.1199061274528503,1.3996988534927368,-0.3118455708026886,0.3020021,True,0.1232955752104606,0.0913518491259806,0.061207710157322515,0.0913518491259806,0.6979979000000001,0.3796028050786613
2,9,3,4,OSI,0.7029179216299596,False,0.387073314158971,0.0783032700419426,0.4630872309207916,0.2014508247375488,0.44954377,True,0.0746512943395803,0.0418257668890931,0.30938238197399065,0.0418257668890931,0.55045623,0.42991930598699535
1,0,0,2,control,0.3353932720795829,False,0.0195486646085943,0.109763316810131,0.4360150396823883,-0.1483051925897598,0.7970923,False,0.1117352744708073,0.0,0.12171289800279723,0.0,0.20290770000000002,0.16231029900139862
2,0,0,2,control,0.3434016672689194,True,0.0275570597979308,0.1123567372560501,0.5749599933624268,0.4296046495437622,0.77317536,False,0.1343432712253558,0.0,0.1062422955465376,0.0,0.22682464000000002,0.1665334677732688
3,0,0,2,control,0.4229059328071223,False,0.1070613253361337,0.2239713817834854,1.2820463180541992,0.0485613867640495,0.6527049,False,0.2067412222580225,0.0,0.15957561936110035,0.0,0.34729509999999997,0.25343535968055014
4,0,0,2,control,0.3268835716411326,False,0.0110389641701439,0.1386391371488571,1.0471683740615845,0.9903518557548524,0.96838063,True,0.1112312087784881,0.0770082963532331,0.0,0.0770082963532331,0.031619370000000036,0.015809685000000018
1,1,0,2,control,0.2104508375764688,False,-0.1053937698945197,0.2260804027318954,1.925522327423096,0.5481303930282593,0.6215776,False,0.2422104968571039,0.0,0.1721566201456497,0.0,0.37842240000000005,0.2752895100728249
2,1,0,2,control,0.2595617959056092,True,-0.0562828115653793,0.1895101964473724,0.5087724328041077,0.5986912250518799,0.87970114,False,0.1240931045670957,0.0,0.0,0.0,0.12029886000000001,0.060149430000000004
1,10,0,2,control,0.2016366414007355,True,-0.114207966070253,0.1833215206861496,1.4153176546096802,0.6134706139564514,0.7015428,False,0.2156390882591923,0.0,0.0,0.0,0.2984572,0.1492286
2,10,0,2,control,0.3118262239867361,False,-0.0040183834842524,0.2934730052947998,1.7479865550994873,0.3059645891189575,0.8544498,False,0.234083769836102,0.0,0.5741755694386579,0.0,0.14555019999999996,0.3598628847193289
3,10,0,2,control,0.2834477621730789,False,-0.0323968452979096,0.1089347675442695,0.8528454303741455,0.5649943947792053,0.9134033,True,0.1021855882060158,0.0672009743386592,0.1266554657718372,0.0672009743386592,0.08659669999999997,0.10662608288591859
1,11,0,2,control,0.2412451335999512,False,-0.0745994738710373,0.2164930403232574,1.2121050357818604,0.6451662182807922,0.8845359,False,0.2016426191128253,0.0,0.11496486295814057,0.0,0.11546409999999996,0.11521448147907026
2,11,0,2,control,0.2834220539067157,False,-0.0324225535642728,0.0595869608223438,0.2690334022045135,0.8566307425498962,0.8664809,True,0.0523765668074545,0.0256389462903683,0.4210312971510376,0.0256389462903683,0.1335191,0.2772751985755188
3,11,0,2,control,0.4470107376704293,True,0.1311661301994407,0.1846352219581604,1.304576396942139,0.9202096462249756,0.97948855,False,0.2083177258570007,0.0,0.0,0.0,0.020511449999999987,0.010255724999999993
1,12,0,2,control,0.4884059409144395,True,0.1725613334434509,0.1022008508443832,0.5773980617523193,0.7171952128410339,0.8493369,True,0.0845166743759515,0.0501877429027208,0.16682548463686123,0.0501877429027208,0.15066310000000005,0.15874429231843062
1,13,0,2,control,0.2528188711741544,False,-0.0630257362968341,0.1274742484092712,1.063459038734436,0.7817902565002441,0.7725777,True,0.1118971440273173,0.0777615402052989,0.016061389651554413,0.0777615402052989,0.22742229999999997,0.12174184482577718
2,13,0,2,control,0.3414731170512702,False,0.0256285095802816,0.2134395390748977,1.3811641931533811,0.9485992789268494,0.8168817,False,0.2134537486082987,0.0,0.09674972781204447,0.0,0.18311829999999996,0.13993401390602223
1,14,0,2,control,0.302719165095901,False,-0.0131254423750875,0.1694124191999435,0.8590306639671326,0.7843226194381714,0.98387873,False,0.1700473749396388,0.0,0.0,0.0,0.016121269999999965,0.008060634999999983
2,14,0,2,control,0.2796043334589834,False,-0.0362402740120051,0.0984928458929061,0.777534544467926,0.6907233595848083,0.5858637,True,0.0980247764242934,0.0629468982217515,0.18894494876016288,0.0629468982217515,0.4141363,0.30154062438008145
3,14,0,2,control,0.1819847857557557,True,-0.1338598217152328,0.0874299705028534,0.5501134395599365,0.4892859160900116,0.6404006,True,0.0823305316519974,0.0482674882035868,0.2549386241983117,0.0482674882035868,0.3595994,0.30726901209915586
1,15,0,2,control,0.3820583126311728,False,0.0662137051601842,0.1478549093008041,1.2847825288772583,0.8368476033210754,0.6911888,True,0.1198420777285385,0.0870922648844386,0.0,0.0870922648844386,0.30881119999999995,0.15440559999999998
2,15,0,2,control,0.3244652121326699,False,0.0086206046616813,,,,0.5346634,False,,,,,0.4653366,
3,15,0,2,control,0.5121226564504001,True,0.1962780489794115,0.1482508182525634,2.324211597442627,0.5166210532188416,0.82214254,True,0.1414191167334742,0.1158779423697704,0.0,0.1158779423697704,0.17785746000000002,0.08892873000000001
1,16,0,2,control,0.264123549468341,False,-0.0517210580026475,0.25885871052742,1.6114659309387207,0.7463110089302063,0.65551555,False,0.2270829787820673,0.0,0.3676899629522242,0.0,0.34448445000000005,0.35608720647611214
1,17,0,2,control,0.1802744648256378,True,-0.1355701426453507,0.2873923182487488,1.8005928993225098,0.9028135538101196,0.9297105,False,0.2365992526478865,0.0,0.5379022794295462,0.0,0.0702895,0.3040958897147731
2,17,0,2,control,0.2946859302013463,False,-0.0211586772696422,0.297545462846756,2.113762617111206,0.8068643808364868,0.7631286,False,0.2498150112093605,0.0,0.5984691127032858,0.0,0.23687139999999995,0.4176702563516429
3,17,0,2,control,0.2692161857741229,False,-0.0466284216968657,0.233150377869606,1.1873526573181152,0.929689347743988,0.92303365,False,0.1997600964943622,0.0,0.21433133767102097,0.0,0.07696634999999996,0.14564884383551047
1,18,0,2,control,0.2228273329991603,False,-0.0930172744718282,0.2114837616682052,0.9885851144790648,0.9445029497146606,0.98799527,False,0.1829438023444109,0.0,0.08508287495003146,0.0,0.012004730000000019,0.04854380247501574
2,18,0,2,control,0.3248133569041123,False,0.0089687494331237,0.1758176535367965,1.6546711921691897,0.6426893472671509,0.38403144,True,0.1297363910687842,0.09964003811554,0.0,0.09964003811554,0.61596856,0.30798428
1,19,0,2,control,0.2870618055251415,False,-0.028782801945847,0.2471412718296051,1.6701204776763916,0.9193794131278992,0.5428137,False,0.2301785035257124,0.0,0.2977916029756398,0.0,0.45718630000000005,0.3774889514878199
2,19,0,2,control,0.4759770296557966,True,0.160132422184808,0.1668508052825927,1.172613263130188,0.8241908550262451,0.9067771,False,0.1986187271130782,0.0,0.0,0.0,0.0932229,0.04661145
3,19,0,2,control,0.2609218606808475,False,-0.054922746790141,0.0909327715635299,0.5716997981071472,0.8603166341781616,0.92768055,True,0.0840680761911348,0.04979051815163,0.23404326849986995,0.04979051815163,0.07231944999999995,0.15318135924993495
4,19,0,2,control,0.324632533122147,False,0.0087879256511584,0.1291409432888031,0.9483638405799866,0.8034178018569946,0.7627628,True,0.1069041632236715,0.0722194101380398,0.006119008755431166,0.0722194101380398,0.23723720000000004,0.1216781043777156
1,2,0,2,control,0.3303501864283211,False,0.0145055789573325,0.1696306765079498,1.0626866817474363,0.8115429282188416,0.8651426,False,0.1895919057138415,0.0,0.0,0.0,0.13485740000000002,0.06742870000000001
2,2,0,2,control,0.415008259967445,False,0.0991636524964564,0.1059424579143524,1.0212587118148804,0.5658029317855835,0.5857639,True,0.1101455634943332,0.0757896677311766,0.14450557287010177,0.0757896677311766,0.4142361,0.2793708364350509
1,3,0,2,control,0.275446542785508,True,-0.0403980646854805,0.0714268386363983,0.2703419029712677,0.6486339569091797,0.76588964,False,0.0783142082149176,0.0,0.350402547740137,0.0,0.23411035999999996,0.2922564538700685
2,3,0,2,control,0.3913775185015191,False,0.0755329110305305,0.2198099941015243,2.119266986846924,0.8640767335891724,0.6907025,False,0.250023564654211,0.0,0.13475157874119206,0.0,0.3092975,0.22202453937059602
1,4,0,2,control,0.2908188885044956,True,-0.0250257189664929,0.0943027958273887,0.6469519734382629,0.6611465215682983,0.6117093,True,0.0896783288197939,0.0548786042693088,0.21393996988658567,0.0548786042693088,0.3882907,0.30111533494329284
2,4,0,2,control,0.2849072039551744,False,-0.0309374035158142,0.2535904943943023,1.6402758359909058,0.9657347202301024,0.9235911,False,0.2286206234274427,0.0,0.3362633280703383,0.0,0.0764089,0.20633611403516916
3,4,0,2,control,0.3993831990034453,True,0.0835385915324567,0.0668998882174491,0.4940812885761261,0.7422895431518555,0.6645241,True,0.077518403373901,0.0441763903339382,0.3774072898292823,0.0441763903339382,0.33547590000000005,0.35644159491464117
1,5,0,2,control,0.3740442195590309,False,0.0581996120880423,0.1089212596416473,1.4884265661239624,-0.5557532906532288,0.39421123,True,0.1257099190939568,0.0944054677895684,0.12673604483560408,0.0944054677895684,0.60578877,0.366262407417802
1,6,0,2,control,0.3756949060785641,False,0.0598502986075755,0.1155718266963958,2.0561113357543945,0.6166142225265503,0.2727162,True,0.137431136212287,0.1101544025425829,0.08706323390569386,0.1101544025425829,0.7272837999999999,0.40717351695284687
2,6,0,2,control,0.3112533641848135,False,-0.004591243286175,0.1374159753322601,0.645538330078125,0.9179928302764891,0.8537672,False,0.1443649783943176,0.0,0.0,0.0,0.14623280000000005,0.07311640000000003
3,6,0,2,control,0.3100266853167753,True,-0.0058179221542132,0.0747182518243789,0.2853578329086303,-0.1015287339687347,0.7200634,False,0.0816984032164377,0.0,0.33076818994417534,0.0,0.2799366,0.30535239497208766
4,6,0,2,control,0.2802569900041965,False,-0.035587617466792,0.128719076514244,0.6404983401298523,0.7952183485031128,0.9498024,False,0.1436779199356756,0.0,0.008635582251633167,0.0,0.05019759999999995,0.02941659112581656
1,7,0,2,control,0.2871550094164732,False,-0.0286895980545153,0.2640293836593628,1.464656114578247,0.4175948798656463,0.75289863,False,0.2186891091932424,0.0,0.3985347218810838,0.0,0.24710137,0.32281804594054186
2,7,0,2,control,0.3235491353912001,False,0.0077045279202115,0.0877067446708679,0.3762056231498718,0.8753834962844849,0.8417406,False,0.1005980988526131,0.0,0.25328757562643345,0.0,0.15825940000000005,0.20577348781321675
3,7,0,2,control,0.5363907498013962,True,0.2205461423304076,0.0828654393553733,1.1504042148590088,-0.1114512681961059,0.7067602,True,0.1152492377174455,0.0816201453235805,0.28216754764302265,0.0816201453235805,0.29323980000000005,0.28770367382151135
4,7,0,2,control,0.3099359673837165,False,-0.005908640087272,0.1387872248888015,0.9904580116271972,0.401795744895935,0.88745046,True,0.1088107749138599,0.0743071537988586,0.0,0.0743071537988586,0.11254953999999995,0.056274769999999974
1,8,0,2,control,0.2750797285219001,False,-0.0407648789490884,0.2872968316078186,1.4075870513916016,0.4755978584289551,0.84102273,False,0.2151498674212865,0.0,0.5373326703389574,0.0,0.15897726999999995,0.34815497016947866
2,8,0,2,control,0.2147023739741118,False,-0.1011422334968767,0.1203009188175201,0.7733300924301147,0.3389189839363098,0.56584597,True,0.0977796478422205,0.062701175908024,0.058852650349885,0.062701175908024,0.43415402999999997,0.2465033401749425
3,8,0,2,control,0.2952975314320076,False,-0.0205470760389809,0.1290757358074188,1.035752534866333,0.6011256575584412,0.8477772,True,0.1107569473784597,0.0764745192672822,0.00650799274113929,0.0764745192672822,0.1522228,0.07936539637056964
4,8,0,2,control,0.3332917169305592,True,0.0174471094595706,0.2026468962430954,2.002288341522217,0.3222491443157196,0.6621005,False,0.2454268297583245,0.0,0.03236807810077247,0.0,0.3378995,0.18513378905038624
1,9,0,2,control,0.1857701335675101,False,-0.1300744739034784,0.2228979915380478,1.2088688611984253,0.9563212394714355,0.8491194,False,0.2013988918652504,0.0,0.15317249494919755,0.0,0.15088060000000003,0.1520265474745988
2,9,0,2,control,0.302651811416346,False,-0.0131927960546425,0.1898846626281738,1.4309457540512085,0.7967588901519775,0.9713078,False,0.2166185883059207,0.0,0.0,0.0,0.028692199999999946,0.014346099999999973
