ObjectNumber,Metadata_cell,Metadata_concentration,Metadata_dish,Metadata_hour,Metadata_site,Metadata_treatment,Predicted_Probability,S,Ed_region_mean,Rc_region_mean,Fp_region_PCC,Fp_cell_PCC,FRET_Judge,Near_Ed,Ed_diff,E_Ed_diff,E_Ed_std,E_Ed_predict_std,E_Fp,E
1,A549,81,3,4,0,GEF,0.3988933446202191,-0.0028123994784844,,0.066374272108078,0.1777050793170929,0.7485069,,,,,,,0.8222949206829071,
1,A549,81,3,4,1,GEF,0.6919128014372669,0.2902070573385633,0.190920278429985,1.3684769868850708,0.3645921349525451,0.60064363,GEF,0.1274109658249589,0.1296742983863705,0.1296742983863705,0.0,0.6321107891144795,0.6354078650474548,0.6337593270809672
2,A549,81,3,4,1,GEF,0.6086708755940353,0.2069651314953317,0.1772039979696273,1.299399733543396,-0.281441212,0.67477024,GEF,0.120979582872125,0.1304620287748643,0.1304620287748643,0.0,0.676204814810635,0.718558788,0.6973818014053175
3,A549,81,3,4,1,GEF,0.5585098820415926,0.156804137942889,,5.404095649719238,0.397360235452652,0.79963005,,,,,,,0.602639764547348,
4,A549,81,3,4,1,GEF,0.5765550878011196,0.174849343702416,0.218798279762268,2.8060593605041504,-0.098999366,0.7360487,GEF,0.2612559339399591,0.066786595263322,0.066786595263322,0.0,0.0,0.901000634,0.450500317
5,A549,81,3,4,1,GEF,0.5232173447141796,0.121511600615476,0.290408045053482,2.6500818729400635,0.1656703203916549,0.58679444,control,0.3230468722033897,0.0,0.0,0.24589269291618415,0.309183104625763,0.834329679608345,0.571756392117054
6,A549,81,3,4,1,GEF,0.4915537563016231,0.0898480122029195,0.169346198439598,2.6428656578063965,0.0455638766288757,0.7580673,GEF,0.246061913524168,0.0767434834618853,0.0767434834618853,0.0,0.0,0.9544361233711243,0.47721806168556213
7,A549,81,3,4,1,GEF,0.4530077523094021,0.0513020082106985,0.075694166123867,1.025623083114624,0.1389700174331665,0.47321233,GEF,0.0954898247061139,0.1297981466283747,0.1297981466283747,0.3380311235160094,0.8509644364664455,0.8610299825668335,0.8559972095166395
8,A549,81,3,4,1,GEF,0.3831300797940511,-0.0185756643046524,,5.979663372039795,-0.130315363,0.8215699,,,,,,,0.869684637,
9,A549,81,3,4,1,GEF,0.3876281785396845,-0.014077565559019,0.0955940037965774,0.921555757522583,-0.131740898,0.23193517,GEF,0.0858007187937936,0.1275909604034361,0.1275909604034361,0.24684035221178072,0.9173936458921368,0.868259102,0.8928263739460685
1,A549,81,3,4,10,GEF,0.2022365415484175,-0.199469202550286,0.1253140121698379,0.5739632248878479,0.3891513347625732,0.56836814,control,0.162255094266162,0.0,0.0,0.11064876455665265,0.39321692971996913,0.6108486652374268,0.502032797478698
2,A549,81,3,4,10,GEF,0.2176204190298838,-0.1840853250688197,0.0940536558628082,0.6063179969787598,0.2472976148128509,0.53896004,GEF,0.0564507568139369,0.1114983850582351,0.1114983850582351,0.2538989784411753,1.0,0.752702385187149,0.8763511925935745
3,A549,81,3,4,10,GEF,0.2712993255455391,-0.1304064185531644,0.1485050022602081,1.5062578916549685,0.3248051702976227,0.58187693,GEF,0.1402389478204235,0.1271740008516995,0.1271740008516995,0.004376326136227027,0.544161218720977,0.6751948297023773,0.6096780242116772
1,A549,81,3,4,11,GEF,0.5801230489280927,0.1784173048293891,0.1671345233917236,0.5536969900131226,-0.71277523,0.1635977,control,0.1585676877295534,0.0,0.0,0.0,0.4184980550657623,0.28722477,0.35286141253288117
2,A549,81,3,4,11,GEF,0.5785854935041062,0.1768797494054025,0.2335098683834076,0.9478002786636353,0.5590195655822754,0.63096094,control,0.2165116468657266,0.0,0.0,0.0,0.021230089244882677,0.4409804344177246,0.23110526183130364
3,A549,81,3,4,11,GEF,0.4771292229969249,0.0754234788982213,0.1329770982265472,0.4075298011302948,0.010602593421936,0.389351,control,0.1288281080317318,0.0,0.0,0.07553276313115842,0.6223947598655888,0.989397406578064,0.8058960832218264
4,A549,81,3,4,11,GEF,0.3853362590749468,-0.0163694850237567,0.1683185845613479,1.1735783815383911,0.5704778432846069,0.6084008,GEF,0.1092650855630766,0.1309750973551962,0.1309750973551962,0.0,0.7565202538306546,0.42952215671539307,0.5930212052730238
1,A549,81,3,4,12,GEF,0.3716811825371366,-0.0300245615615669,0.1558819711208343,2.6943254470825195,0.2274389266967773,0.59961694,GEF,0.250853036440852,0.0736537296865252,0.0736537296865252,0.0,0.0,0.7725610733032227,0.38628053665161133
2,A549,81,3,4,12,GEF,0.4089226795765993,0.0072169354778957,0.1036586314439773,0.361353725194931,0.3003296554088592,0.45423478,control,0.118105577396302,0.0,0.0,0.2098842911853976,0.695909203778173,0.6996703445911407,0.6977897741846568
1,A549,81,3,4,13,GEF,0.4927217970428764,0.0910160529441728,0.2091909348964691,1.5482593774795532,0.4400678277015686,0.7324793,control,0.2703391494440376,0.0,0.0,0.0,0.0,0.5599321722984314,0.2799660861492157
2,A549,81,3,4,13,GEF,0.5370124528598252,0.1353067087611216,0.1283904463052749,0.394194483757019,0.3727580308914184,0.57694125,control,0.1258044598843136,0.0,0.0,0.09655104143492688,0.6431251097897281,0.6272419691085815,0.6351835394491548
3,A549,81,3,4,13,GEF,0.5554290561353656,0.153723312036662,0.1856669336557388,1.67043137550354,-0.358283758,0.37970436,GEF,0.1555241899841279,0.1228032799141016,0.1228032799141016,0.0,0.43936449526644267,0.641716242,0.5405403686332213
4,A549,81,3,4,13,GEF,0.5025010581073915,0.1007953140086879,,0.2430561780929565,-0.321147382,0.1923929,,,,,,,0.6788526180000001,
5,A549,81,3,4,13,GEF,0.4535963285756663,0.0518905844769627,0.1450526863336563,0.5769863724708557,0.5110872387886047,0.7165146,control,0.162797027372465,0.0,0.0,0.020196523130087796,0.3895013972302747,0.48891276121139526,0.439207079220835
1,A549,81,3,4,14,GEF,0.4770288906092538,0.0753231465105502,0.1700390428304672,1.2926886081695557,0.3760283589363098,0.39370924,GEF,0.1203547488604112,0.130520434859762,0.130520434859762,0.0,0.6804887218910244,0.6239716410636902,0.6522301814773572
2,A549,81,3,4,14,GEF,0.4087763744781986,0.007070630379495,0.1750003695487976,1.0917446613311768,0.0012241601943969,0.692667,control,0.232231572371185,0.0,0.0,0.0,0.0,0.9987758398056031,0.49938791990280157
3,A549,81,3,4,14,GEF,0.5270991545122226,0.1253934104135189,0.1731992810964584,1.645916223526001,0.5473383069038391,0.71294093,GEF,0.1532417261789355,0.1235419618584201,0.1235419618584201,0.0,0.45501323184686215,0.4526616930961609,0.4538374624715115
4,A549,81,3,4,14,GEF,0.588614227727233,0.1869084836285294,0.2756454050540924,1.7834287881851196,-0.082992911,0.5380738,control,0.2850916602061488,0.0,0.0,0.17824306932769002,0.048959431835150856,0.9170070889999999,0.4829832604175754
1,A549,81,3,4,15,GEF,0.3252808197593343,-0.0764249243393692,0.1393610686063766,0.735518217086792,0.3479927182197571,0.5483114,control,0.188570221853838,0.0,0.0,0.04627829420057346,0.2127985157399232,0.6520072817802429,0.4324028987600831
2,A549,81,3,4,15,GEF,0.4295931563298844,0.0278874122311807,0.0865207910537719,0.4823967218399048,0.5577393770217896,0.54794645,GEF,0.0449131646563656,0.0998802322557533,0.0998802322557533,0.288418242535903,1.0,0.44226062297821045,0.7211303114891052
3,A549,81,3,4,15,GEF,0.3642335405384576,-0.0374722035602459,0.1136757731437683,0.6943513751029968,0.0417594164609909,0.57618797,GEF,0.064647034748558,0.1176941093606362,0.1176941093606362,0.16398085755486203,1.0,0.9582405835390091,0.9791202917695045
1,A549,81,3,4,16,GEF,0.5714536128097126,0.169747868711009,,0.3061196208000183,0.4667612910270691,0.5520882,,,,,,,0.5332387089729309,
2,A549,81,3,4,16,GEF,0.542226986937594,0.1405212428388904,0.1062301099300384,0.5707516074180603,0.5214715600013733,0.51091456,GEF,0.0531393762878017,0.1085377143391644,0.1085377143391644,0.19810052136813341,1.0,0.4785284399986267,0.7392642199993134
3,A549,81,3,4,16,GEF,0.5835956021271149,0.1818898580284113,0.093369223177433,0.5871931314468384,0.6412477493286133,0.8503949,GEF,0.0546701513583486,0.1099413009198457,0.1099413009198457,0.2570353831451584,1.0,0.3587522506713867,0.6793761253356934
4,A549,81,3,4,16,GEF,0.46142546041943,0.0597197163207264,0.1283105313777923,1.8302417993545528,0.6301634907722473,0.57689595,GEF,0.1704032129029573,0.1173325101695545,0.1173325101695545,0.09691725064706805,0.3373528402727901,0.3698365092277527,0.3535946747502714
1,A549,81,3,4,2,GEF,0.3091961745898611,-0.0925095695088424,0.2065051794052124,1.7947068214416504,0.3084516227245331,0.57161295,GEF,0.1670947569334074,0.1186420015115563,0.1186420015115563,0.0,0.3600358531808694,0.6915483772754669,0.5257921152281682
1,A549,81,3,4,3,GEF,0.3354338261172827,-0.0662719179814208,0.1447681784629821,1.2724884748458862,0.5350321531295776,0.6609163,GEF,0.1184740314488455,0.1306760441152388,0.1306760441152388,0.02150027709007536,0.693383056201539,0.46496784687042236,0.5791754515359806
2,A549,81,3,4,3,GEF,0.603076586491348,0.2013708423926444,0.0931712314486503,0.4009486734867096,0.248291864991188,0.61445487,control,0.1273430981415181,0.0,0.0,0.25794267790587455,0.6325760948503568,0.751708135008812,0.6921421149295843
3,A549,81,3,4,3,GEF,0.5386549700353542,0.1369492259366506,0.1067978963255882,0.4209075272083282,0.2043306231498718,0.6338122,control,0.1318043466008067,0.0,0.0,0.19549864691077348,0.6019894534322576,0.7956693768501282,0.6988294151411929
1,A549,81,3,4,4,GEF,0.5130230864167563,0.1113173423180527,0.1766886115074157,1.611585021018982,0.3898434638977051,0.23774894,GEF,0.1500453467649798,0.1245277033676587,0.1245277033676587,0.0,0.4769278398008982,0.6101565361022949,0.5435421879515966
2,A549,81,3,4,4,GEF,0.4424198368388173,0.0407140927401137,0.1160207912325859,0.9314402341842652,0.4399074912071228,0.7715929,GEF,0.0867210051633918,0.1278557011018122,0.1278557011018122,0.1532348398355869,0.9110840961224402,0.5600925087928772,0.7355883024576587
3,A549,81,3,4,4,GEF,0.5051176321110454,0.1034118880123418,0.095465287566185,1.1988441944122314,0.1951494961977005,0.54754525,GEF,0.1116174390563831,0.1309749336877512,0.1309749336877512,0.24743019281861905,0.7403923485043835,0.8048505038022995,0.7726214261533415
1,A549,81,3,4,6,GEF,0.6970265350429905,0.2953207909442869,,0.2673223614692688,0.7030969858169556,0.74943304,,,,,,,0.29690301418304443,
2,A549,81,3,4,6,GEF,0.5980180806419066,0.196312336543203,0.0751783549785614,0.7173415422439575,0.6960095167160034,0.51283693,GEF,0.0667875160485574,0.1190691582246822,0.1190691582246822,0.34039482200246685,1.0,0.3039904832839966,0.6519952416419983
1,A549,81,3,4,7,GEF,0.4992850185432857,0.0975792744445821,,0.2562314569950104,-0.046590336,0.50256884,,,,,,,0.953409664,
2,A549,81,3,4,7,GEF,0.4224768633054107,0.0207711192067071,0.1139766052365303,0.58034348487854,-0.324179232,0.51472753,control,0.163396397794536,0.0,0.0,0.1626022980397936,0.3853920703582574,0.675820768,0.5306064191791287
3,A549,81,3,4,7,GEF,0.4040033498640566,0.002297605765353,0.1185083165764808,0.6209384799003601,-0.004133731,0.36330682,control,0.1704476025314769,0.0,0.0,0.14183578430159788,0.3370485017759317,0.995866269,0.6664573853879658
4,A549,81,3,4,7,GEF,0.3292546626348988,-0.0724510814638048,0.1200761348009109,0.4559666514396667,-0.02411101,0.53635997,control,0.1393447169280048,0.0,0.0,0.13465127578941694,0.550292130258632,0.97588899,0.763090560129316
5,A549,81,3,4,7,GEF,0.4434753184500092,0.0417695743513056,,0.1092131957411766,0.7346451878547668,0.73239523,,,,,,,0.26535481214523315,
6,A549,81,3,4,7,GEF,0.4706713838755739,0.0689656397768703,,0.1358684301376342,0.5923877954483032,0.6202358,,,,,,,0.4076122045516968,
1,A549,81,3,4,8,GEF,0.3212943638985454,-0.0804113802001582,0.1223780736327171,0.8131839036941528,0.6180084943771362,0.5726899,GEF,0.0757108431898561,0.1238410137780023,0.1238410137780023,0.12410266825703338,0.9865705612482645,0.38199150562286377,0.6842810334355641
1,A549,81,3,4,9,GEF,0.3108865770870949,-0.0908191670116086,0.2613832056522369,2.356968879699707,0.2555928230285644,0.5947438,GEF,0.2194437204716629,0.0929594179320852,0.0929594179320852,0.11288670887187272,0.0011275809863429576,0.7444071769714355,0.37276737897888923
2,A549,81,3,4,9,GEF,0.5049926554009976,0.103286911302294,0.2621784508228302,2.088318347930908,-0.042558149,0.73919445,control,0.3008731948079982,0.0,0.0,0.11653091048170876,0.15715877206446938,0.957441851,0.5573003115322347
1,A549,0,1,2,0,control,0.3725658733447661,-0.0291398707539374,0.0719919204711914,0.5512294769287109,-0.106580667,0.16744292,control,0.1581121483288017,0.0,0.0,0.3549966205304999,0.4216212660749134,0.893419333,0.6575202995374567
2,A549,0,1,2,0,control,0.3875862163838003,-0.0141195277149032,0.0871041193604469,0.2996302545070648,0.0214366763830184,0.3641222,control,0.1025828369291581,0.0,0.0,0.2857451474542164,0.8023342327420286,0.9785633236169816,0.8904487781795052
1,A549,0,1,2,1,control,0.7904327406940821,0.3887269965953785,0.1803322732448578,0.900122880935669,0.8659645915031433,0.8409896,control,0.2107797906580868,0.0,0.0,0.0,0.06052810908911712,0.1340354084968567,0.09728175879298691
2,A549,0,1,2,1,control,0.6068928751326799,0.2051871310339763,0.1606992334127426,0.5886202454566956,0.6700303554534912,0.7753854,control,0.1648632881874965,0.0,0.0,0.0,0.375334963954394,0.3299696445465088,0.35265230425045135
1,A549,0,1,2,10,control,0.3288011757945513,-0.0729045683041522,0.2842575013637543,3.436669111251831,0.5334648489952087,0.4608319,control,0.3446589292421325,0.0,0.0,0.21770789903840396,0.4573569274881061,0.46653515100479126,0.46194603924644867
2,A549,0,1,2,10,control,0.5552076595970378,0.1535019154983342,0.3538559079170227,2.469810485839844,0.5460246205329895,0.6344923,control,0.3167136125418488,0.0,0.0,0.5366417757625045,0.2657618192965546,0.4539753794670105,0.35986859938178256
3,A549,0,1,2,10,control,0.3769882171178937,-0.0247175269808098,0.2587241530418396,1.8389252424240112,0.2702276706695556,0.17307627,control,0.2882165882400996,0.0,0.0,0.10070163166326931,0.07038416397102036,0.7297723293304443,0.4000782466507323
4,A549,0,1,2,10,control,0.3207270451376968,-0.0809786989610067,0.1740394681692123,0.6295086741447449,0.7563236355781555,0.50167346,control,0.1718913003875326,0.0,0.0,0.0,0.3271504050789602,0.24367636442184448,0.28541338475040234
5,A549,0,1,2,10,control,0.584507333493895,0.1828015893951914,0.2102793902158737,1.3468512296676636,0.7691181898117065,0.7419396,control,0.2553541510874271,0.0,0.0,0.0,0.0,0.23088181018829346,0.11544090509414673
6,A549,0,1,2,10,control,0.4780074277742885,0.0763016836755849,0.218018501996994,2.005140781402588,0.9049978256225586,0.7449694,control,0.2968854424400838,0.0,0.0,0.0,0.12981845402241565,0.0950021743774414,0.11241031419992853
1,A549,0,1,2,11,control,0.4804970524482341,0.0787913083495305,0.142116516828537,0.7876526117324829,0.1255473047494888,0.7730518,control,0.1960471100357236,0.0,0.0,0.0336514852385962,0.16153643073625035,0.8744526952505112,0.5179945629933808
1,A549,0,1,2,12,control,0.3880882136258347,-0.0136175304728688,0.1631021797657013,0.6886587738990784,0.4021762907505035,0.65504044,control,0.1814558771914746,0.0,0.0,0.0,0.2615749762079368,0.5978237092494965,0.4296993427287166
2,A549,0,1,2,12,control,0.442938868260236,0.0412331241615324,0.163287803530693,1.4752013683319092,-0.096314803,0.26632324,control,0.2651854092571244,0.0,0.0,0.0,0.0,0.9036851969999999,0.45184259849999997
3,A549,0,1,2,12,control,0.307867481455767,-0.0938382626429366,0.1372209787368774,0.7480493187904358,0.6565118432044983,0.85058326,control,0.1904080938128165,0.0,0.0,0.056085230773107585,0.2001979329446268,0.3434881567955017,0.2718430448700643
1,A549,0,1,2,13,control,0.4535687209633514,0.0518629768646478,0.1603882312774658,0.5880008339881897,0.7688176035881042,0.8616213,control,0.1647540392358814,0.0,0.0,0.0,0.37608398265148024,0.23118239641189575,0.303633189531688
2,A549,0,1,2,13,control,0.3851455056223974,-0.0165602384763061,,0.3451697826385498,0.1634506285190582,0.74576277,,,,,,,0.8365493714809418,
3,A549,0,1,2,13,control,0.3415107722270287,-0.0601949718716748,0.1781845092773437,1.4353246688842771,0.5450327396392822,0.7296368,control,0.2622419321964609,0.0,0.0,0.0,0.0,0.4549672603607178,0.2274836301803589
4,A549,0,1,2,13,control,0.3348743611285519,-0.0668313829701516,0.1316368728876114,1.1822673082351685,0.6382052898406982,0.7237114,control,0.241055246963748,0.0,0.0,0.08167432993130523,0.0,0.36179471015930176,0.18089735507965088
5,A549,0,1,2,13,control,0.4851982227581893,0.0834924786594857,0.2028522938489914,1.5291783809661863,0.459477961063385,0.5091124,control,0.2690218430032722,0.0,0.0,0.0,0.0,0.540522038936615,0.2702610194683075
6,A549,0,1,2,13,control,0.3773904695339476,-0.0243152745647559,0.2448629587888717,2.320550441741944,0.0421470254659652,0.47013453,control,0.3109494451592501,0.0,0.0,0.037182872570109236,0.2262422717048107,0.9578529745340348,0.5920476231194227
1,A549,0,1,2,14,control,0.5101468981697173,0.1084411540710136,0.3284285068511963,2.754689931869507,0.2184679508209228,0.73696434,control,0.3264431039281185,0.0,0.0,0.420121010438148,0.3324679144463792,0.7815320491790771,0.5569999818127281
2,A549,0,1,2,14,control,0.3436255348502507,-0.0580802092484528,0.3252736330032348,3.253026962280273,0.4449471831321716,0.5130519,control,0.3403285488738177,0.0,0.0,0.40566383825941826,0.4276675271468525,0.5550528168678284,0.49136017200734045
3,A549,0,1,2,14,control,0.4040582060936247,0.0023524619949211,0.2506981492042541,0.9849625825881958,0.6717547178268433,0.7981371,control,0.2207884054684772,0.0,0.0,0.06392256378957466,0.0,0.32824528217315674,0.16412264108657837
4,A549,0,1,2,14,control,0.559387564195481,0.1576818200967774,0.2353306710720062,0.996665358543396,-0.030267656,0.73611635,control,0.2221022383839633,0.0,0.0,0.0,0.0,0.969732344,0.484866172
5,A549,0,1,2,14,control,0.4468776360423295,0.0451718919436259,0.2635229825973511,1.440794825553894,0.9699311256408693,0.92767406,control,0.262651400678133,0.0,0.0,0.12269221147210532,0.0,0.03006887435913075,0.015034437179565374
1,A549,0,1,2,15,control,0.4826685516286979,0.0809628075299943,0.3055786490440368,2.964068651199341,0.4591685533523559,0.45583013,control,0.3327024094285623,0.0,0.0,0.3154118066799538,0.37538216470962016,0.540831446647644,0.4581068056786321
2,A549,0,1,2,15,control,0.4139018868939206,0.012196142795217,0.2701181173324585,2.055928945541382,0.88135826587677,0.65240604,control,0.299346168651031,0.0,0.0,0.15291433856887582,0.1466893705224038,0.11864173412322998,0.1326655523228169
3,A549,0,1,2,15,control,0.4012028077533839,-0.0005029363453196,0.3301670253276825,2.29754900932312,0.8324795365333557,0.56464106,control,0.3100147663494893,0.0,0.0,0.42808775084100253,0.21983404632661524,0.1675204634666443,0.19367725489662976
4,A549,0,1,2,15,control,0.3226941157095159,-0.0790116283891876,0.2905561327934265,2.08704686164856,0.7857971787452698,0.72893935,control,0.300813853754759,0.0,0.0,0.24657130323694876,0.15675192552064593,0.21420282125473022,0.18547737338768808
5,A549,0,1,2,15,control,0.4718133092721912,0.0701075651734876,0.2675698101520538,2.3013269901275635,0.2023339867591858,0.34296596,control,0.3101691811058711,0.0,0.0,0.1412367509863456,0.22089272504092872,0.7976660132408142,0.5092793691408715
1,A549,0,1,2,16,control,0.5636622149080314,0.1619564708093278,0.3598921597003937,2.2627604007720947,0.947924554347992,0.8042549,control,0.3085760689060685,0.0,0.0,0.5643028283281233,0.2099702328195625,0.052075445652007946,0.13102283923578523
2,A549,0,1,2,16,control,0.4693486339494823,0.0676428898507787,0.2541221976280212,3.075278282165528,0.7364223599433899,0.58940357,control,0.3357654504803375,0.0,0.0,0.07961322528549938,0.39638259522913133,0.2635776400566101,0.3299801176428707
1,A549,0,1,2,17,control,0.3903836366935135,-0.01132210740519,0.3006766140460968,2.524610757827759,0.735215961933136,0.612996,control,0.318707380680253,0.0,0.0,0.29294828914907994,0.279431237549472,0.264784038066864,0.27210763780816805
2,A549,0,1,2,17,control,0.3587335710608998,-0.0429721730378037,0.3362337350845337,2.13867712020874,0.9290164709091188,0.8806063,control,0.3031848086454233,0.0,0.0,0.4558883767106708,0.17300736336971867,0.07098352909088124,0.12199544623029995
3,A549,0,1,2,17,control,0.4527654857192816,0.051059741620578,0.1640603989362716,0.9402614831924438,0.6623256206512451,0.7615596,control,0.2156240696813645,0.0,0.0,0.0,0.027315382479884187,0.3376743793487549,0.18249488091431953
4,A549,0,1,2,17,control,0.4029764457819988,0.0012707016832952,0.2312863320112228,1.280041217803955,0.5967694520950317,0.80884504,control,0.2497986639568649,0.0,0.0,0.0,0.0,0.40323054790496826,0.20161527395248413
1,A549,0,1,2,18,control,0.4388878543586111,0.0371821102599075,0.2450654953718185,2.5964837074279785,0.3139947652816772,0.72986954,control,0.3212301936998475,0.0,0.0,0.03811099407140004,0.2967278256905311,0.6860052347183228,0.4913665302044269
1,A549,0,1,2,19,control,0.2710390233673221,-0.1306667207313814,0.3006041646003723,1.9778889417648315,0.2329034358263015,0.80509484,control,0.295530467196068,0.0,0.0,0.29261629041899784,0.12052864595695745,0.7670965641736985,0.443812605065328
2,A549,0,1,2,19,control,0.3986271764703816,-0.0030785676283219,0.3293282091617584,1.81380307674408,0.410199910402298,0.8532136,control,0.2868172642689122,0.0,0.0,0.4242438856592293,0.06079029783129748,0.589800089597702,0.3252951937144998
3,A549,0,1,2,19,control,0.4735528814820984,0.0718471373833948,0.3497189283370971,1.801854968070984,0.8779079914093018,0.8671313,control,0.2861429401902879,0.0,0.0,0.5176841156565326,0.05616708328032853,0.12209200859069824,0.0891295459355134
4,A549,0,1,2,19,control,0.4259161708833059,0.0242104267846023,0.3304106593132019,3.119363307952881,0.6963484287261963,0.8130206,control,0.3369339070850617,0.0,0.0,0.4292042007046065,0.4043936180420162,0.3036515712738037,0.35402259465791
1,A549,0,1,2,2,control,0.3536939398353086,-0.0480118042633949,0.1632517874240875,1.0844776630401611,0.4548462033271789,0.7568145,control,0.2314899923889822,0.0,0.0,0.0,0.0,0.545153796672821,0.2725768983364105
2,A549,0,1,2,2,control,0.3743510596949833,-0.0273546844037202,0.1936690211296081,1.1406952142715454,0.7858613729476929,0.55745876,control,0.2370956774628475,0.0,0.0,0.0,0.0,0.21413862705230713,0.10706931352615356
3,A549,0,1,2,2,control,0.4118797582194519,0.0101740141207483,0.2943783402442932,3.284730911254883,0.0416937433183193,0.41745046,control,0.3411026550398244,0.0,0.0,0.2640865237760231,0.43297485489047743,0.9583062566816807,0.6956405557860791
4,A549,0,1,2,2,control,0.4988953694526722,0.0971896253539686,0.1483209580183029,0.9991421103477478,0.3896700143814087,0.5019791,control,0.2223783231176085,0.0,0.0,0.005219706702916493,0.0,0.6103299856185913,0.30516499280929565
5,A549,0,1,2,2,control,0.4150159771968479,0.0133102330981443,0.1422362476587295,0.7417013049125671,0.5673152208328247,0.7458737,control,0.1894803685909514,0.0,0.0,0.033102820122140345,0.20655848402234894,0.4326847791671753,0.3196216315947621
1,A549,0,1,2,3,control,0.4527269438441785,0.0510211997454749,0.2351685464382171,1.6134073734283447,0.225092351436615,0.64945716,control,0.2746918538251958,0.0,0.0,0.0,0.0,0.774907648563385,0.3874538242816925
2,A549,0,1,2,3,control,0.5363495948866095,0.1346438507879059,0.1592168807983398,1.0393190383911133,-0.523311853,0.5248821,control,0.2267631933097081,0.0,0.0,0.0,0.0,0.47668814699999995,0.23834407349999998
3,A549,0,1,2,3,control,0.4344904406727151,0.0327846965740115,0.2102200835943222,1.189306139945984,0.7925634384155273,0.54604167,control,0.2417107806217133,0.0,0.0,0.0,0.0,0.20743656158447266,0.10371828079223633
4,A549,0,1,2,3,control,0.3813549970082678,-0.0203507470904357,0.1106708124279975,1.019802451133728,-0.096504778,0.4321016,control,0.2246549600328564,0.0,0.0,0.17775105457439996,0.0,0.903495222,0.451747611
1,A549,0,1,2,4,control,0.2933771294092122,-0.1083286146894913,,,,0.7204737,,,,,,,,
2,A549,0,1,2,4,control,0.4071411464996398,0.0054354024009362,0.157197818160057,1.1353222131729126,0.5533286333084106,0.78216845,control,0.23657267043066,0.0,0.0,0.0,0.0,0.44667136669158936,0.22333568334579468
3,A549,0,1,2,4,control,0.4891286002439935,0.0874228561452899,0.1160530820488929,1.568577527999878,0.7895864248275757,0.6724275,control,0.2717203499176377,0.0,0.0,0.15308686755091255,0.0,0.21041357517242432,0.10520678758621216
1,A549,0,1,2,5,control,0.3411580509702864,-0.0605476931284171,0.2659153044223785,2.1307132244110107,0.762787938117981,0.7104648,control,0.3028241930582579,0.0,0.0,0.13365499800434724,0.1705349568774419,0.23721206188201904,0.20387350937973048
2,A549,0,1,2,5,control,0.2277906135700838,-0.1739151305286197,0.120160199701786,0.633544385433197,0.7894018292427063,0.78082925,control,0.172565892608271,0.0,0.0,0.13426604937317702,0.3225253521263042,0.2105981707572937,0.26656176144179894
1,A549,0,1,2,6,control,0.3667902373412195,-0.034915506757484,0.2420419454574585,1.3122265338897705,0.860188364982605,0.8516705,control,0.2525150629130296,0.0,0.0,0.024255612268691662,0.0,0.13981163501739502,0.06990581750869751
1,A549,0,1,2,7,control,0.4265613075481436,0.02485556344944,0.2241729944944381,1.2894943952560425,0.5140171051025391,0.4949449,control,0.2506044215051044,0.0,0.0,0.0,0.0,0.48598289489746094,0.24299144744873047
2,A549,0,1,2,7,control,0.526202552962461,0.1244968088637574,0.3298838436603546,5.5876784324646,0.7702749967575073,0.52810115,control,0.3774051899970896,0.0,0.0,0.4267900741921996,0.68186765461653,0.22972500324249268,0.45579632892951133
1,A549,0,1,2,8,control,0.498972365974318,0.0972666218756144,0.2936812043190002,2.3283793926239014,0.484454870223999,0.5019916,control,0.3112646330449958,0.0,0.0,0.26089190662502304,0.22840322259750537,0.515545129776001,0.37197417618675316
2,A549,0,1,2,8,control,0.4631302631758961,0.0614245190771925,0.164281740784645,2.81653094291687,0.6523063778877258,0.57499206,control,0.328363286706914,0.0,0.0,0.0,0.34563282616295127,0.34769362211227417,0.34666322413761275
1,A549,0,1,2,9,control,0.4588874323781551,0.0571816882794515,0.2163603752851486,0.8134499788284302,0.328104019165039,0.68843365,control,0.1995878622077839,0.0,0.0,0.0,0.13726077829827021,0.6718959808349609,0.4045783795666156
2,A549,0,1,2,9,control,0.332709198256688,-0.0689965458420155,0.1042780354619026,0.5290819406509399,0.6579405665397644,0.6202967,control,0.1539575650491466,0.0,0.0,0.20704587958262327,0.45010538888853135,0.3420594334602356,0.3960824111743835
3,A549,0,1,2,9,control,0.3087230985923006,-0.0929826455064029,0.1988701522350311,0.8908133506774902,0.7452765107154846,0.8646194,control,0.2096268518043376,0.0,0.0,0.0,0.06843274108135647,0.2547234892845154,0.1615781151829359
1,A549,0,3,2,0,control,0.4327087837530234,0.0310030396543198,0.1054564639925956,0.9127300977706908,0.815163254737854,0.6386143,control,0.2123232411304728,0.0,0.0,0.20164574474694213,0.049946101255149956,0.184836745262146,0.11739142325864797
1,A549,0,3,2,1,control,0.2553130281406933,-0.1463927159580103,0.1384234875440597,0.7719698548316956,0.923040509223938,0.6676809,control,0.1938442251232026,0.0,0.0,0.050574748354577134,0.17663956868507563,0.07695949077606201,0.12679952973056882
2,A549,0,3,2,1,control,0.332715426707601,-0.0689903173911025,0.129385307431221,0.8982769250869751,0.3439953923225403,0.5285855,control,0.2105520770901325,0.0,0.0,0.09199210206528421,0.062089329745759335,0.6560046076774597,0.3590469687116095
3,A549,0,3,2,1,control,0.4303176571177602,0.0286119130190566,0.0782879963517189,0.6061097979545593,0.4737473726272583,0.34006023,control,0.167913234734399,0.0,0.0,0.3261449271057538,0.3544243103053585,0.5262526273727417,0.4403384688390501
4,A549,0,3,2,1,control,0.3731271870482511,-0.0285785570504524,0.0481208562850952,0.8469852209091187,-0.009928292,0.22683406,control,0.2040427964674211,0.0,0.0,0.46438549046927535,0.10671742748869524,0.990071708,0.5483945677443476
5,A549,0,3,2,1,control,0.339066063697747,-0.0626396804009565,0.0703849494457244,1.5404998064041138,0.3288824558258056,0.24271902,control,0.2698058344753806,0.0,0.0,0.3623605462914041,0.0,0.6711175441741943,0.33555877208709717
6,A549,0,3,2,1,control,0.3187544926427068,-0.0829512514559967,0.107663407921791,2.009207248687744,0.0914435982704162,0.13408127,control,0.2970855249912731,0.0,0.0,0.19153245023477128,0.13119023443390648,0.9085564017295837,0.5198733180817451
1,A549,0,3,2,10,control,0.3958233718891761,-0.0058823722095274,0.0989551171660423,0.6721246838569641,0.3453595340251922,0.8482975,control,0.1788504520802072,0.0,0.0,0.2314380898595214,0.27943795881185896,0.6546404659748077,0.46703921239333335
2,A549,0,3,2,10,control,0.2690179016449556,-0.1326878424537479,0.0546498708426952,0.3119372725486755,0.8834296464920044,0.7244286,control,0.1057944913527774,0.0,0.0,0.43446635830567165,0.7803148982192974,0.1165703535079956,0.4484426258636465
3,A549,0,3,2,10,control,0.3661261126570897,-0.0355796314416138,0.0859991088509559,0.6185938715934753,0.5966227650642395,0.39274496,control,0.1700499765716754,0.0,0.0,0.29080884507411964,0.3397746540541474,0.4033772349357605,0.37157594449495396
4,A549,0,3,2,10,control,0.2461944300157204,-0.1555113140829832,0.1651981770992279,1.1770086288452148,0.8406888246536255,0.64941597,control,0.2405627342435899,0.0,0.0,0.0,0.0,0.1593111753463745,0.07965558767318726
1,A549,0,3,2,11,control,0.489472348096322,0.0877666039976184,0.1281207799911499,1.2395200729370115,-0.165769368,0.16720635,control,0.2462677030869609,0.0,0.0,0.09778678413716765,0.0,0.834230632,0.417115316
2,A549,0,3,2,11,control,0.4445274653894754,0.0428217212907718,,,,0.6612907,,,,,,,,
1,A549,0,3,2,12,control,0.251041650267574,-0.1506640938311295,0.3913643658161163,2.31992244720459,0.9817607402801514,0.84764755,control,0.3109240981513406,0.0,0.0,0.7085238414610163,0.22606849078921618,0.018239259719848633,0.1221538752545324
2,A549,0,3,2,12,control,0.3960473820385212,-0.0056583620601823,0.3085834681987762,1.062981128692627,0.958055019378662,0.96491367,control,0.2292657362233817,0.0,0.0,0.3291813549977357,0.0,0.041944980621338,0.020972490310669
3,A549,0,3,2,12,control,0.306099305508722,-0.0956064385899815,0.290796160697937,2.137430429458618,0.9409996271133424,0.4184825,control,0.3031284777251555,0.0,0.0,0.24767122827688343,0.17262115451479704,0.059000372886657604,0.11581076370072732
1,A549,0,3,2,13,control,0.3933627283450219,-0.0083430157536816,0.2740219831466675,1.52647864818573,0.936837911605835,0.7039938,control,0.2688338530925271,0.0,0.0,0.1708037575943447,0.0,0.06316208839416504,0.03158104419708252
2,A549,0,3,2,13,control,0.4537994624846446,0.052093718385941,0.2971450984477997,2.336232185363769,0.4150132536888122,0.66524094,control,0.3115792947546401,0.0,0.0,0.27676516059405365,0.23056056598887312,0.5849867463111877,0.4077736561500304
3,A549,0,3,2,13,control,0.2962920969446302,-0.1054136471540733,0.1907171010971069,0.9740558862686156,0.3228437900543213,0.4827412,control,0.2195499217318054,0.0,0.0,0.0,0.00039945748195364673,0.6771562099456787,0.3387778337138162
1,A549,0,3,2,14,control,0.3317166595978377,-0.0699890845008658,0.1961933523416519,0.864166259765625,0.9252594709396362,0.6721257,control,0.2062630890672695,0.0,0.0,0.0,0.09149494117918996,0.07474052906036377,0.08311773511977687
2,A549,0,3,2,14,control,0.3025728703452067,-0.0991328737534968,0.1136919185519218,0.5376118421554565,0.717479944229126,0.6881977,control,0.155571832155015,0.0,0.0,0.16390687141252486,0.43903785710436727,0.282520055770874,0.36077895643762065
1,A549,0,3,2,2,control,0.2939638239414031,-0.1077419201573004,0.0472788251936435,0.544657289981842,0.3106127381324768,0.1135152,control,0.1568917247874347,0.0,0.0,0.46824408800934086,0.4299885779560254,0.6893872618675232,0.5596879199117744
2,A549,0,3,2,2,control,0.2598655176820234,-0.1418402264166802,0.0978112295269966,1.0025064945220947,0.137008398771286,0.36687303,control,0.2227522587368596,0.0,0.0,0.23667994146683374,0.0,0.862991601228714,0.431495800614357
3,A549,0,3,2,2,control,0.3809897785158863,-0.0207159655828172,0.152879312634468,0.9029459357261658,0.712615966796875,0.4798159,control,0.2111271828274067,0.0,0.0,0.0,0.05814636330396139,0.287384033203125,0.1727651982535432
1,A549,0,3,2,4,control,0.3750220903936459,-0.0266836537050576,0.2116835564374923,1.4752967357635498,0.884830117225647,0.7893973,control,0.2651923350761037,0.0,0.0,0.0,0.0,0.11516988277435303,0.057584941387176514
2,A549,0,3,2,4,control,0.4517698859576249,0.0500641418589213,0.0767934843897819,0.5241985321044922,0.4793121516704559,0.17877433,control,0.1530252566091283,0.0,0.0,0.33299351053512155,0.45649736284069586,0.5206878483295441,0.48859260558511997
3,A549,0,3,2,4,control,0.3308571610811352,-0.0708485830175683,0.1112874820828437,2.135160207748413,-0.000520374,0.6005184,control,0.3030257841473392,0.0,0.0,0.1749251731581684,0.17191707993359578,0.999479626,0.5856983529667978
4,A549,0,3,2,4,control,0.5021037269297088,0.1003979828310052,0.111756645143032,2.0852458477020264,0.2836319208145141,0.43244216,control,0.3007297156098788,0.0,0.0,0.17277523897128333,0.15617506832685396,0.7163680791854858,0.4362715737561699
5,A549,0,3,2,4,control,0.3287854119784105,-0.072920332120293,0.1919151395559311,0.9028101563453674,0.6648244261741638,0.8951391,control,0.21111049803651,0.0,0.0,0.0,0.05826075543453881,0.3351755738258362,0.1967181646301875
1,A549,0,3,2,5,control,0.3908479986332674,-0.0108577454654361,0.0666936412453651,0.9438931941986084,0.4737638533115387,0.19639161,control,0.2160525071804235,0.0,0.0,0.37927592255972414,0.024377984064761105,0.5262361466884613,0.2753070653766112
2,A549,0,3,2,5,control,0.3659113090809714,-0.0357944350177321,0.149252712726593,1.47074294090271,0.5333657264709473,0.809448,control,0.2648610304612919,0.0,0.0,0.0009499517474858444,0.0,0.46663427352905273,0.23331713676452637
3,A549,0,3,2,5,control,0.4494056811516139,0.0476999370529103,0.2455565929412841,2.342082262039185,0.8024082183837891,0.8440729,control,0.3118127464381364,0.0,0.0,0.04036144288820696,0.23216112757980767,0.19759178161621094,0.2148764545980093
4,A549,0,3,2,5,control,0.3457416378654512,-0.0559641062332523,0.2060402184724807,2.0440011024475098,0.9868868589401244,0.9154918,control,0.2987756330949781,0.0,0.0,0.0,0.14277773757290269,0.0131131410598756,0.07794543931638914
1,A549,0,3,2,6,control,0.4007418643989205,-0.000963879699783,0.0888812541961669,0.7857710123062134,-0.059751969,0.83220506,control,0.1957848530107531,0.0,0.0,0.2776014480408711,0.1633344838272967,0.940248031,0.5517912574136483
2,A549,0,3,2,6,control,0.3954496562808969,-0.0062560878178066,0.0938593596220016,0.6773364543914795,0.3564406037330627,0.3813018,control,0.1796772612745028,0.0,0.0,0.2547893386718501,0.2737692953025553,0.6435593962669373,0.45866434578474624
3,A549,0,3,2,6,control,0.3983891726671083,-0.0033165714315952,0.1697609722614288,1.2625572681427002,0.9323829412460328,0.66934896,control,0.2482906473513673,0.0,0.0,0.0,0.0,0.06761705875396717,0.03380852937698359
1,A549,0,3,2,7,control,0.4205664967524399,0.0188607526537363,0.197490245103836,1.2340106964111328,0.9871773719787598,0.9596349,control,0.2457777312683791,0.0,0.0,0.0,0.0,0.012822628021240234,0.006411314010620117
2,A549,0,3,2,7,control,0.3044209733828165,-0.097284770715887,0.0944817885756492,0.5911040306091309,0.524980902671814,0.84557253,control,0.1653005124086721,0.0,0.0,0.2519370653368246,0.37233732313827617,0.47501909732818604,0.4236782102332311
3,A549,0,3,2,7,control,0.3309530107030499,-0.0707527333956536,0.1658710688352584,1.7897740602493286,0.756251335144043,0.9473707,control,0.2854552485538015,0.0,0.0,0.0,0.05145221978788146,0.24374866485595703,0.14760044232191924
4,A549,0,3,2,7,control,0.26080204818896,-0.1409036959097435,0.0540647469460964,1.2509307861328125,0.154346689581871,0.5319029,control,0.2472748771754919,0.0,0.0,0.43714768165699497,0.0,0.845653310418129,0.4228266552090645
1,A549,0,3,2,8,control,0.4169902837803921,0.0152845396816885,0.2896656394004822,1.7155711650848389,0.9661428928375244,0.85708606,control,0.28109712553539,0.0,0.0,0.24249062777217975,0.021572613835297495,0.033857107162475586,0.02771486049888654
2,A549,0,3,2,8,control,0.3634350227446031,-0.0382707213541004,0.3232688307762146,2.258906602859497,0.9910404682159424,0.86626285,control,0.3084148036928066,0.0,0.0,0.3964768557120622,0.20886458687846182,0.008959531784057617,0.10891205933125972
3,A549,0,3,2,8,control,0.4228827869991127,0.0211770429004091,0.1870333850383758,2.223909378051758,0.4032570719718933,0.504438,control,0.3069326688312747,0.0,0.0,0.0,0.19870296329783527,0.5967429280281067,0.39772294566297095
4,A549,0,3,2,8,control,0.4816428400840301,0.0799370959853265,0.0987263247370719,0.7028778195381165,0.866045355796814,0.56399924,control,0.1836560354127703,0.0,0.0,0.23248652846537957,0.24649053265094514,0.13395464420318604,0.19022258842706558
5,A549,0,3,2,8,control,0.3744268423725948,-0.0272789017261087,0.0781140699982643,0.7137543559074402,0.0356387011706829,0.6226957,control,0.1853143518711829,0.0,0.0,0.32694194256801595,0.23512099532656894,0.9643612988293171,0.599741147077943
1,A549,0,3,2,9,control,0.4755774463253049,0.0738717022266013,,,,0.39316335,,,,,,,,
2,A549,0,3,2,9,control,0.5247254617309408,0.1230197176322372,0.1131420955061912,1.6950823068618774,0.1954562664031982,0.6344427,control,0.2798514831118596,0.0,0.0,0.1664264290313175,0.013032399477953139,0.8045437335968018,0.4087880665373774
3,A549,0,3,2,9,control,0.4366056390778537,0.0348998949791501,,,,0.40109468,,,,,,,,
4,A549,0,3,2,9,control,0.4257042883178445,0.0239985442191409,0.0786212906241417,0.7845749855041504,0.656283438205719,0.7161133,control,0.1956178634982506,0.0,0.0,0.3246176100354646,0.1644793759771303,0.343716561794281,0.2540979688857057
5,A549,0,3,2,9,control,0.3954270026727552,-0.0062787414259483,0.1104504838585853,1.4019290208816528,0.6934141516685486,0.5207743,control,0.2597016515916214,0.0,0.0,0.17876070764371166,0.0,0.3065858483314514,0.1532929241657257
6,A549,0,3,2,9,control,0.2659576277170565,-0.135748116381647,0.2812161445617676,2.0701112747192383,0.9897524118423462,0.901003,control,0.3000187720345201,0.0,0.0,0.20377091738327904,0.15130078786333856,0.010247588157653809,0.08077418801049618
