Metadata_cell,Metadata_hour,Metadata_treatment,Metadata_site,Metadata_dish,Metadata_concentration,ObjectNumber,Ed_region_mean,Rc_region_mean,Fp_region_PCC,Fp_cell_PCC,FRET_Judge,Near_Ed,Ed_diff
MCF7,2,A133,0,1,80,1,0.1539643853902816,1.9917495,0.3573934,0.6695582,True,0.13635396482075324,0.10864108439710407
MCF7,2,A133,0,1,80,2,0.0889952927827835,0.4556337,0.96185726,0.98961216,True,0.07393815533425394,0.04125098984698225
MCF7,2,A133,0,1,80,3,0.1116762161254882,0.63327754,0.91835976,0.9793455,True,0.0887072053671897,0.05397897564770385
MCF7,2,A133,0,1,80,4,0.089323915541172,0.71670896,0.8886702,0.98123324,True,0.09433322329834969,0.05930312591718649
MCF7,2,A133,1,1,80,1,0.081606239080429,0.6709633,0.7822684,0.9448353,True,0.09133546081075487,0.05643229351395114
MCF7,2,A133,1,1,80,2,,0.33008733,0.63324773,0.8996309,False,0.09132643752045966,0.0
MCF7,2,A133,10,1,80,1,,0.32189837,0.7823503,0.92028356,False,0.08961248674510432,0.0
MCF7,2,A133,10,1,80,2,0.1117678135633468,0.4594022,0.817065,0.924842,False,0.11584195885137077,0.0
MCF7,2,A133,10,1,80,3,0.1239849030971527,1.2667398,0.6274024,0.86262965,True,0.11926253776966707,0.08638975915475279
MCF7,2,A133,10,1,80,4,0.1125523224472999,0.6444994,0.7694354,0.92913973,True,0.08950564556679443,0.05471804901162862
MCF7,2,A133,10,1,80,5,,0.3829352,0.7964572,0.9211608,False,0.10189931791453424,0.0
MCF7,2,A133,10,1,80,6,,0.22247897,0.8036251,0.9289893,False,0.06697232669777542,0.0
MCF7,2,A133,11,1,80,1,0.0861266106367111,0.6822984,0.9287257,0.9761469,True,0.09209722938228482,0.057154420146716706
MCF7,2,A133,11,1,80,2,0.0975855812430381,0.5501597,0.9277243,0.97853863,True,0.08233432126955752,0.04827078322386984
MCF7,2,A133,11,1,80,3,0.1049167066812515,0.40383685,0.8147352,0.96069944,False,0.10586127640117154,0.0
MCF7,2,A133,12,1,80,1,0.1389766931533813,1.006584,0.28408504,0.63790536,True,0.10951574965727288,0.07508799082904614
MCF7,2,A133,12,1,80,2,0.127554252743721,0.6218887,0.5225668,0.8037977,False,0.14110403605376867,0.0
MCF7,2,A133,12,1,80,3,0.1235523521900177,0.8359682,0.6331806,0.8335768,True,0.10128944020795218,0.06627135828518076
MCF7,2,A133,12,1,80,4,0.1254752427339553,0.6644971,0.7929295,0.9465358,False,0.1469122011687494,0.0
MCF7,2,A133,12,1,80,5,0.1387645006179809,0.892957,0.7114293,0.91824263,True,0.104237541239988,0.06935762019262771
MCF7,2,A133,12,1,80,6,0.1426942497491836,0.8917916,0.1493007,0.24655387,False,0.17347540225889577,0.0
MCF7,2,A133,13,1,80,1,,0.34502885,0.8833643,0.965857,False,0.09439992071545528,0.0
MCF7,2,A133,13,1,80,2,,0.17633693,0.78961164,0.94085264,False,0.055164458910594606,0.0
MCF7,2,A133,14,1,80,1,0.1038182005286216,0.571776,0.7778214,0.9291145,True,0.08407410248036498,0.04979584336433554
MCF7,2,A133,14,1,80,2,0.1477922052145004,0.5689817,0.69937015,0.9216405,False,0.13345296863564438,0.0
MCF7,2,A133,14,1,80,3,0.1387555748224258,0.46717784,0.839944,0.96405905,False,0.11717832728444154,0.0
MCF7,2,A133,14,1,80,4,0.1666421294212341,0.8107005,0.8592137,0.96860087,False,0.1647637386746179,0.0
MCF7,2,A133,14,1,80,5,0.1268476396799087,0.7765048,0.7434849,0.9256834,True,0.0979648723044895,0.06288679913484463
MCF7,2,A133,15,1,80,1,0.14750836789608,0.37944663,0.48930532,0.8230065,False,0.10122635903644929,0.0
MCF7,2,A133,15,1,80,2,0.1458427459001541,0.6982132,0.9048989,0.9716171,False,0.15130164905089655,0.0
MCF7,2,A133,15,1,80,3,0.1300462484359741,1.1799217,0.91490746,0.9804312,True,0.11631543094794516,0.08287116625873434
MCF7,2,A133,15,1,80,4,0.0994342565536499,0.64150935,0.84125453,0.96265656,True,0.08929424232004461,0.054521838167099726
MCF7,2,A133,15,1,80,5,,0.31670997,0.9035138,0.98175496,False,0.08851552096928378,0.0
MCF7,2,A133,2,1,80,1,0.1491054743528366,0.49616575,0.87791646,0.9666117,False,0.122037946664666,0.0
MCF7,2,A133,2,1,80,2,,0.33472687,0.8081093,0.9633455,False,0.09228816091789627,0.0
MCF7,2,A133,2,1,80,3,0.137326568365097,1.4078386,0.7141107,0.93919086,True,0.12352567326661132,0.09164016251656784
MCF7,2,A133,2,1,80,4,0.1174383908510208,1.293747,0.8582296,0.9573121,True,0.1201260507277263,0.08743777213503932
MCF7,2,A133,3,1,80,1,0.0881273373961448,0.5809997,0.7994522,0.94728535,True,0.0847980990687874,0.050437783392164356
MCF7,2,A133,3,1,80,2,0.1327167451381683,0.60841614,0.819339,0.9332595,False,0.13920348966406168,0.0
MCF7,2,A133,4,1,80,1,,0.25162175,0.8108671,0.9657945,False,0.07398145965424457,0.0
MCF7,2,A133,4,1,80,2,0.0831797868013382,0.8683145,0.34877843,0.65818495,True,0.10298964149726023,0.0680413792436268
MCF7,2,A133,4,1,80,3,,0.2827276,0.9163488,0.981104,False,0.08111134180008289,0.0
MCF7,2,A133,4,1,80,4,0.0782164335250854,0.7352909,0.7508422,0.9240581,True,0.09549499051436075,0.06043681965072453
MCF7,2,A133,4,1,80,5,0.0759947448968887,0.57047707,0.75212115,0.5784267,True,0.0839712773057037,0.04970502129826129
MCF7,2,A133,4,1,80,6,0.0789244100451469,0.8311264,0.7974057,0.9572466,True,0.10102861868782856,0.06600218552099066
MCF7,2,A133,4,1,80,7,0.0750082433223724,0.5923404,0.91273177,0.9845495,True,0.0856737098776407,0.05121992618158383
MCF7,2,A133,5,1,80,1,0.1312533915042877,0.84152,0.5444133,0.8293727,True,0.10158644562721493,0.06657863539281202
MCF7,2,A133,5,1,80,2,0.1297833174467086,0.7460795,0.5465956,0.80143684,False,0.15724212786416653,0.0
MCF7,2,A133,5,1,80,3,0.1472971439361572,0.63047826,0.78910255,0.9453984,False,0.14229935189690907,0.0
MCF7,2,A133,5,1,80,4,,0.23796369,0.8300891,0.96290344,False,0.07073764652984289,0.0
MCF7,2,A133,5,1,80,5,0.1637406796216964,0.4766739,0.8843988,0.9769623,False,0.11879128844899337,0.0
MCF7,2,A133,5,1,80,6,0.1366895884275436,0.6331527,0.6957139,0.92686146,False,0.14266895777718763,0.0
MCF7,2,A133,5,1,80,7,0.1451857686042785,0.81662726,0.8521284,0.95132977,False,0.16542679849470054,0.0
MCF7,2,A133,5,1,80,8,0.1662043035030365,1.5167056,0.83524764,0.9457226,True,0.12643814875635517,0.09533894777809845
MCF7,2,A133,6,1,80,1,0.1367258131504058,0.55533445,0.70076674,0.8805135,False,0.13139494055442544,0.0
MCF7,2,A133,6,1,80,2,0.1173325479030609,0.5541601,0.799624,0.9293708,False,0.13121615771759937,0.0
MCF7,2,A133,6,1,80,3,0.1346043646335601,0.62393194,0.71065253,0.93579847,False,0.1413895177897665,0.0
MCF7,2,A133,6,1,80,4,0.1383174508810043,1.0088657,0.82521015,0.9281975,True,0.10961440126864386,0.07519764345888569
MCF7,2,A133,7,1,80,1,0.1015121862292289,0.7945621,0.8375795,0.9436253,True,0.09900308117458492,0.06393296478336771
MCF7,2,A133,7,1,80,2,,0.28990543,0.7425325,0.9211824,False,0.0827077673748532,0.0
MCF7,2,A133,7,1,80,3,0.1141158267855644,0.35829034,0.49219763,0.81083333,False,0.09707117928851648,0.0
MCF7,2,A133,7,1,80,4,0.1265824437141418,0.7651356,0.50780606,0.86037326,True,0.09729775016785097,0.06221968339362724
MCF7,2,A133,7,1,80,5,0.1522744596004486,0.7377145,0.92125595,0.98516375,False,0.1562275828394135,0.0
MCF7,2,A133,7,1,80,6,0.0905080288648605,0.7054435,0.8060951,0.9549488,True,0.09361355545366438,0.05860679544039925
MCF7,2,A133,7,1,80,7,0.0987391024827957,0.4307427,0.857872,0.96490014,False,0.1107909294941711,0.0
MCF7,2,A133,7,1,80,8,0.0852791666984558,0.65369904,0.7238821,0.90998054,True,0.09015006968920918,0.05531850766450326
MCF7,2,A133,7,1,80,9,0.1331169605255127,0.5212147,0.95568794,0.9801226,False,0.1260880594961382,0.0
MCF7,2,A133,7,1,80,10,,0.32024354,0.5582787,0.78582466,False,0.08926354808749908,0.0
MCF7,2,A133,8,1,80,1,,0.4294242,0.9386266,0.9877381,False,0.11055368000625707,0.0
MCF7,2,A133,8,1,80,2,0.1037812829017639,0.83618796,0.8607949,0.9672302,True,0.10130123848878549,0.06628354911650956
MCF7,2,A133,8,1,80,3,0.0817009434103965,0.53192824,0.74873114,0.93199027,True,0.08081812942868773,0.046961741200239396
MCF7,2,A133,8,1,80,4,0.086694411933422,0.6385202,0.88742495,0.9755399,True,0.08908193352120176,0.05432516857006327
MCF7,2,A133,8,1,80,5,0.0888997316360473,0.51403,0.87516165,0.9631543,True,0.07928404856995074,0.04565603848248548
MCF7,2,A133,8,1,80,6,0.0904977843165397,0.47742644,0.8394061,0.965269,True,0.07599707716222966,0.042921147910282245
MCF7,2,A133,8,1,80,7,0.1218097060918808,1.4318287,0.3538216,0.81171215,True,0.12419344627251538,0.09248010544599175
MCF7,2,A133,8,1,80,8,0.1059101074934005,0.3647821,0.7437993,0.92426383,False,0.0983598867540833,0.0
MCF7,2,A133,8,1,80,9,,0.32064825,0.82409894,0.9445565,False,0.08934896631256657,0.0
MCF7,2,A133,8,1,80,10,0.1265738904476165,1.0009559,0.84057987,0.94726706,True,0.10927125792022702,0.0748166428675914
MCF7,2,A133,8,1,80,11,0.1121009886264801,0.62859267,0.90402365,0.96987957,True,0.08836977697153196,0.053668257965712354
MCF7,2,A133,8,1,80,12,0.1198226064443588,0.5249396,0.70409894,0.9324213,False,0.12667896669481205,0.0
MCF7,2,A133,9,1,80,1,0.1645329743623733,1.1415106,0.37562957,0.77921134,False,0.19615868387483112,0.0
MCF7,2,A133,9,1,80,2,0.1387874037027359,0.48145247,0.8714043,0.9708913,False,0.11959513554964069,0.0
MCF7,2,A133,9,1,80,3,0.1375221163034439,0.54291254,0.75092614,0.9128603,False,0.12949004531391,0.0
MCF7,2,A133,9,1,80,4,0.164562702178955,1.2032927,0.40325102,0.6793954,False,0.20097725263647448,0.0
MCF7,2,A133,9,1,80,5,0.1386125832796096,0.66585296,0.937744,0.989147,False,0.14709214748461352,0.0
MCF7,2,A133,9,1,80,6,0.1566284894943237,0.779708,0.9445763,0.98802197,False,0.16122450649207623,0.0
MCF7,2,A133,9,1,80,7,0.135204330086708,0.40251505,0.7517053,0.9156826,False,0.105614223818846,0.0
MCF7,2,A133,9,1,80,8,0.1077566593885421,0.6170338,0.353275,0.6935617,True,0.08752670187746747,0.05289611327951935
MCF7,2,A133,0,2,40,1,0.0989870727062225,0.85384583,0.8753058,0.95139635,True,0.10223808235513507,0.06725565890165541
MCF7,2,A133,0,2,40,2,,0.257534,0.75966483,0.92008203,False,0.07536377704300638,0.0
MCF7,2,A133,0,2,40,3,,0.3638211,0.7719995,0.9473982,False,0.0981698881180237,0.0
MCF7,2,A133,0,2,40,4,,0.40185675,0.89377856,0.9751691,False,0.10549100969125413,0.0
MCF7,2,A133,1,2,40,1,0.156071737408638,0.8058895,0.5319934,0.6822976,False,0.16422230485309317,0.0
MCF7,2,A133,1,2,40,2,0.1672932356595993,0.7539816,0.7905115,0.96010125,False,0.1581916416911101,0.0
MCF7,2,A133,1,2,40,3,0.1487241983413696,0.6219562,0.8387884,0.96289456,False,0.14111347865003998,0.0
MCF7,2,A133,1,2,40,4,0.1612707376480102,0.6276652,0.87370425,0.9721897,False,0.14190927814884782,0.0
MCF7,2,A133,1,2,40,5,0.1386036127805709,0.51932436,0.8161861,0.9515788,False,0.12578707319614094,0.0
MCF7,2,A133,1,2,40,6,0.1253629177808761,0.59423196,0.8121782,0.96853113,False,0.13716784430792617,0.0
MCF7,2,A133,10,2,40,1,,0.3357788,0.8333273,0.97109926,False,0.0925052848570437,0.0
MCF7,2,A133,10,2,40,2,0.0693533048033714,0.4651254,0.30010328,0.7646025,True,0.07484466490225716,0.04198229557498254
MCF7,2,A133,10,2,40,3,0.191679447889328,1.0645326,0.90268135,0.9790169,False,0.18975142208943566,0.0
MCF7,2,A133,10,2,40,4,0.0856118351221084,0.9959533,0.4790433,0.8081302,True,0.10905254801901673,0.07457440076781108
MCF7,2,A133,10,2,40,5,0.0610084906220436,0.51300424,0.74324316,0.92714214,True,0.07919471736433707,0.0455805842038859
MCF7,2,A133,11,2,40,1,0.0494594871997833,0.6819965,0.74882454,0.9143635,True,0.09207710652406505,0.05713528006532441
MCF7,2,A133,11,2,40,2,0.0547203719615936,0.60258573,0.7119289,0.9308466,True,0.08645128002742013,0.05191981893400645
MCF7,2,A133,11,2,40,3,0.0771505311131477,0.5567842,0.9000143,0.9770833,True,0.08287403272213159,0.04874124549048128
MCF7,2,A133,11,2,40,4,0.0640564560890197,0.5444014,0.8774178,0.97438765,True,0.08186037865212027,0.047859599068697675
MCF7,2,A133,11,2,40,5,0.0558146871626377,0.8098773,0.88229424,0.97578347,True,0.0998637118873779,0.06480758732169002
MCF7,2,A133,11,2,40,6,0.0435064807534217,0.47351015,0.86881864,0.9636076,True,0.07563288427399423,0.04262333214908233
MCF7,2,A133,11,2,40,7,0.0586924813687801,0.559555,0.8366587,0.9635391,True,0.08309804385008839,0.04893720979598372
MCF7,2,A133,12,2,40,1,0.0999927595257759,0.8913606,0.6387563,0.90329945,True,0.10415789616567672,0.06927317816250794
MCF7,2,A133,12,2,40,2,,0.3892799,0.95020425,0.97958195,False,0.10311457266458689,0.0
MCF7,2,A133,12,2,40,3,0.0635120570659637,1.3414713,0.71931785,0.82142925,True,0.12159513616225227,0.0892387264607916
MCF7,2,A133,12,2,40,4,0.1014687642455101,0.8143827,0.5402477,0.86766416,True,0.10011349942119346,0.06506269719928798
MCF7,2,A133,12,2,40,5,0.1199464276432991,0.97995883,0.7244143,0.91023433,True,0.10834435769416294,0.07379319182246007
MCF7,2,A133,12,2,40,6,0.0594620034098625,0.44999194,0.953444,0.9843147,True,0.0733920249490909,0.040813460855195716
MCF7,2,A133,13,2,40,1,,0.25589085,0.85883844,0.9726931,False,0.07498090522755221,0.0
MCF7,2,A133,13,2,40,2,0.0921322107315063,1.2611519,0.2401991,0.80154663,True,0.1190808504536241,0.08617024267284831
MCF7,2,A133,13,2,40,3,0.0985096469521522,1.1366878,-0.2605139,0.4454437,True,0.11474190381311129,0.08102891043499742
MCF7,2,A133,13,2,40,4,0.0667496174573898,1.0264183,0.7477654,0.8769461,True,0.11036440805186065,0.0760343894718293
MCF7,2,A133,13,2,40,5,0.0882321670651435,0.5567244,0.89240134,0.9696063,True,0.08286918686729987,0.048737010864296035
MCF7,2,A133,13,2,40,6,0.082203708589077,0.7468914,0.92338395,0.94519925,True,0.09620476775315301,0.06113531371957048
MCF7,2,A133,13,2,40,7,0.0890068933367729,1.0600259,0.8060839,0.934209,True,0.1117578488852454,0.07760362040501934
MCF7,2,A133,14,2,40,1,0.0855497419834137,0.46013013,0.91248554,0.9832274,True,0.07436949519647214,0.04159817395915305
MCF7,2,A133,14,2,40,2,0.1071533188223838,0.63895327,0.951033,0.9829519,True,0.08911275324078737,0.05435369431692731
MCF7,2,A133,14,2,40,3,0.0556901507079601,0.42882928,0.66471624,0.92845774,True,0.07129326255851594,0.039153224820298135
MCF7,2,A133,14,2,40,4,,0.349663,0.9665859,0.9927272,False,0.09533934322864299,0.0
MCF7,2,A133,14,2,40,5,0.0782205238938331,0.7507006,0.80850714,0.94828707,True,0.09643529751329202,0.061363140894737295
MCF7,2,A133,14,2,40,6,0.0919381007552146,0.909971,-0.087395266,0.43444344,True,0.10507634870444515,0.07025056882466912
MCF7,2,A133,14,2,40,7,0.0638322085142135,0.7602318,0.7144151,0.9147828,True,0.09700672017278043,0.06192990533301944
MCF7,2,A133,14,2,40,8,0.0748062506318092,0.64807487,0.9245975,0.9801128,True,0.08975717561353978,0.05495199779919481
MCF7,2,A133,15,2,40,1,0.0643330514430999,0.54004836,0.96158355,0.99199426,True,0.0814990918343308,0.04754737296629402
MCF7,2,A133,15,2,40,2,,0.34229693,0.9324869,0.97400385,False,0.0938430740804868,0.0
MCF7,2,A133,15,2,40,3,0.0482237786054611,0.48792672,0.617722,0.91659075,True,0.07696133711504709,0.043714654885419174
MCF7,2,A133,15,2,40,4,0.072188526391983,0.2884228,0.4987919,0.6443246,False,0.08237947232849341,0.0
MCF7,2,A133,15,2,40,5,0.0848791077733039,0.9214138,0.7228881,0.9023619,True,0.10563037279942986,0.07084399123397098
MCF7,2,A133,15,2,40,6,0.0758494660258293,1.0440832,0.65381527,0.89616543,True,0.1111036624672572,0.07686452669451466
MCF7,2,A133,2,2,40,1,0.0586351789534091,0.5725746,0.8144802,0.9279528,True,0.08413721368868866,0.04985163033817021
MCF7,2,A133,2,2,40,2,,0.35532057,0.83914775,0.92355454,False,0.09647752174232847,0.0
MCF7,2,A133,2,2,40,3,,0.35966748,0.93460244,0.97959554,False,0.09734558970256464,0.0
MCF7,2,A133,2,2,40,4,,0.3131538,0.9226484,0.9781416,False,0.08775864517926231,0.0
MCF7,2,A133,2,2,40,5,,0.15290183,0.9052959,0.97911155,False,0.048805433364608325,0.0
MCF7,2,A133,2,2,40,6,0.0439264886081218,0.5336093,0.65380013,0.89363563,True,0.08095986215971467,0.047083324850171096
MCF7,2,A133,2,2,40,7,0.0419199503958225,0.64451104,0.72606015,0.9267577,True,0.08950646665491536,0.05471881183272555
MCF7,2,A133,3,2,40,1,0.0697635412216186,0.48930266,0.44953528,0.81727403,True,0.07708639252052303,0.04381809769236626
MCF7,2,A133,3,2,40,2,0.100458487868309,0.4604096,0.8888619,0.98269373,False,0.11601589910118366,0.0
MCF7,2,A133,3,2,40,3,,0.2887007,0.88770694,0.9814317,False,0.08244106455439963,0.0
MCF7,2,A133,3,2,40,4,,0.34788123,0.81822383,0.94635224,False,0.09497891193276725,0.0
MCF7,2,A133,4,2,40,1,0.0981714278459549,0.6226325,0.57693774,0.87776893,True,0.08793694681204178,0.05327109629075569
MCF7,2,A133,4,2,40,2,0.1123868599534034,0.60060495,0.63825786,0.87983257,False,0.1380869286953036,0.0
MCF7,2,A133,4,2,40,3,0.1081243231892585,0.8749701,0.8949371,0.95721,True,0.10333061791565,0.06839958556866153
MCF7,2,A133,4,2,40,4,0.125913605093956,1.0257161,0.8805037,0.9642605,True,0.11033470266190844,0.07600114410358845
MCF7,2,A133,4,2,40,5,0.1190274134278297,0.9295217,0.71524715,0.9189469,True,0.10601811928568566,0.07126104041487641
MCF7,2,A133,4,2,40,6,0.1036020070314407,0.97136706,0.49842477,0.8347649,True,0.10795822347276911,0.07336928540830147
MCF7,2,A133,4,2,40,7,,0.36718976,0.93232405,0.9823172,False,0.09883473065216639,0.0
MCF7,2,A133,5,2,40,1,0.0605878047645092,0.67525345,0.91240734,0.9688187,True,0.09162529293777881,0.056706453282472216
MCF7,2,A133,5,2,40,2,0.065676212310791,0.5004132,0.80263144,0.8991465,True,0.07808538247658173,0.04464884673441161
MCF7,2,A133,5,2,40,3,0.083390973508358,0.697622,0.71396375,0.91187394,True,0.0931068995877974,0.05811928386175731
MCF7,2,A133,5,2,40,4,0.0677380412817001,0.6550501,0.9497148,0.98318356,True,0.09024395362260358,0.055406281859693915
MCF7,2,A133,5,2,40,5,0.0583202354609966,0.60034215,0.9245031,0.9770015,True,0.08628207987937189,0.051767093667672404
MCF7,2,A133,5,2,40,6,0.084514319896698,0.8272975,0.63279057,0.89400756,True,0.10082116260411798,0.06578853286145343
MCF7,2,A133,5,2,40,7,,0.36981374,0.69857395,0.83935237,False,0.09935033672534194,0.0
MCF7,2,A133,6,2,40,1,0.2058712840080261,1.9729904,0.20416047,0.5758152,False,0.24421890740044097,0.0
MCF7,2,A133,6,2,40,2,0.0713229328393936,0.43619096,0.6907781,0.8709796,True,0.07203248914907118,0.039734175417596204
MCF7,2,A133,6,2,40,3,0.0652243643999099,0.7611468,0.6247345,0.8899963,True,0.09706117530636264,0.0619840686221957
MCF7,2,A133,6,2,40,4,,0.33504924,0.9173142,0.9863627,False,0.0923547361593944,0.0
MCF7,2,A133,6,2,40,5,0.0857000797986984,0.6415716,0.41850734,0.70365053,True,0.08929865339487063,0.05452592836568128
MCF7,2,A133,6,2,40,6,,0.31225237,0.9324069,0.984379,False,0.08756613802876957,0.0
MCF7,2,A133,6,2,40,7,0.0754879862070083,0.822511,0.9245704,0.97694397,True,0.1005603204304848,0.06552045932886919
MCF7,2,A133,7,2,40,1,0.1596810668706894,1.8446146,0.52850974,0.8592079,True,0.13368398898512324,0.10494874980486962
MCF7,2,A133,7,2,40,2,0.0767611637711525,0.69051933,0.9160847,0.9812844,True,0.09264174314950945,0.05767367113208886
MCF7,2,A133,7,2,40,3,,0.3680315,0.8136692,0.9217295,False,0.09900034611776116,0.0
MCF7,2,A133,7,2,40,4,,0.37882778,0.70146984,0.9070139,False,0.10110662481720523,0.0
MCF7,2,A133,7,2,40,5,0.0710552334785461,0.6506545,0.8999239,0.9639068,True,0.08993780069903633,0.05512032987886474
MCF7,2,A133,7,2,40,6,0.0923631489276886,1.2232634,0.21739972,0.7445051,True,0.11782056798304998,0.08465698424940256
MCF7,2,A133,7,2,40,7,0.1165544092655181,1.2770424,0.801384,0.9294682,True,0.1195947802817876,0.08679206749935164
MCF7,2,A133,7,2,40,8,0.0488313548266887,0.43577695,0.42852676,0.54885054,True,0.0719911784594165,0.03970160056172603
MCF7,2,A133,7,2,40,9,0.0731992870569229,0.50944895,0.45207456,0.74524516,True,0.07888388749357894,0.04531853326400946
MCF7,2,A133,7,2,40,10,0.0645930245518684,0.70825267,0.8538468,0.9569547,True,0.09379411760962907,0.05878107641011744
MCF7,2,A133,7,2,40,11,0.0630325451493263,0.8269795,0.5265949,0.91819185,True,0.10080388496256902,0.06577075695322694
MCF7,2,A133,7,2,40,12,0.0752614811062812,1.1805506,0.90669334,0.68417174,True,0.11633777627506797,0.08289750897811529
MCF7,2,A133,8,2,40,1,0.0588922351598739,0.48828548,0.66070324,0.958947,True,0.0769939725767006,0.04374163833579717
MCF7,2,A133,8,2,40,2,0.0907148495316505,0.730191,0.44805118,0.87238467,True,0.09517921856894813,0.0601275007470118
MCF7,2,A133,8,2,40,3,0.0586984939873218,0.5087495,0.6752631,0.858472,True,0.07882251476620024,0.04526688244652459
MCF7,2,A133,8,2,40,4,0.070511370897293,0.87090206,0.78039443,0.9445083,True,0.10312255714199473,0.06818088248327353
MCF7,2,A133,9,2,40,1,0.0748205110430717,0.47441107,0.644772,0.9163388,True,0.07571688641490514,0.04269193274839646
MCF7,2,A133,9,2,40,2,0.0966055393218994,0.92933,0.43713048,0.7098203,True,0.10600899707142097,0.07125121243135979
MCF7,2,A133,9,2,40,3,0.0730379000306129,0.45014462,0.4230813,0.82275945,True,0.07340687732036398,0.040825329506014474
MCF7,2,A133,9,2,40,4,,0.44590813,0.97957444,0.9941319,False,0.1134886708466049,0.0
MCF7,2,A133,9,2,40,5,0.0487749390304088,0.5100465,0.73151225,0.92606336,True,0.0789362612216908,0.045362634209675026
MCF7,2,A133,9,2,40,6,,0.43727034,0.8927647,0.9745603,False,0.11195909401428264,0.0
MCF7,2,A133,9,2,40,7,0.0497707091271877,0.52212566,0.8697876,0.97231114,True,0.07998366613872906,0.04624917253505034
MCF7,2,A133,9,2,40,8,0.081154890358448,0.65505236,0.7162596,0.9084295,True,0.09024411050698618,0.05540642859740809
MCF7,2,A133,9,2,40,9,0.0619597025215625,0.5579349,0.90884984,0.98580754,True,0.08296718668671078,0.04882268668989821
MCF7,2,A133,9,2,40,10,0.0947418510913848,0.47075436,0.9395965,0.9887372,True,0.07537510624403572,0.042413158874552825
MCF7,4,A133,0,1,80,1,0.0923954844474792,0.44624165,0.8219501,0.9518399,True,0.07302592407131123,0.04052144002237257
MCF7,4,A133,0,1,80,2,0.1013819128274917,0.6665459,0.7899267,0.8957144,True,0.09103508086783915,0.056148918804777126
MCF7,4,A133,0,1,80,3,0.1095450222492218,0.5072494,0.8836037,0.976064,False,0.12384664356144377,0.0
MCF7,4,A133,0,1,80,4,0.1008124724030494,0.70788753,0.69784415,0.8235675,True,0.09377068965008734,0.05875844734759306
MCF7,4,A133,0,1,80,5,,0.41055015,0.8869418,0.95907754,False,0.10710888599033505,0.0
MCF7,4,A133,0,1,80,6,0.084965705871582,0.66870344,0.70637006,0.90858966,True,0.0911820405320694,0.05628746184997159
MCF7,4,A133,0,1,80,7,0.0747014656662941,0.40460098,0.7156552,0.9251852,True,0.06878853243222566,0.03721535248603773
MCF7,4,A133,0,1,80,8,0.0790032148361206,0.5745225,0.7003292,0.9291972,True,0.08429080997481496,0.04998753790525663
MCF7,4,A133,0,1,80,9,0.1117818132042884,0.7998333,0.009799471,0.4502665,True,0.09930132450746973,0.06423529546728016
MCF7,4,A133,0,1,80,10,0.1196251735091209,0.80883735,0.18828905,0.6659056,True,0.099805838285693,0.06474856169946874
MCF7,4,A133,1,1,80,1,0.0762988254427909,0.5303289,0.52866304,0.8675216,True,0.08068291667255617,0.046845900956124814
MCF7,4,A133,1,1,80,2,0.0812524110078811,0.5299915,0.90951484,0.9673142,True,0.08065434569726296,0.046821442240121
MCF7,4,A133,1,1,80,3,0.0970866605639457,0.8250165,0.83487415,0.9446416,True,0.1006970676027542,0.06566091984557847
MCF7,4,A133,10,1,80,1,0.0932501405477523,0.67218584,0.2767895,0.6581153,True,0.09141824207723949,0.05651052469188948
MCF7,4,A133,10,1,80,2,0.0883691757917404,0.58903927,0.6240321,0.8612525,True,0.08542046460285024,0.05099306239576196
MCF7,4,A133,10,1,80,3,0.1337159574031829,0.5771282,0.89843875,0.9748006,False,0.1346644981682529,0.0
MCF7,4,A133,10,1,80,4,0.1098657175898552,0.53711575,0.57252467,0.89907765,False,0.12859057361164897,0.0
MCF7,4,A133,10,1,80,5,0.0894386395812034,0.78074825,0.8493266,0.97351474,True,0.09821118117946617,0.06313411622571169
MCF7,4,A133,10,1,80,6,0.1044172495603561,0.562803,0.68291235,0.9259271,True,0.08335934827941957,0.04916631490397591
MCF7,4,A133,10,1,80,7,0.0967789068818092,0.408003,0.5895727,0.8771421,False,0.10663692051792505,0.0
MCF7,4,A133,10,1,80,8,0.1004787981510162,0.78175443,0.8588581,0.9521797,True,0.09826937250522083,0.06319262550984794
MCF7,4,A133,10,1,80,9,,0.24243121,0.6272313,0.8116246,False,0.07180653911615759,0.0
MCF7,4,A133,11,1,80,1,0.1455782502889633,0.9820215,0.42693955,0.80674636,False,0.18233097471445187,0.0
MCF7,4,A133,11,1,80,2,0.0787220150232315,0.5090952,0.46216846,0.8107686,True,0.07885285709614617,0.04529241458717771
MCF7,4,A133,11,1,80,3,,0.37596777,0.8826004,0.9723557,False,0.10055187510678393,0.0
MCF7,4,A133,11,1,80,4,0.1156124025583267,0.70069706,0.72954893,0.93779254,True,0.09330678589747476,0.05831135006849203
MCF7,4,A133,11,1,80,5,0.1099994182586669,0.9058187,0.8299715,0.9428491,True,0.10487331194644937,0.07003381935622909
MCF7,4,A133,11,1,80,6,0.0848539620637893,0.8265487,0.6381507,0.8616672,True,0.10078046689989408,0.06574666790904916
MCF7,4,A133,11,1,80,7,0.098503403365612,0.6674381,0.85806644,0.94143176,True,0.09109591028424865,0.05620624192158136
MCF7,4,A133,11,1,80,8,0.1179691031575203,0.725802,0.042840973,0.74155605,True,0.09490560994089578,0.05986019517463889
MCF7,4,A133,11,1,80,9,0.0968861952424049,0.6985138,0.7227788,0.89733136,True,0.09316496153653821,0.05817503840929679
MCF7,4,A133,11,1,80,10,0.0999943315982818,0.76299024,0.7784595,0.88695794,True,0.09717067355721763,0.06209306026810406
MCF7,4,A133,11,1,80,11,,0.3223944,0.70208514,0.9179561,False,0.08971690987197163,0.0
MCF7,4,A133,11,1,80,12,0.1094144880771637,0.7201775,0.6089846,0.88119674,True,0.09455244653918957,0.059516142312832976
MCF7,4,A133,11,1,80,13,0.0980097129940986,0.40900797,0.92835593,0.9712603,False,0.10682333681902452,0.0
MCF7,4,A133,11,1,80,14,0.10172800719738,0.43178788,0.9149681,0.980832,False,0.11097868759721588,0.0
MCF7,4,A133,12,1,80,1,0.1138338670134544,0.98450524,0.5807591,0.874326,True,0.10854705683684214,0.07401629498378597
MCF7,4,A133,12,1,80,2,0.0878830254077911,0.5419663,0.81067926,0.9470263,True,0.08165859510035192,0.04768508666493698
MCF7,4,A133,12,1,80,3,0.113589122891426,0.6919235,0.8533478,0.9309616,True,0.09273408885861467,0.05776198735286886
MCF7,4,A133,12,1,80,4,,0.33256942,0.88268846,0.9755229,False,0.09184177928981742,0.0
MCF7,4,A133,12,1,80,5,0.0969627946615219,0.54274803,0.87964284,0.95545965,True,0.08172346148935816,0.04774115046026786
MCF7,4,A133,12,1,80,6,0.1734897345304489,0.5404633,0.87421596,0.9643693,False,0.12911082944981553,0.0
MCF7,4,A133,12,1,80,7,0.0893481820821762,0.63256985,0.7991159,0.9575146,True,0.08865639009566328,0.053932121385177806
MCF7,4,A133,13,1,80,1,0.1693396717309951,1.7659838,0.7483578,0.9425936,True,0.1321246220700356,0.10283049169454972
MCF7,4,A133,13,1,80,2,0.136613667011261,0.88911235,0.6315527,0.8964727,True,0.10404545258856186,0.06915406346986631
MCF7,4,A133,13,1,80,3,0.1275685727596283,0.8238928,0.62453276,0.84384567,True,0.10063579431756586,0.06559796152597933
MCF7,4,A133,13,1,80,4,0.1711526364088058,1.2692201,0.5710627,0.8717975,False,0.20582974599951764,0.0
MCF7,4,A133,13,1,80,5,0.1282296329736709,0.33092716,0.5875976,0.82544386,False,0.0915010216486979,0.0
MCF7,4,A133,13,1,80,6,0.1199472919106483,0.4984344,0.88019276,0.95463717,False,0.12241033654860031,0.0
MCF7,4,A133,13,1,80,7,0.1234018728137016,0.9403662,0.8385692,0.96625817,True,0.1065306174969617,0.07181446066405757
MCF7,4,A133,13,1,80,8,0.1586348116397857,0.40408283,0.8792222,0.977916,False,0.10590720024686862,0.0
MCF7,4,A133,13,1,80,9,0.1311766356229782,1.0657421,0.26074916,0.8611214,True,0.11198947038318711,0.0778663169389573
MCF7,4,A133,13,1,80,10,0.1258080303668975,0.46699765,0.8658202,0.95795566,False,0.11714751908430118,0.0
MCF7,4,A133,13,1,80,11,0.1220605745911598,1.0133883,-0.003365949,0.5633595,True,0.10980914787456374,0.07541438521142867
MCF7,4,A133,13,1,80,12,0.119426853954792,0.5913014,0.67607003,0.9114313,False,0.13674274100431258,0.0
MCF7,4,A133,14,1,80,1,0.0915967747569084,0.44168928,0.88070834,0.9607769,True,0.07257819157200872,0.04016569665333759
MCF7,4,A133,14,1,80,2,0.1274247765541076,0.6149014,0.9362545,0.98427683,False,0.14012231037758716,0.0
MCF7,4,A133,14,1,80,3,0.1065640300512313,0.49202922,0.611606,0.902446,False,0.12135603682078022,0.0
MCF7,4,A133,14,1,80,4,0.0828470140695571,0.66190946,0.8027224,0.9576803,True,0.09071765565474495,0.055850305562588756
MCF7,4,A133,14,1,80,5,0.1025258004665374,0.44040984,0.26708168,0.7808247,False,0.11251715770006124,0.0
MCF7,4,A133,14,1,80,6,0.0817792639136314,0.6112072,0.7082751,0.935279,True,0.0870959362234698,0.052503892774315206
MCF7,4,A133,14,1,80,7,0.0910394489765167,0.4442233,0.6515542,0.91927075,True,0.07282786965357105,0.04036388843536161
MCF7,4,A133,14,1,80,8,0.0772119984030723,0.5060051,0.8179335,0.95170146,True,0.07858100138896346,0.045063916413771735
MCF7,4,A133,14,1,80,9,0.0924217849969863,0.66913,0.81238174,0.9286123,True,0.09121103917028243,0.056314821607488005
MCF7,4,A133,14,1,80,10,0.0355796255171299,1.1995444,0.17966357,0.6623044,True,0.11700554017268143,0.08368708471818236
MCF7,4,A133,15,1,80,1,0.0987473800778389,0.6813691,0.66478693,0.89754045,True,0.09203525891401236,0.05709548745214839
MCF7,4,A133,15,1,80,2,0.1067736893892288,0.606521,0.62514865,0.857397,True,0.0867466175664657,0.05218697122571317
MCF7,4,A133,15,1,80,3,0.094865046441555,0.53894395,0.24663594,0.63669634,True,0.08140701433874756,0.04746796749538615
MCF7,4,A133,15,1,80,4,0.1011301279067993,0.5391871,0.915393,0.97345585,True,0.08142730087354194,0.04748545625650419
MCF7,4,A133,15,1,80,5,,0.39242813,0.8286215,0.9603603,False,0.10371346910378779,0.0
MCF7,4,A133,15,1,80,6,0.1376198530197143,2.1222842,0.8676027,0.97013503,True,0.13848675709239563,0.11165081385646289
MCF7,4,A133,15,1,80,7,0.1075045689940452,0.942784,0.88127726,0.9729933,True,0.1066439375057522,0.07193716672405408
MCF7,4,A133,2,1,80,1,0.0728063583374023,0.35391235,0.55168796,0.83865947,True,0.06316314403470483,0.03303196401641828
MCF7,4,A133,2,1,80,2,0.0871442779898643,0.61046916,0.39197555,0.7294828,True,0.08704109151219802,0.05245406707873082
MCF7,4,A133,2,1,80,3,0.0701478347182273,0.7818099,0.7581141,0.9226865,True,0.0982725781987947,0.06319584960598965
MCF7,4,A133,2,1,80,4,,0.28012645,0.43192905,0.753,False,0.08052839904995322,0.0
MCF7,4,A133,2,1,80,5,,0.40390825,0.8793947,0.9526788,False,0.10587460825876621,0.0
MCF7,4,A133,3,1,80,1,0.1081384345889091,0.6814524,0.48486662,0.883396,True,0.09204081727272215,0.05710077198665858
MCF7,4,A133,3,1,80,2,0.1056126728653907,0.57075995,0.32775104,0.56517476,True,0.08399368890238698,0.04972480933154114
MCF7,4,A133,3,1,80,3,0.0731890127062797,0.6440934,0.79314005,0.9400541,True,0.08947699710415526,0.05469143712227008
MCF7,4,A133,3,1,80,4,0.1098088920116424,0.5792107,0.20304509,0.806638,True,0.08465851384805288,0.05031368308551652
MCF7,4,A133,3,1,80,5,0.1022605523467063,0.64364177,0.29144755,0.7071487,True,0.08944510798444456,0.05466182315055575
MCF7,4,A133,3,1,80,6,0.06609907746315,0.44377422,0.7717489,0.94211084,True,0.07278370478938731,0.04032879624972946
MCF7,4,A133,3,1,80,7,0.074732206761837,0.45071694,0.8315747,0.951347,True,0.07346251517114069,0.04086980517799649
MCF7,4,A133,4,1,80,1,,0.25807813,0.90060186,0.972503,False,0.07549034481666096,0.0
MCF7,4,A133,4,1,80,2,0.1243745759129524,0.6038669,0.9634935,0.9916717,False,0.13855452668796894,0.0
MCF7,4,A133,4,1,80,3,0.1038348898291587,0.5373383,0.7757174,0.92352504,True,0.08127284551805809,0.047352385766428876
MCF7,4,A133,5,1,80,1,0.0870966836810112,0.54956985,0.5047033,0.7881658,True,0.08228597961748743,0.04822875955351541
MCF7,4,A133,5,1,80,2,0.0837146863341331,0.5781234,0.13664196,0.6373472,True,0.08457348193704574,0.05023816283040401
MCF7,4,A133,5,1,80,3,0.083689346909523,0.6035183,0.24368827,0.7559484,True,0.0865214339752193,0.05198321196489872
MCF7,4,A133,5,1,80,4,0.0940016657114029,0.6279124,0.41090083,0.7548918,True,0.08832057716118405,0.05362303307238872
MCF7,4,A133,5,1,80,5,0.0815939083695411,1.0382899,0.102138355,0.6352605,True,0.11086290944199659,0.07659358690820364
MCF7,4,A133,5,1,80,6,0.1205636113882064,1.1692711,-0.078617305,0.2983402,True,0.11593467982243916,0.08242308412877927
MCF7,4,A133,5,1,80,7,0.0900635048747062,1.6680379,0.59029555,0.8345002,True,0.1300352143639376,0.10003571049061566
MCF7,4,A133,5,1,80,8,0.1085813418030738,1.2381065,-0.31255236,0.15069266,True,0.11832027070938342,0.08525502474684266
MCF7,4,A133,6,1,80,1,0.0849014520645141,0.99299365,0.5956963,0.87942314,True,0.10892253307187179,0.0744306166985753
MCF7,4,A133,6,1,80,2,0.0748372226953506,0.64925677,0.60135615,0.8898978,True,0.08984001996581709,0.05502916942062394
MCF7,4,A133,6,1,80,3,0.1450473815202713,0.8104725,0.80769825,0.95636976,False,0.16473814432420267,0.0
MCF7,4,A133,6,1,80,4,0.0857394561171531,0.6345544,0.79330355,0.92408323,True,0.08879874958303022,0.05406343915782785
MCF7,4,A133,6,1,80,5,0.0926276370882988,2.1984458,0.0442663,0.50869125,True,0.13964133653901822,0.11330278225767987
MCF7,4,A133,6,1,80,6,0.083335667848587,0.5376456,0.6998569,0.90716016,True,0.08129855135593828,0.04737451921376909
MCF7,4,A133,6,1,80,7,0.1135100424289703,0.8389214,0.72541517,0.9476278,True,0.10144770089030777,0.06643499121387897
MCF7,4,A133,7,1,80,1,,0.3846186,0.89793,0.96647966,False,0.10222283941585068,0.0
MCF7,4,A133,7,1,80,2,0.1652753502130508,0.6855279,0.8878913,0.9681694,False,0.14967077507290147,0.0
MCF7,4,A133,7,1,80,3,0.0906936079263687,0.6413513,0.8199506,0.9535686,True,0.08928304090770046,0.05451145232479644
MCF7,4,A133,7,1,80,4,0.0790313482284545,0.5676404,0.81940055,0.9437034,True,0.08374596919688901,0.04950631697792507
MCF7,4,A133,7,1,80,5,0.1415654718875885,0.6658942,0.945575,0.98310816,False,0.1470976161631393,0.0
MCF7,4,A133,7,1,80,6,0.0927741751074791,0.71498114,0.8501239,0.96866804,True,0.09422360821796058,0.05919677255660585
MCF7,4,A133,8,1,80,1,0.1159704104065895,0.68830925,0.951911,0.9887599,True,0.09249600841232433,0.05753444602012042
MCF7,4,A133,8,1,80,2,0.0921129956841468,0.58529484,0.7254697,0.9168987,True,0.08513159337519736,0.05073493169341385
MCF7,4,A133,8,1,80,3,0.1009352281689643,0.7329851,0.91675043,0.9706839,True,0.09535250693152633,0.06029713875786821
MCF7,4,A133,8,1,80,4,0.0993227362632751,0.87825274,0.41967607,0.7347516,True,0.10349770970961447,0.0685755163462144
MCF7,4,A133,8,1,80,5,0.0920636802911758,1.3606818,0.5263035,0.8772526,True,0.12216695106540444,0.08994588108334171
MCF7,4,A133,8,1,80,6,0.1070916578173637,0.5608056,0.11084427,0.72840863,True,0.08319881961227485,0.0490255014690949
MCF7,4,A133,8,1,80,7,0.0984068438410759,1.4886955,0.4581672,0.8372361,True,0.12571693462219397,0.09441443299590155
MCF7,4,A133,8,1,80,8,0.0973128974437713,0.45929724,0.8883606,0.9813171,False,0.11582382237631039,0.0
MCF7,4,A133,8,1,80,9,0.0930728018283844,0.5312783,0.6745723,0.9211303,True,0.08076322524819311,0.046914685684130555
MCF7,4,A133,9,1,80,1,,0.36775002,0.9303104,0.97621703,False,0.09894498656998742,0.0
MCF7,4,A133,9,1,80,2,0.0984737277030944,0.7369966,0.818918,0.9599472,True,0.09560009026621044,0.0605399671178973
MCF7,4,A133,9,1,80,3,,0.31742826,0.94941115,0.9838432,False,0.08866790187118045,0.0
MCF7,4,A133,9,1,80,4,0.1074768602848053,0.60936946,0.614464,0.8455677,True,0.0869592535573889,0.052379765141275875
MCF7,4,A133,9,1,80,5,0.0832726657390594,0.50420064,0.7993245,0.9493056,True,0.0784215871963952,0.04493019885257228
MCF7,4,A133,9,1,80,6,0.116561472415924,0.36243835,0.79004323,0.96323884,False,0.09789603529583558,0.0
MCF7,4,A133,9,1,80,7,0.1232826933264732,1.2662091,0.64999926,0.8807643,True,0.11924532754725309,0.08636895085274096
MCF7,4,A133,9,1,80,8,0.0856097936630249,0.672867,0.61658037,0.9176706,True,0.09146429952315369,0.0565540761157943
MCF7,4,A133,0,2,40,1,0.0813534185290336,0.5438662,0.25656995,0.7887293,True,0.08181609920952142,0.047821275842798536
MCF7,4,A133,0,2,40,2,0.0735433101654052,0.5729558,0.54100305,0.9050112,True,0.08416731019551857,0.049878245566442464
MCF7,4,A133,0,2,40,3,0.1789880841970443,1.4301258,0.77955264,0.93369746,False,0.21656751037333127,0.0
MCF7,4,A133,0,2,40,4,0.0833771079778671,0.66585845,0.6843873,0.9138426,True,0.09098815550845957,0.056104719999660574
MCF7,4,A133,0,2,40,5,0.0902061685919761,0.53552485,0.5670967,0.8791744,True,0.08112088137999478,0.04722164905837618
MCF7,4,A133,0,2,40,6,0.0963702350854873,0.5449606,0.75068367,0.9578053,True,0.08190660188392485,0.04789962152397306
MCF7,4,A133,0,2,40,7,0.1408657729625702,0.7773491,0.9321948,0.9858601,False,0.1609500737924812,0.0
MCF7,4,A133,0,2,40,8,0.1055441498756408,0.5418978,0.8647611,0.9737596,False,0.12933307927412566,0.0
MCF7,4,A133,0,2,40,9,0.078513778746128,0.8115365,0.57622856,0.90798306,True,0.09995587822348648,0.06490165128254335
MCF7,4,A133,1,2,40,1,0.1191985458135604,0.6748048,0.017745838,0.64922017,True,0.09159507011690429,0.05667783093998305
MCF7,4,A133,1,2,40,2,0.1084844768047332,0.5215904,0.30544528,0.7322718,False,0.12614779062749082,0.0
MCF7,4,A133,1,2,40,3,0.1223825812339782,0.7351189,0.93199867,0.98658717,True,0.09548437821711776,0.06042640991388583
MCF7,4,A133,1,2,40,4,0.1075029224157333,0.82273936,0.85492414,0.965173,True,0.10057280311725088,0.0655332738810535
MCF7,4,A133,1,2,40,5,0.0961254984140396,0.63353044,0.5279461,0.8447387,True,0.08872535127525961,0.053995712386094644
MCF7,4,A133,1,2,40,6,0.0742128789424896,0.5854223,0.3679161,0.8008084,True,0.08514145495766724,0.05074373247788226
MCF7,4,A133,1,2,40,7,,0.3072611,0.87446254,0.9609616,False,0.08649540998351438,0.0
MCF7,4,A133,1,2,40,8,,0.4000379,0.963205,0.9930159,False,0.10514997286859162,0.0
MCF7,4,A133,1,2,40,9,0.0928875207901001,0.49552283,0.80257845,0.94169873,True,0.07764802728509397,0.04428418115869154
MCF7,4,A133,1,2,40,10,0.0748831406235694,0.40960366,0.84538347,0.9422697,True,0.06931496144873114,0.03761874705199736
MCF7,4,A133,1,2,40,11,0.1152010336518287,0.5974278,0.6510856,0.8636649,False,0.1376296508674758,0.0
MCF7,4,A133,10,2,40,1,0.2132161557674408,1.5621481,0.3220286,0.6860883,False,0.2243705197213229,0.0
MCF7,4,A133,10,2,40,2,0.1453021168708801,1.1618667,-0.14618096,0.59265405,True,0.11566736233207403,0.08210937644650099
MCF7,4,A133,10,2,40,3,0.1221706867218017,0.71610326,0.43448916,0.6614352,True,0.0942948281401913,0.05926586125562047
MCF7,4,A133,10,2,40,4,0.1523555815219879,0.61931574,0.34473366,0.72880614,False,0.1407435169622942,0.0
MCF7,4,A133,10,2,40,5,0.1512559503316879,0.6688348,-0.0782612,0.46345824,False,0.14748686113209047,0.0
MCF7,4,A133,10,2,40,6,0.1332229822874069,0.7303779,0.8951772,0.9662943,False,0.15532969254866233,0.0
MCF7,4,A133,10,2,40,7,0.1275385320186615,0.81398237,0.8132575,0.965321,True,0.10009136599322818,0.06504006919266064
MCF7,4,A133,10,2,40,8,0.1276265829801559,0.73737854,0.85349965,0.9630417,False,0.1561866320278136,0.0
MCF7,4,A133,10,2,40,9,0.1191004067659378,0.6198682,0.8728204,0.93639296,False,0.14082102334004704,0.0
MCF7,4,A133,11,2,40,1,0.1014519929885864,0.47917607,0.8846928,0.9611928,False,0.11921284919110407,0.0
MCF7,4,A133,11,2,40,2,0.1239678487181663,0.48062992,0.91854936,0.98077863,False,0.11945713656792778,0.0
MCF7,4,A133,11,2,40,3,0.0960527881979942,0.437468,0.86561006,0.963899,False,0.11199430109052863,0.0
MCF7,4,A133,11,2,40,4,0.1346979290246963,1.0989218,0.7335763,0.863616,True,0.1133042769452231,0.07936760935373285
MCF7,4,A133,11,2,40,5,0.0949804559350013,0.9635909,0.73732126,0.9257947,True,0.10760523292873697,0.07298302056133574
MCF7,4,A133,11,2,40,6,0.1094034686684608,0.62613547,0.7697852,0.9104809,True,0.08819181804956928,0.05350477316985723
MCF7,4,A133,11,2,40,7,,0.3596801,0.9278126,0.9860207,False,0.09734810180718244,0.0
MCF7,4,A133,11,2,40,8,,0.36762628,0.9601725,0.98645043,False,0.09892064302829863,0.0
MCF7,4,A133,12,2,40,1,0.103850670158863,0.84987175,0.7644083,0.9068324,True,0.10202914047532896,0.06703814973005959
MCF7,4,A133,12,2,40,2,0.0947516933083534,0.66482985,0.692564,0.89339185,True,0.0909178526555133,0.05603853739239459
MCF7,4,A133,12,2,40,3,0.1289387941360473,0.7846147,0.96752137,0.9897716,True,0.09843435198636169,0.06335867235665196
MCF7,4,A133,12,2,40,4,0.1155948489904403,0.7794535,0.8036239,0.932902,True,0.09813618146625012,0.06305875169721832
MCF7,4,A133,12,2,40,5,0.1065784096717834,0.5211751,0.46259147,0.9134512,False,0.12608176192208248,0.0
MCF7,4,A133,12,2,40,6,0.1053636670112609,0.4279231,0.052654102,0.7362175,False,0.11028304031218487,0.0
MCF7,4,A133,12,2,40,7,0.0747128799557685,0.5820464,0.7024785,0.9270338,True,0.08487958129353641,0.05051030057086402
MCF7,4,A133,12,2,40,8,0.1187849640846252,0.68948764,0.8761838,0.97225773,True,0.09257377172115329,0.05760871290477744
MCF7,4,A133,12,2,40,9,0.0958189368247985,0.43351102,0.87888205,0.976655,False,0.11128763792830836,0.0
MCF7,4,A133,12,2,40,10,0.1176563426852226,1.7383627,0.5065305,0.8231471,True,0.13155264053063684,0.1020604866128201
MCF7,4,A133,12,2,40,11,,0.41146272,0.65805244,0.8586379,False,0.10727756306592356,0.0
MCF7,4,A133,13,2,40,1,0.0876918956637382,0.724042,0.7692293,0.9604734,True,0.09479540660254998,0.05975271693504364
MCF7,4,A133,13,2,40,2,0.0974244549870491,0.72889274,0.7774512,0.9195037,True,0.09509846494108125,0.06004853875331796
MCF7,4,A133,13,2,40,3,0.1198437362909317,0.48744616,0.48800868,0.87166774,False,0.1205960872425796,0.0
MCF7,4,A133,13,2,40,4,0.1230272054672241,0.43091476,0.9700017,0.9871907,False,0.11082185753678296,0.0
MCF7,4,A133,13,2,40,5,0.1237161830067634,0.48367062,0.8998078,0.9732323,False,0.11996651127323664,0.0
MCF7,4,A133,13,2,40,6,0.1328377723693847,0.5077215,0.8788437,0.97569966,False,0.12392309322378171,0.0
MCF7,4,A133,13,2,40,7,0.1376190334558487,0.5324319,0.97294724,0.9919497,False,0.12785882309027893,0.0
MCF7,4,A133,13,2,40,8,0.1223555281758308,0.7943089,0.4177736,0.89229816,True,0.0989887009527004,0.06391840785114047
MCF7,4,A133,13,2,40,9,0.1361890733242035,1.1351284,0.79633516,0.93654895,True,0.11468373635963529,0.08096128957885158
MCF7,4,A133,13,2,40,10,0.0941190496087074,0.5984255,0.8338038,0.942669,True,0.08613705939304067,0.05163638328539508
MCF7,4,A133,13,2,40,11,0.118469014763832,0.6068122,0.9552773,0.97717905,False,0.1389751021307904,0.0
MCF7,4,A133,13,2,40,12,0.1386940479278564,1.198737,0.5559562,0.8650108,True,0.11697743140291743,0.08365375641081381
MCF7,4,A133,14,2,40,1,0.1123446077108383,0.7213083,0.59500396,0.89748657,True,0.09462367978757953,0.059585449628690626
MCF7,4,A133,14,2,40,2,0.0932049080729484,0.5503131,0.7271403,0.9259708,True,0.08234688560858713,0.04828170857667777
MCF7,4,A133,14,2,40,3,0.1185372471809387,0.42941344,0.74255586,0.916781,False,0.11055174206281423,0.0
MCF7,4,A133,14,2,40,4,0.1302009671926498,0.5324281,0.9242524,0.98194504,False,0.12785822760624135,0.0
MCF7,4,A133,14,2,40,5,0.1111887618899345,0.46333402,0.91021776,0.9752598,False,0.11651948019359244,0.0
MCF7,4,A133,14,2,40,6,0.1118978559970855,0.7951364,0.68649924,0.92126995,True,0.09903567944485636,0.06396597056903672
MCF7,4,A133,15,2,40,1,0.1262090802192688,0.38806203,0.7419069,0.9532704,False,0.10288216517240228,0.0
MCF7,4,A133,15,2,40,2,0.1069037541747093,0.898315,0.5326092,0.8429748,True,0.10450366522449579,0.06964020447047052
MCF7,4,A133,15,2,40,3,0.1694507300853729,0.4456954,0.91354895,0.9777587,False,0.1134512202224618,0.0
MCF7,4,A133,15,2,40,4,0.1035476550459861,0.72839904,0.58956844,0.87984616,True,0.09506771661118459,0.060018487741254775
MCF7,4,A133,15,2,40,5,,0.3511354,0.8953906,0.9716691,False,0.09563647521928594,0.0
MCF7,4,A133,15,2,40,6,0.2561770975589752,2.8468637,0.7632355,0.90773755,False,0.27233765563360096,0.0
MCF7,4,A133,15,2,40,7,0.1083274707198143,1.1226782,0.5625346,0.81607264,True,0.11421569042620318,0.08041841737214324
MCF7,4,A133,15,2,40,8,0.1288774311542511,1.2635347,0.9007209,0.98114836,True,0.11915845454771215,0.08626396270085043
MCF7,4,A133,2,2,40,1,,0.26635504,0.95519876,0.97628665,False,0.07740219103167148,0.0
MCF7,4,A133,2,2,40,2,,0.21788761,0.9481812,0.9851743,False,0.06583747122610106,0.0
MCF7,4,A133,2,2,40,3,,0.19337814,0.94135475,0.9881844,False,0.059631690186649475,0.0
MCF7,4,A133,2,2,40,4,,0.22351386,0.88493943,0.97950715,False,0.06722694623173293,0.0
MCF7,4,A133,2,2,40,5,0.1356516629457473,0.34801707,0.85310805,0.96807694,False,0.09500642433259393,0.0
MCF7,4,A133,2,2,40,6,0.1237276941537857,0.79738516,0.83488196,0.9546364,True,0.0991630766281925,0.06409505268672851
MCF7,4,A133,2,2,40,7,0.0912796333432197,0.46628785,0.76732755,0.911502,True,0.07495463999105327,0.0420714465307712
MCF7,4,A133,2,2,40,8,0.1000313013792038,0.7481804,0.83113027,0.9712665,True,0.09628291609844748,0.06121249295659055
MCF7,4,A133,3,2,40,1,0.1109654754400253,1.175633,0.82411015,0.90760267,True,0.11616264290987234,0.08269118216080822
MCF7,4,A133,3,2,40,2,0.1108521968126297,0.5781015,0.91680026,0.9761783,False,0.1348084087113535,0.0
MCF7,4,A133,3,2,40,3,0.1253885924816131,1.2524027,0.7234391,0.8829368,True,0.11879424851933514,0.08582466514117502
MCF7,4,A133,3,2,40,4,0.1128355637192726,0.8955748,0.38859004,0.74599874,True,0.10436779177932784,0.06949584388411315
MCF7,4,A133,3,2,40,5,0.1159498840570449,1.0257303,0.49315405,0.73238117,True,0.11033530361342432,0.07600181658465928
MCF7,4,A133,3,2,40,6,,0.21986854,0.925682,0.9798896,False,0.06632814935943834,0.0
MCF7,4,A133,3,2,40,7,0.0985799133777618,0.32193214,0.7942875,0.921193,False,0.08961959841599736,0.0
MCF7,4,A133,4,2,40,1,0.0909682139754295,0.7885943,0.57988405,0.8522183,True,0.09866281418807407,0.06358901810279255
MCF7,4,A133,4,2,40,2,0.0959520563483238,0.6010505,0.90850455,0.97047657,True,0.08633556503511469,0.05181534525784609
MCF7,4,A133,4,2,40,3,0.1115873754024505,0.9495719,0.5878776,0.8432807,True,0.10696026639017002,0.07228034494609308
MCF7,4,A133,4,2,40,4,0.1270277500152588,0.57979107,0.902775,0.9740752,False,0.13505780467539924,0.0
MCF7,4,A133,4,2,40,5,0.1138900443911552,0.5614919,0.93960476,0.9762403,False,0.13232794816290755,0.0
MCF7,4,A133,4,2,40,6,0.1444926410913467,0.69527775,0.83734477,0.9688938,False,0.1509264260679408,0.0
MCF7,4,A133,4,2,40,7,0.0781019926071167,0.32034424,0.8461203,0.9433998,False,0.08928480675615322,0.0
MCF7,4,A133,4,2,40,8,0.0840069726109504,0.45969737,0.952484,0.9929035,True,0.07432813074309677,0.04156481777951378
MCF7,4,A133,5,2,40,1,0.1193536892533302,0.6945575,0.2887013,0.63660866,True,0.0929068003448891,0.05792736137579607
MCF7,4,A133,5,2,40,2,0.1156632527709007,0.54651654,0.6746343,0.8972676,False,0.1300458685815284,0.0
MCF7,4,A133,5,2,40,3,0.0924262329936027,0.689263,0.4831267,0.84511185,True,0.09255895790745798,0.05759456111237492
MCF7,4,A133,5,2,40,4,0.1397857069969177,1.1296641,0.48951992,0.7451634,True,0.11447911397782273,0.0807236829327323
MCF7,4,A133,5,2,40,5,0.1146444529294967,0.60479546,0.55679196,0.8764812,False,0.1386872874627898,0.0
MCF7,4,A133,5,2,40,6,0.1026578471064567,1.0947151,0.545369,0.8697871,True,0.11314032288132074,0.07917946170418204
MCF7,4,A133,5,2,40,7,0.080562449991703,0.97811234,0.45459524,0.8096945,True,0.10826171272755565,0.07370234150811024
MCF7,4,A133,6,2,40,1,0.1386603564023971,2.023048,0.6996594,0.8914947,True,0.1368842245126003,0.1093843309321032
MCF7,4,A133,6,2,40,2,,0.3761107,0.8274343,0.9683091,False,0.10057965365722395,0.0
MCF7,4,A133,6,2,40,3,0.1091379448771476,0.5337236,0.68111086,0.9332137,False,0.12806106967383168,0.0
MCF7,4,A133,6,2,40,4,0.0826954096555709,0.5503824,0.90965486,0.9777034,True,0.08235256063590295,0.04828664373071008
MCF7,4,A133,7,2,40,1,0.1471524685621261,0.7141296,0.7789973,0.94507414,False,0.15331378257513315,0.0
MCF7,4,A133,7,2,40,2,0.2214436531066894,1.6315063,0.9149878,0.9803214,False,0.22815613947038624,0.0
MCF7,4,A133,7,2,40,3,0.1664167791604995,1.0833833,0.70436186,0.85062516,False,0.1913642364321534,0.0
MCF7,4,A133,7,2,40,4,,0.3010951,0.8709016,0.9739208,False,0.08516133586238239,0.0
MCF7,4,A133,7,2,40,5,0.1552503854036331,0.6895615,0.83400977,0.95955306,False,0.150192006624204,0.0
MCF7,4,A133,7,2,40,6,0.1762675493955612,2.0341544,0.23485842,0.7020228,True,0.13706943349737638,0.10964471499816492
MCF7,4,A133,7,2,40,7,0.1675372570753097,1.9675666,0.50296396,0.6765798,True,0.13593562413682486,0.10805704945641481
MCF7,4,A133,7,2,40,8,0.1782295405864715,1.0334071,0.58159506,0.8474994,False,0.1870229590523216,0.0
MCF7,4,A133,8,2,40,1,0.0882691591978073,0.4970167,0.6860606,0.93418044,True,0.07778201735379008,0.04439574165183756
MCF7,4,A133,8,2,40,2,,0.30635917,0.8207811,0.9535303,False,0.08630105498474819,0.0
MCF7,4,A133,8,2,40,3,,6.283313,0.62135977,0.8695192,False,0.3174735431526834,0.0
MCF7,4,A133,8,2,40,4,0.3384941518306732,3.5774658,0.84728056,0.96873355,False,0.28760617160700575,0.0
MCF7,4,A133,8,2,40,5,0.1126698777079582,1.0134534,0.8600724,0.96100676,True,0.10981194346948157,0.07541749923825629
MCF7,4,A133,8,2,40,6,0.1121185719966888,0.7476845,0.925145,0.98650146,True,0.09625286798970548,0.06118281104732895
MCF7,4,A133,8,2,40,7,0.1077547743916511,0.6452395,0.5714195,0.8365557,True,0.08955782336205814,0.05476653549268609
MCF7,4,A133,8,2,40,8,0.0949137881398201,0.54103845,0.85212314,0.96588874,True,0.08158149485743407,0.04761849337128274
MCF7,4,A133,9,2,40,1,0.1858092546463012,0.65193146,0.88824904,0.9714439,False,0.145230466934748,0.0
MCF7,4,A133,9,2,40,2,0.1801839917898178,0.69080806,0.9258925,0.9822277,False,0.15035258708194232,0.0
MCF7,4,A133,9,2,40,3,0.0824077650904655,0.7384169,0.386459,0.78441,True,0.09568740969778165,0.060625738891604455
MCF7,4,A133,9,2,40,4,0.0806199312210083,0.67369336,0.5210867,0.8081303,True,0.09152011193244454,0.056606876203542336
MCF7,4,A133,9,2,40,5,0.1417402923107147,0.57367426,0.9068013,0.96748096,False,0.1341523675172777,0.0
MCF7,4,A133,9,2,40,6,0.0985631644725799,1.0201142,-0.11922081,0.5587784,True,0.11009683731156412,0.07573524366682809
MCF7,4,A133,9,2,40,7,0.1057279556989669,0.92948246,0.6067254,0.86488324,True,0.10601625219404533,0.07125902880539946
MCF7,4,A133,9,2,40,8,0.1165711507201194,1.0358948,0.866949,0.9788029,True,0.11076289682992213,0.07648120163724817
MCF7,4,A133,9,2,40,9,0.1059855967760086,1.1531914,0.8679836,0.9720926,True,0.11535139273135964,0.08173950926648413
MCF7,6,A133,0,1,80,1,0.1391353607177734,0.99146944,0.85909057,0.9544794,True,0.10885539459008853,0.07435643211009926
MCF7,6,A133,0,1,80,2,0.1000872105360031,0.5374396,0.52390605,0.75953245,True,0.08128132077799716,0.04735968261491663
MCF7,6,A133,1,1,80,1,0.1123013645410537,0.4235631,0.7830158,0.9440454,False,0.10949372093165383,0.0
MCF7,6,A133,1,1,80,2,0.0962411165237426,0.61706656,0.6849586,0.91540414,True,0.08752911278659668,0.05289831283526515
MCF7,6,A133,1,1,80,3,0.1067178174853324,0.98296595,0.72347164,0.89505816,True,0.1084785536611977,0.07394085177539082
MCF7,6,A133,10,1,80,1,0.0987670868635177,0.8910428,0.66589755,0.9241209,True,0.10414202148781104,0.069256354477027
MCF7,6,A133,10,1,80,2,0.1145804226398468,1.3152965,0.6498888,0.88234574,True,0.12079817032394029,0.08825890379162117
MCF7,6,A133,10,1,80,3,0.0860630199313163,0.6392473,0.86666363,0.96068114,True,0.08913366642206075,0.054373055474019216
MCF7,6,A133,10,1,80,4,0.0883791297674179,0.41254166,0.70728695,0.94188476,True,0.06962184775266526,0.03785486261919023
MCF7,6,A133,11,1,80,1,0.0970714390277862,0.42912513,0.8692274,0.95827854,False,0.11049980475817396,0.0
MCF7,6,A133,11,1,80,2,0.1061261221766471,1.0755996,0.5143827,0.9113388,True,0.11238532494349474,0.07831651022741198
MCF7,6,A133,11,1,80,3,0.0813782587647438,0.74418414,0.60402,0.89818716,True,0.09604016904085207,0.060972933669736704
MCF7,6,A133,11,1,80,4,0.1057823151350021,0.554278,0.9543132,0.99307466,True,0.08267053702182231,0.04856358197104771
MCF7,6,A133,11,1,80,5,0.1030138134956359,0.5532345,0.62089705,0.8691119,True,0.08258556122128671,0.04848949280307341
MCF7,6,A133,11,1,80,6,0.1203730851411819,1.1087925,0.9281742,0.9776745,True,0.11368592998955805,0.07980662084225686
MCF7,6,A133,11,1,80,7,0.1283221095800399,1.0025681,0.7115733,0.95805526,True,0.10934146254730814,0.07489449966541262
MCF7,6,A133,12,1,80,1,0.0859748348593711,0.6782756,0.505079,0.83031464,True,0.09182835088699141,0.05689896231472584
MCF7,6,A133,12,1,80,2,0.1022937670350074,0.7084289,0.629197,0.8242609,True,0.0938054203489495,0.058791995440493086
MCF7,6,A133,12,1,80,3,0.0900494381785392,0.5030715,0.48075196,0.7881833,True,0.07832158337480845,0.04484641761516442
MCF7,6,A133,12,1,80,4,0.0755077451467514,0.581033,-0.08803035,0.62098837,True,0.08480069347437644,0.05044009150607623
MCF7,6,A133,12,1,80,5,0.0849289521574974,0.6464554,0.90164834,0.9685508,True,0.08964341771339383,0.054846124608857974
MCF7,6,A133,13,1,80,1,0.0889235511422157,0.34176725,0.57320434,0.7726189,False,0.09373484708320315,0.0
MCF7,6,A133,13,1,80,2,,0.25858805,0.8399414,0.95360774,False,0.0756088558126704,0.0
MCF7,6,A133,13,1,80,3,0.1317571848630905,0.8355335,0.5435915,0.8913014,True,0.1012660922414112,0.06624723726197299
MCF7,6,A133,13,1,80,4,0.1480855047702789,1.7006184,0.049982373,0.50402015,True,0.1307494320006979,0.10098548145467959
MCF7,6,A133,13,1,80,5,0.1863639950752258,1.8991709,0.4342081,0.76651835,True,0.13470973162924174,0.10635742698496758
MCF7,6,A133,13,1,80,6,0.0658534690737724,0.8588954,0.6797191,0.89385456,True,0.10250199761789072,0.067530973145284
MCF7,6,A133,13,1,80,7,0.0670221969485282,0.705882,0.4493182,0.84293956,True,0.09364178920085006,0.05863402823552599
MCF7,6,A133,14,1,80,1,0.1419427692890167,1.1229753,0.88209134,0.9477656,True,0.11422693534379187,0.08043143416243835
MCF7,6,A133,14,1,80,2,0.1264978200197219,0.6044121,0.9683656,0.99291676,False,0.13863249522987267,0.0
MCF7,6,A133,14,1,80,3,0.088880568742752,0.40223265,0.81749207,0.96166545,False,0.10556138113029961,0.0
MCF7,6,A133,14,1,80,4,0.0924331098794937,0.4542493,0.8778555,0.96984386,True,0.07380465305994117,0.041143824068430146
MCF7,6,A133,14,1,80,5,,0.22961225,0.91962874,0.981996,False,0.06871866151300948,0.0
MCF7,6,A133,14,1,80,6,,0.2821751,0.72562885,0.8896019,False,0.08098771907206746,0.0
MCF7,6,A133,14,1,80,7,0.1018305644392967,0.41272208,0.74903095,0.94473654,False,0.10750998203411673,0.0
MCF7,6,A133,14,1,80,8,0.1483330726623535,0.41131204,0.9105905,0.9787027,False,0.10724972680031837,0.0
MCF7,6,A133,14,1,80,9,0.091049812734127,0.38918602,0.6981292,0.90777075,False,0.10309667193454769,0.0
MCF7,6,A133,14,1,80,10,0.1095343753695488,0.44418254,0.4974141,0.7895908,False,0.11318456648838865,0.0
MCF7,6,A133,15,1,80,1,0.1480740010738372,0.8356858,-0.06636607,0.486174,False,0.16752996313421395,0.0
MCF7,6,A133,15,1,80,2,0.1409461945295334,0.4944342,0.90688515,0.97574663,False,0.12175295881210428,0.0
MCF7,6,A133,15,1,80,3,0.1302615106105804,0.5047207,0.7649195,0.9410075,False,0.12343634110968235,0.0
MCF7,6,A133,15,1,80,4,0.1322728395462036,0.7206786,0.7973726,0.9503182,False,0.15413089045217393,0.0
MCF7,6,A133,15,1,80,5,0.1108506992459297,0.8494123,0.5003685,0.83263326,True,0.10200491365257945,0.06701295564568356
MCF7,6,A133,15,1,80,6,0.1123043745756149,0.86506045,0.39561045,0.77223575,True,0.10282185210353549,0.06786550851257749
MCF7,6,A133,2,1,80,1,0.1054581329226493,0.89013976,0.7928668,0.8880893,True,0.1040968776212844,0.06920852476864257
MCF7,6,A133,2,1,80,2,0.1103927567601203,0.90332645,0.41581962,0.7581059,True,0.10475093114425044,0.06990336087170931
MCF7,6,A133,2,1,80,3,0.1109939590096473,0.7939622,0.683921,0.92096686,True,0.0989690024040916,0.06389847027732831
MCF7,6,A133,2,1,80,4,0.1306316256523132,0.8355571,0.6279313,0.9190926,True,0.10126736015707292,0.06624854702990592
MCF7,6,A133,3,1,80,1,0.1790008395910263,1.8439529,0.8549541,0.9652651,True,0.1336712742306684,0.10493136479334636
MCF7,6,A133,3,1,80,2,0.1163850575685501,0.82564557,0.5668559,0.82143074,True,0.10073132930198117,0.06569613874155592
MCF7,6,A133,3,1,80,3,0.1334482729434967,0.7378773,0.9316376,0.99118876,False,0.15624742114992812,0.0
MCF7,6,A133,3,1,80,4,0.1290368735790252,0.7806244,0.82734966,0.95178235,True,0.09820401285157095,0.06312691084014081
MCF7,6,A133,3,1,80,5,0.0963196381926536,0.5168677,0.6373505,0.86906743,True,0.07953037003971604,0.04586442450960425
MCF7,6,A133,4,1,80,1,0.0845011845231056,0.47426793,0.76566416,0.937247,True,0.07570354885908381,0.042681036933269426
MCF7,6,A133,4,1,80,2,0.0893867313861846,0.6169311,0.5696063,0.76747215,True,0.08751914307023125,0.05288921743443094
MCF7,6,A133,4,1,80,3,0.0910317376255989,0.54063416,0.48013985,0.869058,True,0.08154786303093031,0.047589459797222455
MCF7,6,A133,4,1,80,4,0.0934873521327972,0.6176648,0.35809955,0.72903144,True,0.08757311745419673,0.05293846838237461
MCF7,6,A133,4,1,80,5,0.106457807123661,0.5529409,0.46711177,0.8059976,True,0.08256162612008838,0.04846863472242019
MCF7,6,A133,5,1,80,1,,0.30001083,0.7627481,0.9070277,False,0.08492543515195178,0.0
MCF7,6,A133,5,1,80,2,,0.26517445,0.87771636,0.9721743,False,0.07713102141763929,0.0
MCF7,6,A133,5,1,80,3,0.1182320639491081,0.49215597,0.18572316,0.70542645,False,0.12137698779571951,0.0
MCF7,6,A133,5,1,80,4,0.1362286061048507,0.6912908,0.5774019,0.853125,False,0.1504147095224547,0.0
MCF7,6,A133,5,1,80,5,0.0973961949348449,0.79739106,0.38560426,0.8055066,True,0.09916341036090014,0.06409539102648411
MCF7,6,A133,5,1,80,6,0.0869372114539146,0.6552751,0.63045996,0.81283617,True,0.09025957000855157,0.05542088926978832
MCF7,6,A133,6,1,80,1,0.0531288720667362,0.51612335,0.8204584,0.90072,True,0.07946587255533759,0.04580981348960063
MCF7,6,A133,6,1,80,2,0.0684915110468864,0.3772106,0.18063672,0.6390898,True,0.06581670070309117,0.03497652641845436
MCF7,6,A133,6,1,80,3,0.0803058296442031,0.5301908,0.058679614,0.6565883,True,0.08067122433731819,0.046835890723104345
MCF7,6,A133,6,1,80,4,0.0357532911002635,0.6212051,0.68007505,0.90914774,True,0.08783269315450051,0.053175669575175055
MCF7,6,A133,6,1,80,5,0.0431304983794689,0.66918737,0.3947269,0.7541426,True,0.09121493791507371,0.05631850056283663
MCF7,6,A133,6,1,80,6,0.0508467778563499,0.6810123,0.21410465,0.6720252,True,0.09201144293935366,0.05707284775857875
MCF7,6,A133,7,1,80,1,0.1256034672260284,0.48725864,0.7886257,0.93328774,False,0.12056489348752412,0.0
MCF7,6,A133,7,1,80,2,0.123560793697834,0.50216603,0.63215643,0.90254986,False,0.12302042207677936,0.0
MCF7,6,A133,7,1,80,3,0.0910232290625572,0.69551176,0.618221,0.9018566,True,0.09296920622143948,0.057987179760808166
MCF7,6,A133,7,1,80,4,0.100330039858818,0.8423379,0.71955395,0.88563085,True,0.1016300160734882,0.06662378101769686
MCF7,6,A133,7,1,80,5,0.1815476417541504,0.89480907,0.85612106,0.9746357,False,0.17378518130061515,0.0
MCF7,6,A133,7,1,80,6,0.132858395576477,0.8574234,0.5256671,0.83158135,True,0.1024252444403232,0.06745083830957646
MCF7,6,A133,7,1,80,7,0.13136588037014,0.7897217,0.42588204,0.81659967,False,0.16238143930422258,0.0
MCF7,6,A133,7,1,80,8,0.1040839329361915,1.1399968,0.6597397,0.8457565,True,0.11486500054727844,0.08117212548954553
MCF7,6,A133,7,1,80,9,0.1012994274497032,0.88329196,0.85093963,0.9264382,True,0.10375283591424561,0.0688446413669721
MCF7,6,A133,8,1,80,1,0.0992587730288505,0.37810594,0.2018955,0.6623398,False,0.10096682837024851,0.0
MCF7,6,A133,8,1,80,2,0.1063540503382682,0.619836,0.16248076,0.57408595,True,0.08773247998655397,0.05308402736357283
MCF7,6,A133,8,1,80,3,0.1083941534161567,0.59508264,0.82711816,0.943844,True,0.08588307136315365,0.05140787897908064
MCF7,6,A133,8,1,80,4,0.0962332561612129,0.5848771,0.8242359,0.9467956,True,0.08509925872902327,0.050706080877435805
MCF7,6,A133,9,1,80,1,0.0874705985188484,0.48973337,0.6318779,0.8625488,True,0.07712547733837335,0.04385045284435457
MCF7,6,A133,9,1,80,2,0.1074548438191413,0.6479119,0.842391,0.95257777,True,0.08974574066074181,0.05494135043921322
MCF7,6,A133,9,1,80,3,0.1180491596460342,0.8815098,0.7669203,0.9277859,True,0.10366279850308681,0.06874959414031052
MCF7,6,A133,0,2,40,1,0.0857388824224472,1.14015,0.537489,0.8572228,True,0.11487068874795758,0.08117874703925357
MCF7,6,A133,0,2,40,2,0.1063997149467468,1.2595108,0.6897578,0.8550071,True,0.11902729064072166,0.08610559670816816
MCF7,6,A133,0,2,40,3,0.0699847936630249,0.49722916,0.7402954,0.93028057,True,0.07780104561334186,0.04441159609075103
MCF7,6,A133,0,2,40,4,0.0532171502709388,0.56523806,0.75157744,0.9279354,True,0.08355434622964852,0.04933764726046633
MCF7,6,A133,0,2,40,5,0.0686719417572021,0.67512834,0.92595434,0.9884242,True,0.0916168670725061,0.05669847282557
MCF7,6,A133,0,2,40,6,,0.388018,0.9676714,0.994755,False,0.10287375523948535,0.0
MCF7,6,A133,1,2,40,1,0.1359069198369979,1.4088259,0.7757429,0.91003144,True,0.12355345989845648,0.09167501767644837
MCF7,6,A133,1,2,40,2,0.1308406591415405,1.1858065,0.7339108,0.92545694,True,0.11652392898517724,0.08311716092831695
MCF7,6,A133,1,2,40,3,0.126260295510292,0.7954963,0.8770646,0.96647745,True,0.09905609493260627,0.06398664617468537
MCF7,6,A133,1,2,40,4,0.1910727024078369,1.3463179,0.7035603,0.8597044,False,0.21115850806065115,0.0
MCF7,6,A133,1,2,40,5,0.1519114375114441,0.6572854,0.8745865,0.9626924,False,0.145950134599629,0.0
MCF7,6,A133,1,2,40,6,,0.22301361,0.8803886,0.97308445,False,0.06710392084680071,0.0
MCF7,6,A133,1,2,40,7,0.0886823311448097,0.47110996,0.60694546,0.9233816,True,0.07540843950716518,0.042440307353334636
MCF7,6,A133,1,2,40,8,0.119140513241291,0.9664031,0.7916599,0.94106555,True,0.10773327812516872,0.07312299737602429
MCF7,6,A133,1,2,40,9,0.0974354445934295,0.6286768,0.8730012,0.9739292,True,0.08837585799065331,0.05367384910899961
MCF7,6,A133,1,2,40,10,0.1307878941297531,0.8968965,0.95106167,0.9910472,True,0.1044333880853017,0.06956551591394128
MCF7,6,A133,10,2,40,1,,0.3669709,0.9708707,0.9935385,False,0.09879163572538376,0.0
MCF7,6,A133,10,2,40,2,0.1151720657944679,0.42522192,0.8613298,0.9560174,False,0.10979459715298232,0.0
MCF7,6,A133,10,2,40,3,,0.42192724,0.860363,0.95647615,False,0.10919632169083418,0.0
MCF7,6,A133,10,2,40,4,0.0750190541148185,0.47226256,0.3694146,0.7868535,True,0.07551633877964478,0.0425282456591526
MCF7,6,A133,10,2,40,5,,0.2884122,0.770488,0.93333244,False,0.0823771224767974,0.0
MCF7,6,A133,10,2,40,6,0.0945832058787345,0.34646082,0.74222493,0.9638675,False,0.09469089621189276,0.0
MCF7,6,A133,11,2,40,1,0.1336896121501922,0.536723,0.8893052,0.9736507,False,0.12852938623291252,0.0
MCF7,6,A133,11,2,40,2,,0.41755348,0.9533237,0.9905214,False,0.1083978014289803,0.0
MCF7,6,A133,11,2,40,3,0.1217436715960502,0.5383953,0.52326703,0.8667317,False,0.12878970080056798,0.0
MCF7,6,A133,11,2,40,4,0.1608857810497284,1.0770411,0.9315935,0.9862314,False,0.19082488295489197,0.0
MCF7,6,A133,11,2,40,5,0.1257946044206619,0.47435892,0.6569625,0.689458,False,0.11839999079735618,0.0
MCF7,6,A133,11,2,40,6,0.1301110088825225,0.5832756,0.95029193,0.9798345,False,0.13557047225385144,0.0
MCF7,6,A133,12,2,40,1,0.1128361076116561,0.44020557,0.58696795,0.8498447,False,0.11248092156732875,0.0
MCF7,6,A133,12,2,40,2,0.0854185000061988,0.45900166,0.9672973,0.99394906,True,0.07426156602312586,0.04151116783380476
MCF7,6,A133,12,2,40,3,0.1035372614860534,0.6652811,0.49627414,0.83975446,True,0.09094870811707757,0.05606757928328983
MCF7,6,A133,12,2,40,4,0.1326151192188263,0.4503277,0.838311,0.97303975,False,0.11426424083329582,0.0
MCF7,6,A133,12,2,40,5,0.1233276352286338,0.94639117,0.7651853,0.90242404,True,0.10681237015339608,0.07211977664626289
MCF7,6,A133,12,2,40,6,0.0813285857439041,0.58700776,0.57427025,0.7758684,True,0.08526395424076907,0.05085312163288638
MCF7,6,A133,12,2,40,7,0.0763960555195808,0.58107144,0.6195369,0.86763036,True,0.08480368816538351,0.05044275580301806
MCF7,6,A133,13,2,40,1,0.0991556122899055,0.68129253,0.8048868,0.94524765,True,0.09203014902139699,0.05709062952628384
MCF7,6,A133,13,2,40,2,0.1244359016418457,0.7221884,0.12708504,0.8058723,True,0.09467904017071421,0.059639344043231235
MCF7,6,A133,13,2,40,3,0.0860181972384452,0.55022883,0.27539116,0.6337946,True,0.08233998380523809,0.04827570693765694
MCF7,6,A133,13,2,40,4,0.0904765650629997,1.0418075,0.9575644,0.989611,True,0.1110092857362527,0.07675824866647625
MCF7,6,A133,13,2,40,5,0.1163591369986534,0.7543769,0.7192458,0.8846188,True,0.09665661116976688,0.061582304994712914
MCF7,6,A133,13,2,40,6,0.0822556987404823,0.6317937,0.040611684,0.42281374,True,0.08860059533864054,0.05388070091835567
MCF7,6,A133,13,2,40,7,0.1752291321754455,1.1352968,0.82816774,0.94299227,False,0.19565861869881512,0.0
MCF7,6,A133,14,2,40,1,0.1378504037857055,1.4070665,0.2655172,0.75835204,True,0.12350392478840012,0.09161288731463067
MCF7,6,A133,14,2,40,2,0.1103090420365333,0.92127746,0.10482891,0.24989608,True,0.10562381869083153,0.07083695407022507
MCF7,6,A133,14,2,40,3,0.1526836603879928,1.7451278,0.5710522,0.7808988,True,0.13169394529054138,0.10225036520749811
MCF7,6,A133,14,2,40,4,,0.40773377,0.9720569,0.99488664,False,0.10658693465881691,0.0
MCF7,6,A133,14,2,40,5,0.1444871723651886,0.8416948,0.1697032,0.4992365,False,0.16818404786721447,0.0
MCF7,6,A133,14,2,40,6,0.1406516432762146,0.47441235,0.12290636,0.41888672,False,0.11840903584400932,0.0
MCF7,6,A133,14,2,40,7,0.093983881175518,0.49361157,0.950515,0.97532696,True,0.07747609645747174,0.044141237934226904
MCF7,6,A133,14,2,40,8,,0.33574635,0.75672495,0.90425843,False,0.09249859211668444,0.0
MCF7,6,A133,14,2,40,9,,0.32889938,0.93815196,0.98588175,False,0.09107910927010893,0.0
MCF7,6,A133,15,2,40,1,0.1121361255645752,0.6405013,0.9060167,0.9784928,True,0.08922275270364641,0.054455571964551086
MCF7,6,A133,15,2,40,2,0.1047843322157859,0.6597046,0.9146055,0.9765248,True,0.09056592463150694,0.055707871801906575
MCF7,6,A133,15,2,40,3,0.0953201577067375,0.5022332,0.8272517,0.96520615,True,0.07824721308139246,0.04478416287275369
MCF7,6,A133,15,2,40,4,,0.43832946,0.92378265,0.97703755,False,0.11214763082166168,0.0
MCF7,6,A133,15,2,40,5,0.1220961138606071,0.356492,-0.008391175,0.2882712,False,0.09671200125028381,0.0
MCF7,6,A133,15,2,40,6,0.1099596172571182,0.6328421,0.09328934,0.42842624,True,0.08867594540690113,0.053950149792383606
MCF7,6,A133,15,2,40,7,,0.30848897,0.9101047,0.9765438,False,0.08675957043795332,0.0
MCF7,6,A133,15,2,40,8,0.0923696085810661,0.49572763,0.9781593,0.985169,True,0.07766641685951953,0.04429948400439644
MCF7,6,A133,15,2,40,9,0.1243588179349899,0.59557956,0.48535785,0.67433524,False,0.13736280131339862,0.0
MCF7,6,A133,15,2,40,10,0.124288372695446,0.7640515,0.42441323,0.60854995,True,0.0972335830969499,0.06215572724914825
MCF7,6,A133,2,2,40,1,0.1014096662402153,0.4646784,0.3636219,0.77670157,False,0.11675030586919286,0.0
MCF7,6,A133,2,2,40,2,0.1114163547754287,0.44509855,0.16553263,0.63769907,False,0.11334608729626088,0.0
MCF7,6,A133,3,2,40,1,0.11923249065876,0.5219404,0.53453803,0.915992,False,0.12620340927936466,0.0
MCF7,6,A133,3,2,40,2,0.1668964326381683,1.5527436,0.77724713,0.9260794,True,0.12733927360129443,0.09650210427935133
MCF7,6,A133,3,2,40,3,0.108070783317089,0.47423342,0.6762144,0.9299115,False,0.11837874260101904,0.0
MCF7,6,A133,3,2,40,4,0.1755288988351822,1.2964811,0.810464,0.9140405,False,0.20775483185992688,0.0
MCF7,6,A133,3,2,40,5,,0.3335031,0.9570209,0.98928356,False,0.09203513722615268,0.0
MCF7,6,A133,3,2,40,6,0.1049955785274505,0.7578935,0.9243332,0.9804983,True,0.09686724092683112,0.061791294416749146
MCF7,6,A133,3,2,40,7,0.1305943429470062,0.5376793,0.8314655,0.95400393,False,0.12867831569300567,0.0
MCF7,6,A133,3,2,40,8,0.1134230196475982,0.52041316,0.9045351,0.9601212,False,0.1259605269925446,0.0
MCF7,6,A133,4,2,40,1,,0.30925176,0.82346135,0.94338024,False,0.08692342539222556,0.0
MCF7,6,A133,4,2,40,2,0.0962909683585167,0.4268916,0.9317876,0.9878664,False,0.11009673671076345,0.0
MCF7,6,A133,4,2,40,3,0.0921512991189956,0.8974102,0.7558184,0.85144097,True,0.10445885320259636,0.06959257415876179
MCF7,6,A133,4,2,40,4,0.1024633720517158,0.71978605,0.37825006,0.7050516,True,0.09452776056404581,0.05949213417809375
MCF7,6,A133,4,2,40,5,0.0953622683882713,0.60562575,0.7183752,0.80153346,True,0.08667959078254572,0.05212627727232322
MCF7,6,A133,4,2,40,6,0.0904920473694801,0.6722427,0.5801374,0.8394916,True,0.09142208852846342,0.05651416115586769
MCF7,6,A133,4,2,40,7,0.1298047602176666,1.5979215,-0.054090437,0.53134054,True,0.1284284021029316,0.09791989671980034
MCF7,6,A133,4,2,40,8,0.0817615464329719,0.39244384,0.78270066,0.9063653,True,0.06748848993155092,0.0362279609380224
MCF7,6,A133,4,2,40,9,,0.3118466,0.8625014,0.97237307,False,0.0874793964477249,0.0
MCF7,6,A133,4,2,40,10,0.1326891332864761,1.3688722,0.47286928,0.769885,True,0.1224074604795012,0.09024435315569616
MCF7,6,A133,4,2,40,11,,0.3810082,0.9623644,0.99344695,False,0.10152801236082451,0.0
MCF7,6,A133,4,2,40,12,0.101704716682434,0.52666986,0.82975817,0.94739556,True,0.08037220633582129,0.046580262929537763
MCF7,6,A133,5,2,40,1,0.1258200109004974,0.56445765,0.33612135,0.7247724,False,0.1327747128214049,0.0
MCF7,6,A133,5,2,40,2,0.0848117023706436,0.60178983,0.7296763,0.9073743,True,0.08639132560711975,0.0518656749632984
MCF7,6,A133,5,2,40,3,0.1410824954509735,0.7318542,0.5969188,0.8632368,False,0.15551098100521396,0.0
MCF7,6,A133,5,2,40,4,0.1959161609411239,1.2550827,0.37994254,0.80788636,False,0.20481308007018986,0.0
MCF7,6,A133,5,2,40,5,0.1973074227571487,1.2147866,0.65551525,0.86630917,False,0.20184403716367075,0.0
MCF7,6,A133,5,2,40,6,0.1315850168466568,1.0202584,0.95041215,0.98741686,True,0.11010298009253194,0.07574210348687552
MCF7,6,A133,5,2,40,7,0.1887514591217041,1.538276,0.28352013,0.39376506,False,0.22301970628883544,0.0
MCF7,6,A133,5,2,40,8,0.1230096220970153,0.8380094,0.29626274,0.75661254,True,0.10139889357440324,0.06638450252792355
MCF7,6,A133,5,2,40,9,0.104604922235012,0.7113861,0.9169412,0.9499327,True,0.09399465251374295,0.05897496947862921
MCF7,6,A133,6,2,40,1,0.1059106513857841,0.5644691,0.86310476,0.9299628,True,0.08349285186137788,0.04928358252137853
MCF7,6,A133,6,2,40,2,0.0792801678180694,0.75429374,0.29379702,0.72633624,True,0.09665161760011706,0.06157735511456641
MCF7,6,A133,6,2,40,3,,0.3161931,0.9482622,0.9771792,False,0.08840576720847419,0.0
MCF7,6,A133,6,2,40,4,0.1043787226080894,0.9104421,-0.3338588,0.26153034,True,0.10509931669021219,0.07027511250604557
MCF7,6,A133,6,2,40,5,,0.37114087,0.9652243,0.9932761,False,0.09961036327361461,0.0
MCF7,6,A133,6,2,40,6,0.1515021324157714,1.4883592,0.87116456,0.8381407,True,0.12570816147698763,0.09440322179918889
MCF7,6,A133,6,2,40,7,0.1208606883883476,0.4892264,0.8421614,0.91821563,False,0.12089183699671184,0.0
MCF7,6,A133,6,2,40,8,0.0938148945569992,0.7154794,0.6387019,0.79247844,True,0.0942552466092701,0.05922745869165044
MCF7,6,A133,6,2,40,9,0.1136560514569282,1.0893666,0.8002697,0.9133209,True,0.11293073256195792,0.07893933408886343
MCF7,6,A133,7,2,40,1,0.1063692942261695,0.55142814,0.35126305,0.778807,True,0.08243811856443133,0.04836107882540071
MCF7,6,A133,7,2,40,2,0.0938241109251976,0.41604438,0.7203012,0.91863424,False,0.10812113942361043,0.0
MCF7,6,A133,7,2,40,3,0.120691031217575,0.79959804,0.6576937,0.869072,True,0.09928805930820961,0.06422183133381398
MCF7,6,A133,7,2,40,4,0.1008807048201561,0.5709546,0.34881085,0.69865745,True,0.0840091043867501,0.04973842262644301
MCF7,6,A133,7,2,40,5,0.1002590581774711,0.8066683,0.7041033,0.8880161,True,0.09968486669855595,0.0646252805487279
MCF7,6,A133,7,2,40,6,0.1393028795719146,0.6916351,0.6594485,0.8769089,False,0.1504589948506034,0.0
MCF7,6,A133,7,2,40,7,0.1567687690258026,0.95461816,0.74966323,0.95144564,False,0.1797279336031545,0.0
MCF7,6,A133,7,2,40,8,0.1096317544579505,0.53448766,0.87469256,0.97753125,False,0.12818054130197437,0.0
MCF7,6,A133,7,2,40,9,0.0964027270674705,0.8434084,0.9410624,0.98926276,True,0.1016869714253596,0.06668282183369248
MCF7,6,A133,8,2,40,1,0.184170588850975,1.1136205,0.29102668,0.7657688,False,0.19389116636595832,0.0
MCF7,6,A133,8,2,40,2,0.1863858699798584,1.196812,0.25089535,0.63754886,False,0.20048452757905547,0.0
MCF7,6,A133,8,2,40,3,0.1438807249069214,1.2064654,0.73431635,0.84826785,True,0.11724549254944024,0.08397192386687881
MCF7,6,A133,8,2,40,4,0.1382687240839004,1.2174551,0.6366083,0.84919053,True,0.11762288291769864,0.08442110742059501
MCF7,6,A133,8,2,40,5,0.0862969979643821,0.49772763,0.84358066,0.9717177,True,0.07784566209918847,0.04444878194468617
MCF7,6,A133,8,2,40,6,0.1069688200950622,0.47990665,0.8245297,0.9690033,False,0.11933566701656485,0.0
MCF7,6,A133,9,2,40,1,,0.31466818,0.9309022,0.97616005,False,0.08808145812124243,0.0
MCF7,6,A133,9,2,40,2,0.0565033629536628,0.5073025,0.7767294,0.9199374,True,0.07869531640091165,0.04515992831605789
MCF7,6,A133,9,2,40,3,0.0807183384895324,0.45433772,0.81066346,0.95092106,True,0.07381318956278107,0.04115067244858173
MCF7,6,A133,9,2,40,4,0.1127646416425705,1.5783229,0.611399,0.7579626,True,0.12796131449273407,0.09731024757577181
MCF7,6,A133,9,2,40,5,,0.26637468,0.9227425,0.97216296,False,0.07740669786606914,0.0
MCF7,6,A133,9,2,40,6,0.0585869923233985,0.45199612,0.6048248,0.82101214,True,0.07358666405106642,0.04096913253053877
MCF7,6,A133,9,2,40,7,0.092242881655693,0.7359107,0.8766474,0.9682624,True,0.09553321019458387,0.06047431807285526
MCF7,6,A133,9,2,40,8,0.0921845585107803,0.61529994,0.9204922,0.98092574,True,0.08739892576131153,0.052779608461874294
MCF7,6,A133,9,2,40,9,,0.21744376,0.8421646,0.9437214,False,0.06572731021267052,0.0
MCF7,6,A133,9,2,40,10,,0.31450248,0.83796465,0.9555438,False,0.0880461729064216,0.0
MCF7,6,A133,9,2,40,11,0.0947127640247345,1.1667335,0.58139634,0.73143715,True,0.11584330944275857,0.08231577565007815
MCF7,2,control,0,3,0,1,,0.24913555,0.52951354,0.81238043,False,0.07339626384022134,0.0
MCF7,2,control,0,3,0,2,0.0677781701087951,0.4391353,0.933193,0.98339105,True,0.07232538752609591,0.03996550715211816
MCF7,2,control,0,3,0,3,0.0868206620216369,0.5672903,0.9558612,0.99209636,True,0.08371808992006509,0.049481758506228365
MCF7,2,control,1,3,0,1,0.0898897498846054,0.515467,0.9481646,0.98897475,True,0.07940893275303258,0.04576162919255909
MCF7,2,control,1,3,0,2,0.0738292708992958,0.571515,0.799625,0.9445565,True,0.08405345868217964,0.04977760242764115
MCF7,2,control,1,3,0,3,0.0835470482707023,0.63725716,0.9611516,0.9899905,True,0.088991931382113,0.05424191154088878
MCF7,2,control,1,3,0,4,0.0851181223988533,0.6926455,0.9681765,0.9920728,True,0.09278149708511865,0.05780735569001946
MCF7,2,control,1,3,0,5,0.0811187699437141,0.55654347,0.8147813,0.94603086,True,0.08285452243158448,0.048724197281267506
MCF7,2,control,10,3,0,1,0.1537005603313446,0.78440803,0.9627231,0.9865115,False,0.1617691414670444,0.0
MCF7,2,control,10,3,0,2,0.1228820979595184,0.5855774,0.92678916,0.98070014,False,0.13590789273358714,0.0
MCF7,2,control,10,3,0,3,0.1088233441114425,0.36379805,0.6407342,0.8308065,False,0.0981653276304362,0.0
MCF7,2,control,11,3,0,1,0.1516984850168228,0.5027205,0.9483059,0.9835763,False,0.12311081402030517,0.0
MCF7,2,control,11,3,0,2,,0.39371875,0.95376813,0.98429185,False,0.10395820534092692,0.0
MCF7,2,control,12,3,0,1,0.1513178497552871,0.6576915,0.92130804,0.97477204,False,0.14600453220638462,0.0
MCF7,2,control,12,3,0,2,0.1618945449590683,0.48913762,0.93382806,0.9797767,False,0.1208771048037857,0.0
MCF7,2,control,12,3,0,3,0.1298175007104873,0.4968973,0.90695155,0.9763061,False,0.1221581509967317,0.0
MCF7,2,control,12,3,0,4,0.1401015222072601,0.47306442,0.97101337,0.9810261,False,0.1181806472251906,0.0
MCF7,2,control,12,3,0,5,0.1322439312934875,0.4907889,0.9801375,0.9926576,False,0.12115083175089375,0.0
MCF7,2,control,13,3,0,1,0.2098701745271682,0.6555797,0.9592359,0.989095,False,0.14572136249314965,0.0
MCF7,2,control,13,3,0,2,0.1608095616102218,0.5294099,0.8799044,0.97546893,False,0.12738432201857722,0.0
MCF7,2,control,13,3,0,3,,0.34850207,0.95574534,0.9924481,False,0.09510460874561358,0.0
MCF7,2,control,13,3,0,4,0.1649218946695327,0.66213363,0.9802014,0.9949277,False,0.14659782549493328,0.0
MCF7,2,control,13,3,0,5,0.1254840344190597,0.65781754,0.8928793,0.98141766,False,0.1460214100039019,0.0
MCF7,2,control,13,3,0,6,,0.42348823,0.95029736,0.9832707,False,0.10948012449670906,0.0
MCF7,2,control,14,3,0,1,0.176944613456726,1.5718653,0.65241265,0.79540855,False,0.22491319059361314,0.0
MCF7,2,control,2,3,0,1,0.1142330542206764,0.50462073,0.91940343,0.9704895,False,0.12342009181277196,0.0
MCF7,2,control,2,3,0,2,0.1539755314588546,0.7057143,0.9106219,0.9669313,False,0.15225460817207198,0.0
MCF7,2,control,3,3,0,1,,0.4349118,0.872836,0.96389496,False,0.11153824395339142,0.0
MCF7,2,control,3,3,0,2,,0.30003303,0.7295668,0.9096892,False,0.08493026907170195,0.0
MCF7,2,control,3,3,0,3,0.0918763130903244,0.43382686,0.94512165,0.9860376,False,0.11134418592214125,0.0
MCF7,2,control,3,3,0,4,,0.41684985,0.93765026,0.986366,False,0.10826887887943809,0.0
MCF7,2,control,3,3,0,5,,0.42967093,0.87926215,0.98652405,False,0.11059810962233108,0.0
MCF7,2,control,3,3,0,6,0.1155558675527572,0.48811457,0.91701233,0.98781693,False,0.12070721259049295,0.0
MCF7,2,control,3,3,0,7,0.1057925596833229,0.5171388,0.9775672,0.9906343,False,0.12543814606811188,0.0
MCF7,2,control,4,3,0,1,0.086866982281208,0.46697053,0.9319681,0.977273,True,0.07501912056918059,0.04212376098550205
MCF7,2,control,4,3,0,2,,0.23836003,0.83669186,0.9421185,False,0.07083278603557643,0.0
MCF7,2,control,5,3,0,1,,0.32688236,0.9024345,0.98487395,False,0.09065815637190323,0.0
MCF7,2,control,5,3,0,2,,0.2749193,0.9666073,0.9853434,False,0.07935427944341261,0.0
MCF7,2,control,5,3,0,3,0.1464781761169433,1.0762101,0.95181835,0.9850675,True,0.11240969385707265,0.07834427502112516
MCF7,2,control,5,3,0,4,0.1467709988355636,0.7792018,0.9322654,0.98677766,False,0.16116567687824956,0.0
MCF7,2,control,5,3,0,5,0.1183299124240875,0.5873148,0.93608,0.98092467,False,0.13616192982009617,0.0
MCF7,2,control,6,3,0,1,0.160706415772438,0.4568052,0.95767146,0.98764837,False,0.11539244478259687,0.0
MCF7,2,control,6,3,0,2,0.1924627125263214,0.71482235,0.92857206,0.9700852,False,0.15340051102086466,0.0
MCF7,2,control,6,3,0,3,0.1227554902434349,0.5688524,0.93304235,0.9860715,False,0.13343363798914418,0.0
MCF7,2,control,6,3,0,4,0.1155778542160987,0.6623449,0.9239646,0.98331475,True,0.09074756157312848,0.05587840226867115
MCF7,2,control,7,3,0,1,,0.322286,0.80347955,0.9130823,False,0.08969409643602065,0.0
MCF7,2,control,8,3,0,1,0.252141535282135,1.9540652,0.93844116,0.9647104,False,0.2434259046144276,0.0
MCF7,2,control,8,3,0,2,0.1893301159143448,0.9013529,0.9650714,0.9829564,False,0.17445360469379462,0.0
MCF7,2,control,8,3,0,3,0.1748469322919845,1.0133327,0.8825368,0.96629465,False,0.18521848554886133,0.0
MCF7,2,control,8,3,0,4,0.1019852012395858,0.45687425,0.8668053,0.9684939,False,0.11540441736821141,0.0
MCF7,2,control,9,3,0,1,0.1834648549556732,0.83462185,0.9447396,0.98192894,False,0.16741370479153508,0.0
MCF7,2,control,9,3,0,2,0.1809952408075332,0.5982265,0.94579756,0.98250186,False,0.13774477647567476,0.0
MCF7,2,control,9,3,0,3,0.1501703709363937,0.65814596,0.90289724,0.9729234,False,0.1460653761023547,0.0
MCF7,2,control,9,3,0,4,0.1668747663497924,0.6819575,0.97405934,0.98027796,False,0.1492073135022734,0.0
MCF7,2,control,9,3,0,5,0.1500459611415863,0.71991444,0.9827327,0.9930156,False,0.15403586815632525,0.0
