Metadata_cell,Metadata_hour,Metadata_treatment,Metadata_site,Metadata_dish,Metadata_concentration,ObjectNumber,outer_intensity_mean,inner_intensity_mean,intensity_ratio
A549,6.0,afa,0,1,25.84,1,600.6975,663.597980349345,0.9052129719921215
A549,6.0,afa,0,1,25.84,2,615.5056104833648,860.8495433017591,0.7149978939671779
A549,6.0,afa,0,1,25.84,3,897.7825890707752,1064.401451096892,0.8434623873779842
A549,6.0,afa,0,1,25.84,4,944.7873860811931,985.9557739557739,0.9582451982512276
A549,6.0,afa,0,1,25.84,5,802.9658656145385,645.810851793249,1.243345266473784
A549,6.0,afa,0,1,25.84,6,697.0225938967136,787.2999125874126,0.8853330004902349
A549,6.0,afa,1,1,25.84,1,777.4018574297189,951.313900862069,0.8171875305566826
A549,6.0,afa,1,1,25.84,2,691.6743353783231,723.7263113367175,0.9557125733080029
A549,6.0,afa,1,1,25.84,3,665.3938706015891,731.9941704892966,0.909015259174552
A549,6.0,afa,1,1,25.84,4,662.5540254237288,703.0930538366337,0.9423418732532035
A549,6.0,afa,1,1,25.84,5,680.5491763565891,826.1588510253317,0.8237509959639978
A549,6.0,afa,1,1,25.84,6,599.1666666666666,617.4569729477612,0.97037800675604
A549,6.0,afa,10,1,25.84,1,830.178007518797,935.4809067505721,0.8874344751753954
A549,6.0,afa,10,1,25.84,2,830.2220824265506,1121.188017384106,0.7404842627230168
A549,6.0,afa,11,1,25.84,1,884.171781951443,930.9506133671742,0.9497515434824884
A549,6.0,afa,11,1,25.84,2,1524.1441999027238,2385.8373751783165,0.6388298782471751
A549,6.0,afa,11,1,25.84,3,1351.5559429873306,1710.3390932521088,0.7902268902814042
A549,6.0,afa,11,1,25.84,4,771.2508389261745,863.9185332369942,0.8927356101927743
A549,6.0,afa,12,1,25.84,1,831.1428251789977,825.2538590604026,1.0071359449628021
A549,6.0,afa,12,1,25.84,2,718.2279411764706,723.469118610747,0.9927554925297422
A549,6.0,afa,12,1,25.84,3,3194.1420814690528,9394.20922208281,0.34001181003725534
A549,6.0,afa,12,1,25.84,4,1245.5626994074748,1826.2168583535108,0.6820453407326746
A549,6.0,afa,13,1,25.84,1,1072.219968947483,1122.5485714285714,0.9551657685359312
A549,6.0,afa,13,1,25.84,2,746.6627411575563,818.2245949926362,0.9125400846258797
A549,6.0,afa,13,1,25.84,3,721.1430084745763,714.3298863636363,1.0095377811302602
A549,6.0,afa,13,1,25.84,4,702.425,725.6528167040359,0.9679904547059595
A549,6.0,afa,13,1,25.84,5,825.6905241935484,918.9415591174022,0.8985234327486322
A549,6.0,afa,14,1,25.84,1,1054.6498520710059,1335.877538071066,0.7894809381957739
A549,6.0,afa,14,1,25.84,2,1637.5603634361235,2244.550658632287,0.7295715768936879
A549,6.0,afa,14,1,25.84,3,1579.6835166704468,2354.2425429726995,0.6709943805007372
A549,6.0,afa,14,1,25.84,4,1464.6011412377452,2068.4590384615385,0.7080638842754529
A549,6.0,afa,15,1,25.84,1,1320.713019913008,1390.9968550955414,0.9494723263211794
A549,6.0,afa,15,1,25.84,2,1114.2534733917144,1109.917133905013,1.0039069038167243
A549,6.0,afa,15,1,25.84,3,940.3251670378619,1252.0442688855646,0.7510318847390582
A549,6.0,afa,2,1,25.84,1,701.375,716.0914512922466,0.9794489219698272
A549,6.0,afa,2,1,25.84,2,781.9017857142857,851.2443075117371,0.9185398114436197
A549,6.0,afa,2,1,25.84,3,916.9137432391827,1013.8964350180505,0.9043465501709342
A549,6.0,afa,2,1,25.84,4,943.5178613327076,1032.4752038043478,0.9138406984072255
A549,6.0,afa,2,1,25.84,5,804.2500962031811,837.2798678532902,0.960551097765202
A549,6.0,afa,2,1,25.84,6,1978.481761090326,2001.674837360595,0.9884131648970264
A549,6.0,afa,3,1,25.84,1,834.1464516350645,949.6462247109827,0.8783759993243067
A549,6.0,afa,3,1,25.84,2,843.8127098723976,1003.3613040123457,0.8409859005904169
A549,6.0,afa,3,1,25.84,3,811.2163461538462,880.6402681231381,0.9211665370273705
A549,6.0,afa,4,1,25.84,1,1162.6900612920545,1380.3232142857144,0.8423317446658461
A549,6.0,afa,4,1,25.84,2,950.2980769230769,1021.8639527845037,0.9299653582393086
A549,6.0,afa,4,1,25.84,3,780.3591216909501,905.4347014925373,0.8618612920452353
A549,6.0,afa,5,1,25.84,1,2585.283464039786,6152.319912609239,0.42021278164375403
A549,6.0,afa,6,1,25.84,1,702.6062702640111,791.5227122015915,0.8876640675410784
A549,6.0,afa,6,1,25.84,2,1155.753924904489,1358.8199740034663,0.8505570620214776
A549,6.0,afa,6,1,25.84,3,1080.4906096320162,1335.124528047465,0.8092807726423581
A549,6.0,afa,6,1,25.84,4,741.078125,758.3022214854111,0.9772859738539715
A549,6.0,afa,7,1,25.84,1,861.2720238095238,925.3206958970234,0.9307821900326032
A549,6.0,afa,7,1,25.84,2,908.0367654457638,938.5158227848101,0.9675241944791007
A549,6.0,afa,7,1,25.84,3,675.5379215020802,735.1415372670807,0.9189222581727874
A549,6.0,afa,7,1,25.84,4,798.8852122835943,1017.1265901548672,0.7854334160725819
A549,6.0,afa,8,1,25.84,1,790.3086057201226,936.3036750483559,0.8440729506688166
A549,6.0,afa,8,1,25.84,2,835.6603129042691,990.725622406639,0.843483093608006
A549,6.0,afa,8,1,25.84,3,867.1489978902954,1038.426170532646,0.8350608088445071
A549,6.0,afa,8,1,25.84,4,733.9646226415094,763.6554192229039,0.9611201651503922
A549,6.0,afa,9,1,25.84,1,3142.118038648813,4894.563835470086,0.6419607843049077
A549,6.0,afa,9,1,25.84,2,874.6372779943687,961.711254409171,0.9094593351012655
A549,6.0,afa,9,1,25.84,3,968.6785246533128,,
A549,6.0,afa,9,1,25.84,4,1004.0761303191489,1199.9345956210902,0.83677571592928
A549,6.0,afa,9,1,25.84,5,694.2456896551724,733.1285366419295,0.946963124413546
A549,8.0,afa,0,1,25.84,1,847.5658101436265,1033.465625,0.8201199823589939
A549,8.0,afa,0,1,25.84,2,764.1439614531337,945.0114155251141,0.8086081807049094
A549,8.0,afa,0,1,25.84,3,693.0498188405797,745.7773740310078,0.9292985319393241
A549,8.0,afa,0,1,25.84,4,652.2439024390244,644.839423076923,1.011482671649897
A549,8.0,afa,0,1,25.84,5,832.2798274596182,994.5030537459284,0.8368801124589063
A549,8.0,afa,0,1,25.84,6,927.7450631595779,1566.2192769131,0.5923468551530622
A549,8.0,afa,0,1,25.84,7,698.3053604868913,673.1802869372226,1.0373229490482863
A549,8.0,afa,1,1,25.84,1,1388.5552800466744,1980.643047112462,0.7010628604033523
A549,8.0,afa,1,1,25.84,2,880.4857125486382,1126.8220880681818,0.7813884036104923
A549,8.0,afa,1,1,25.84,3,981.0245931067496,1203.4577448210923,0.8151716147313424
A549,8.0,afa,10,1,25.84,1,738.7730724299065,840.9237704918032,0.8785256147508409
A549,8.0,afa,10,1,25.84,2,683.9116379310345,720.6371376811594,0.949037458896028
A549,8.0,afa,10,1,25.84,3,3119.0066041347627,,
A549,8.0,afa,10,1,25.84,4,1397.8692555147059,1600.5191468253968,0.8733849003227212
A549,8.0,afa,10,1,25.84,5,1596.2872274964839,4070.43817294751,0.39216594373194247
A549,8.0,afa,10,1,25.84,6,910.9047073342737,634.9257224861441,1.4346634182144862
A549,8.0,afa,10,1,25.84,7,772.128125,811.2357036564625,0.9517925820076779
A549,8.0,afa,10,1,25.84,8,672.3266129032259,708.5530303030303,0.9488726801657862
A549,8.0,afa,11,1,25.84,1,1324.7932960893854,1679.4280865314988,0.7888359773864828
A549,8.0,afa,11,1,25.84,2,2856.808875835309,3311.257508833922,0.8627564809483362
A549,8.0,afa,11,1,25.84,3,1167.169829842932,1095.3720898997135,1.0655464390641831
A549,8.0,afa,11,1,25.84,4,1492.3081516095535,1616.964527027027,0.922907167514263
A549,8.0,afa,11,1,25.84,5,791.125,854.8306305398872,0.9254757278647672
A549,8.0,afa,11,1,25.84,6,2459.099429347826,3544.435496300863,0.6937915591676745
A549,8.0,afa,11,1,25.84,7,980.4885983581636,1521.7176884288747,0.6443301578300552
A549,8.0,afa,11,1,25.84,8,876.1547619047619,998.3220580933465,0.8776273696467182
A549,8.0,afa,11,1,25.84,9,2157.7953173676015,6925.490578556263,0.31157291933208153
A549,8.0,afa,12,1,25.84,1,990.4802380474086,1299.4024390243903,0.7622582567961587
A549,8.0,afa,12,1,25.84,2,1119.401059540151,899.2811627906976,1.2447731653428227
A549,8.0,afa,12,1,25.84,3,796.8125,836.3851068773234,0.9526861411663948
A549,8.0,afa,12,1,25.84,4,16169.952474340176,1153.8484059856864,14.01393145794298
A549,8.0,afa,13,1,25.84,1,1358.3001893939395,2390.5426651554403,0.5681974261294428
A549,8.0,afa,13,1,25.84,2,1440.3027058721334,2845.3362012987013,0.5061977228612681
A549,8.0,afa,13,1,25.84,3,960.4017094017094,1094.2007001836548,0.8777198819563101
A549,8.0,afa,13,1,25.84,4,1243.5886479591836,1684.9936887716653,0.73803757025686
A549,8.0,afa,13,1,25.84,5,847.7944444444445,983.3336247086247,0.8621635863368932
A549,8.0,afa,14,1,25.84,1,1000.671245786766,1310.3065476190477,0.7636924715098778
A549,8.0,afa,14,1,25.84,2,894.0055072756669,1385.1227199570815,0.6454341513532953
A549,8.0,afa,14,1,25.84,3,1004.0792634635692,1204.7138422818791,0.8334587254029696
A549,8.0,afa,14,1,25.84,4,901.5662964458804,1285.044727233677,0.7015835926479286
A549,8.0,afa,14,1,25.84,5,1060.0527080525605,1943.8858410942958,0.5453266265141434
A549,8.0,afa,14,1,25.84,6,1017.0671758357676,1571.141919299744,0.6473426514449269
A549,8.0,afa,14,1,25.84,7,824.3423402255639,1034.7602222222222,0.7966505887279174
A549,8.0,afa,15,1,25.84,1,761.3779761904761,925.0469703574543,0.8230695311571762
A549,8.0,afa,15,1,25.84,2,656.5273279352226,670.2530952380953,0.9795215159759958
A549,8.0,afa,15,1,25.84,3,986.8208799448768,2290.2240141187926,0.4308839981859045
A549,8.0,afa,15,1,25.84,4,695.4361921806168,672.6258833922261,1.033912326824761
A549,8.0,afa,15,1,25.84,5,678.3393366887019,679.5220238095238,0.9982595308475926
A549,8.0,afa,15,1,25.84,6,793.3013059701492,915.5400789962825,0.8664845200877004
A549,8.0,afa,15,1,25.84,7,700.0358942065491,670.2312904530744,1.044469132041458
A549,8.0,afa,15,1,25.84,8,682.3455674760022,685.3238559892328,0.9956541881809563
A549,8.0,afa,15,1,25.84,9,701.7662760416666,751.0096442885772,0.9344304449065255
A549,8.0,afa,15,1,25.84,10,1128.4430030792278,2242.2641961651916,0.5032605011528684
A549,8.0,afa,15,1,25.84,11,727.4529334500876,865.0573425624322,0.840930303296728
A549,8.0,afa,15,1,25.84,12,811.8083333333333,985.0194884287454,0.8241545907160578
A549,8.0,afa,15,1,25.84,13,808.6792279411765,979.5555303717135,0.825557309277102
A549,8.0,afa,2,1,25.84,1,1034.263576240552,1175.6567326254826,0.8797326188323945
A549,8.0,afa,2,1,25.84,2,952.7697981366459,1187.6173516687268,0.802253180957574
A549,8.0,afa,2,1,25.84,3,1118.7381526340546,1071.1886189258312,1.0443895060758817
A549,8.0,afa,2,1,25.84,4,1397.8959541500544,1752.8169642857142,0.7975139347876561
A549,8.0,afa,2,1,25.84,5,1962.2780163702505,4031.241341309824,0.4867676852442356
A549,8.0,afa,3,1,25.84,1,852.2650629496403,929.7726888387824,0.9166380914178675
A549,8.0,afa,3,1,25.84,2,1800.7385053619303,853.5473856209151,2.1097112306799217
A549,8.0,afa,3,1,25.84,3,967.4379643387816,1273.360683497537,0.7597517159721957
A549,8.0,afa,3,1,25.84,4,2262.707642180095,3947.6397148058254,0.573179875988605
A549,8.0,afa,3,1,25.84,5,744.3643497757847,734.2198893229166,1.01381665166034
A549,8.0,afa,4,1,25.84,1,803.5768979057592,856.5635080645161,0.9381404768474377
A549,8.0,afa,4,1,25.84,2,2029.7220013689976,6824.614477040816,0.2974119649098617
A549,8.0,afa,4,1,25.84,3,1065.0902024053976,1279.5531825795645,0.83239228889118
A549,8.0,afa,5,1,25.84,1,1137.5390557006092,1670.26108409611,0.6810546366265893
A549,8.0,afa,5,1,25.84,2,1102.7915028825996,1661.284492074928,0.6638185742077348
A549,8.0,afa,5,1,25.84,3,692.9940476190476,721.7477976190477,0.9601609452846895
A549,8.0,afa,5,1,25.84,4,1041.548988243862,1518.1725200688074,0.6860544335215976
A549,8.0,afa,5,1,25.84,5,1210.0716019417475,1683.3222901002507,0.7188591329528948
A549,8.0,afa,5,1,25.84,6,1015.5303093645485,1747.7727506868132,0.5810425348292453
A549,8.0,afa,6,1,25.84,1,1026.0455163043478,1129.4940509518476,0.9084116161919387
A549,8.0,afa,6,1,25.84,2,937.0384316770186,1084.9206046747968,0.863693092046947
A549,8.0,afa,6,1,25.84,3,1087.2153871391076,1212.8143355359764,0.8964400859086457
A549,8.0,afa,6,1,25.84,4,2380.0893776035286,3265.3406663275687,0.7288946608686757
A549,8.0,afa,6,1,25.84,5,2915.6574063299977,4282.810592723004,0.6807813101247205
A549,8.0,afa,6,1,25.84,6,2698.7907009521423,3393.2366803278687,0.7953440785897004
A549,8.0,afa,6,1,25.84,7,1851.6848880597015,2660.988651994498,0.695863504217428
A549,8.0,afa,7,1,25.84,1,776.735486660079,853.331623783032,0.9102387219831568
A549,8.0,afa,7,1,25.84,2,719.129761904762,814.7515746124031,0.8826368482280862
A549,8.0,afa,7,1,25.84,3,868.5120473130842,1169.6300355450237,0.742552790984352
A549,8.0,afa,7,1,25.84,4,737.6348039215686,799.9970809341011,0.9220468692964275
A549,8.0,afa,8,1,25.84,1,739.7871031746032,814.5363418530352,0.9082309347813988
A549,8.0,afa,8,1,25.84,2,740.9283507604563,800.3864160516605,0.9257133003524556
A549,8.0,afa,8,1,25.84,3,949.3329593332112,1362.1780381944445,0.6969228197156548
A549,8.0,afa,8,1,25.84,4,822.8057680217938,910.2409420289855,0.9039428243995562
A549,8.0,afa,8,1,25.84,5,669.9857336956521,693.4034582132565,0.96622785156286
A549,8.0,afa,8,1,25.84,6,773.4847033624313,,
A549,8.0,afa,8,1,25.84,7,804.4659653465346,921.9344989561587,0.8725847294546137
A549,8.0,afa,8,1,25.84,8,788.1611005798394,,
A549,8.0,afa,8,1,25.84,9,732.4616935483871,798.8591767589388,0.9168846210418039
A549,8.0,afa,9,1,25.84,1,1438.9142960462873,1645.4656815245478,0.8744723832302065
A549,8.0,afa,9,1,25.84,2,1143.341557017544,1588.1844278033793,0.7199047774312343
A549,8.0,afa,9,1,25.84,3,806.7290096117603,986.4668,0.8177964120148394
A549,8.0,afa,9,1,25.84,4,801.148202537594,1013.5781840513984,0.7904157914442325
A549,2.0,control,0,3,0.0,1,1362.9501947690596,1411.456507155635,0.9656338596756868
A549,2.0,control,0,3,0.0,2,938.2526899250081,957.6368727598566,0.979758316136069
A549,2.0,control,0,3,0.0,3,1433.1170037629352,1336.1444753577107,1.0725763794212921
A549,2.0,control,0,3,0.0,4,1199.8532973174367,1138.3629303892214,1.0540164874370874
A549,2.0,control,0,3,0.0,5,1578.9327427821522,1378.2112195121952,1.1456391592436757
A549,2.0,control,0,3,0.0,6,1926.2021292435975,2060.5888643067847,0.9347823637257221
A549,2.0,control,10,3,0.0,1,1123.8342795979152,1037.921855921856,1.082773498973826
A549,2.0,control,10,3,0.0,2,1070.3969302652733,1235.2374757595346,0.8665515346408167
A549,2.0,control,10,3,0.0,3,2117.781615164892,1995.8481966403162,1.0610935334309648
A549,2.0,control,11,3,0.0,1,1328.313275862069,1362.538938848921,0.9748809652252831
A549,2.0,control,11,3,0.0,2,1110.0766242937852,1222.7491379310345,0.9078531236358931
A549,2.0,control,11,3,0.0,3,1022.2744080957231,1024.189280063291,0.9981303534367693
A549,2.0,control,11,3,0.0,4,2708.8275909761496,2657.5310412026724,1.0193023332477287
A549,2.0,control,11,3,0.0,5,1003.9442846872753,1048.4666411042945,0.9575357434642593
A549,2.0,control,11,3,0.0,6,964.7479395604396,1062.3377375296911,0.9081367492449415
A549,2.0,control,12,3,0.0,1,1827.1628396739131,1676.7951266195523,1.0896756620216954
A549,2.0,control,13,3,0.0,1,1013.378471017008,1045.2792826876514,0.9694810638658989
A549,2.0,control,13,3,0.0,2,834.7153358416946,813.1191886964449,1.0265596328871192
A549,2.0,control,13,3,0.0,3,1126.930844985211,,
A549,2.0,control,13,3,0.0,4,936.9971636952998,962.2930431131019,0.9737129145858026
A549,2.0,control,13,3,0.0,5,931.8984791625519,1003.002514367816,0.9291088165914715
A549,2.0,control,13,3,0.0,6,849.9509647651007,880.1261910732196,0.9657148865535709
A549,2.0,control,14,3,0.0,1,1211.1153808012693,1279.5302639563106,0.9465312505047733
A549,2.0,control,14,3,0.0,2,2104.305173807599,2276.6356958762885,0.9243047438899272
A549,2.0,control,14,3,0.0,3,1825.941490731205,2040.853757367387,0.8946949207603148
A549,2.0,control,15,3,0.0,1,826.68125,844.335255354201,0.9790912374649154
A549,2.0,control,15,3,0.0,2,818.5358648518429,812.4641712454212,1.0074731832138695
A549,2.0,control,15,3,0.0,3,1238.5458086053413,1344.3303786057693,0.9213105857875955
A549,2.0,control,15,3,0.0,4,837.2752063679245,854.0407407407407,0.9803691632342096
A549,2.0,control,15,3,0.0,5,910.7901896125309,,
A549,2.0,control,15,3,0.0,6,829.9942876344086,892.3315663474692,0.9301411257160583
A549,2.0,control,15,3,0.0,7,2815.204131861575,3406.2842526690392,0.8264736360906124
A549,2.0,control,15,3,0.0,8,1008.1910578386605,1106.8903952205883,0.9108318783791973
A549,2.0,control,16,3,0.0,1,665.9725084459459,664.7696540880503,1.0018094303049163
A549,2.0,control,16,3,0.0,2,962.8697188567878,1023.4673194303153,0.9407918558579306
A549,2.0,control,16,3,0.0,3,701.2066391359593,672.5027272727273,1.04268222372813
A549,2.0,control,16,3,0.0,4,976.6642279189352,881.7847637559809,1.1075993463062497
A549,2.0,control,17,3,0.0,1,694.6575,726.0245468277946,0.9567961621065761
A549,2.0,control,17,3,0.0,2,760.2460782928208,785.177150974026,0.9682478372552261
A549,2.0,control,17,3,0.0,3,750.6507762738853,739.1459615384615,1.0155650106123526
A549,2.0,control,17,3,0.0,4,908.9153846153846,896.0396776574803,1.0143695723291688
A549,2.0,control,18,3,0.0,1,705.4879828797191,687.8603452270621,1.0256267682458684
A549,2.0,control,18,3,0.0,2,1743.0254879568106,1521.3855189340813,1.1456829753302866
A549,2.0,control,18,3,0.0,3,890.4724383440987,928.4984540636042,0.9590456876335298
A549,2.0,control,18,3,0.0,4,1349.111938414942,1273.7259070294785,1.0591854424640503
A549,2.0,control,18,3,0.0,5,5404.277690136168,7480.994353582554,0.722400985043937
A549,2.0,control,19,3,0.0,1,2069.462572008379,2320.2827763496143,0.8919010187474484
A549,2.0,control,19,3,0.0,2,1378.4964207048458,1686.879584078712,0.817187209872903
A549,2.0,control,19,3,0.0,3,2284.201172418592,2279.9728194103195,1.0018545629019235
A549,2.0,control,2,3,0.0,1,1031.0766666666666,1035.2144554093568,0.9960029646793775
A549,2.0,control,3,3,0.0,1,2170.6792260692464,1056.6360770893373,2.05433003200942
A549,2.0,control,3,3,0.0,2,1802.5524391097424,2050.8579842931936,0.878926016776814
A549,2.0,control,3,3,0.0,3,1185.1854388698976,1253.128717472119,0.9457810856499399
A549,2.0,control,3,3,0.0,4,1928.0778997031382,2112.194015017668,0.9128318165824414
A549,2.0,control,4,3,0.0,1,1413.9763074925816,1310.173433048433,1.0792283462828476
A549,2.0,control,4,3,0.0,2,13772.089646124865,6107.849319306931,2.25481817349214
A549,2.0,control,4,3,0.0,3,1040.220653846154,1017.8082740213523,1.0220202374031118
A549,2.0,control,4,3,0.0,4,1837.2391032759579,1987.5462598425197,0.9243755178918597
A549,2.0,control,5,3,0.0,1,1188.9641521197007,1148.599849232456,1.0351421802068124
A549,2.0,control,5,3,0.0,2,1362.4455782312925,836.1490066225166,1.6294291656635012
A549,2.0,control,5,3,0.0,3,1479.0073885658915,1310.203869047619,1.1288375981067549
A549,2.0,control,5,3,0.0,4,893.0304840686274,991.1582558139535,0.9009968678869127
A549,2.0,control,6,3,0.0,1,1567.8437686344664,1747.6204417952315,0.89713059606004
A549,2.0,control,6,3,0.0,2,1493.1566366398959,1317.0104166666667,1.133747021089668
A549,2.0,control,7,3,0.0,1,2444.3901639344263,2153.4106844741236,1.135124935321551
A549,2.0,control,7,3,0.0,2,1373.1735386221294,1261.5676843317972,1.0884660059673654
A549,2.0,control,7,3,0.0,3,1984.3739855570839,1603.0190789473684,1.2378979212525245
A549,2.0,control,7,3,0.0,4,1102.9922983156027,1029.1828621908128,1.071716542158186
A549,2.0,control,8,3,0.0,1,1673.9302242888402,1657.558752417795,1.0098768576662305
A549,2.0,control,8,3,0.0,2,2453.5601442873967,2242.9003759398497,1.0939229270311543
A549,2.0,control,8,3,0.0,3,2259.8971221613156,1924.5880926724137,1.1742237888541147
A549,2.0,control,8,3,0.0,4,980.9058556782335,874.9608071638862,1.1210854790830682
A549,2.0,control,8,3,0.0,5,16546.993742298215,37220.981049771166,0.44456092439293576
A549,2.0,control,9,3,0.0,1,2990.6500494248744,2790.47808908046,1.071733930156168
A549,2.0,control,9,3,0.0,2,3161.158886138614,3162.247589974293,0.9996557183444046
A549,2.0,control,9,3,0.0,3,3751.948661423578,2943.326080432173,1.2747308857035213
A549,2.0,control,9,3,0.0,4,9455.826563841969,2228.4069587628865,4.243312257960022
A549,6.0,vin,0,7,39.29,1,1150.6225661057692,1248.1486128428928,0.9218634337821442
A549,6.0,vin,0,7,39.29,2,1309.7690556387226,1179.8465838509317,1.1101181065115548
A549,6.0,vin,0,7,39.29,3,1312.2987223756907,1121.7847607489598,1.169831119384733
A549,6.0,vin,0,7,39.29,4,9125.898678085461,19282.537389624726,0.473272707511813
A549,6.0,vin,0,7,39.29,5,1915.872389118102,2442.830784574468,0.784283709381794
A549,6.0,vin,1,7,39.29,1,734.1237003780718,745.8277811735941,0.984307260883866
A549,6.0,vin,1,7,39.29,2,1509.3010926822324,1696.0357229206963,0.8898993531121542
A549,6.0,vin,1,7,39.29,3,2302.1794549851193,2576.5923665364585,0.8934977394502591
A549,6.0,vin,10,7,39.29,1,1700.365574471393,2662.1626187961983,0.638715893035971
A549,6.0,vin,10,7,39.29,2,895.4153364969801,,
A549,6.0,vin,10,7,39.29,3,1020.3473366910866,1107.8892671854735,0.9209831405653185
A549,6.0,vin,10,7,39.29,4,1845.8244680851064,2381.6085927960926,0.775032670636296
A549,6.0,vin,10,7,39.29,5,1852.4167572806355,2391.0091792656585,0.7747426372698247
A549,6.0,vin,10,7,39.29,6,1426.470959288152,1613.4022352430557,0.8841384548306748
A549,6.0,vin,10,7,39.29,7,1301.4770896003438,1164.3003025718608,1.1178190770246033
A549,6.0,vin,10,7,39.29,8,774.1672001873828,787.835843373494,0.9826503918283506
A549,6.0,vin,10,7,39.29,9,808.423255975542,855.833455882353,0.9446034744482714
A549,6.0,vin,10,7,39.29,10,760.4095610770578,785.5470157657658,0.9680000634154233
A549,6.0,vin,11,7,39.29,1,662.0025343953657,646.5187007874016,1.0239495525637639
A549,6.0,vin,11,7,39.29,2,616.2584126145173,597.9301181102362,1.0306529039918708
A549,6.0,vin,11,7,39.29,3,846.894001719057,,
A549,6.0,vin,11,7,39.29,4,694.1883614088821,668.5858628107075,1.0382935087657146
A549,6.0,vin,11,7,39.29,5,1348.063607398197,944.1856568364611,1.4277526857535077
A549,6.0,vin,11,7,39.29,6,814.0420186749667,942.8638639502763,0.863371744107797
A549,6.0,vin,11,7,39.29,7,665.8580170517051,667.3447740112995,0.9977721306624495
A549,6.0,vin,11,7,39.29,8,1061.1906810470189,1102.0951017811706,0.962884853885982
A549,6.0,vin,11,7,39.29,9,941.0482909771474,873.9506101583113,1.0767751404243333
A549,6.0,vin,11,7,39.29,10,679.2259944803959,657.6736464968153,1.0327705817290718
A549,6.0,vin,11,7,39.29,11,982.6256401617251,920.4743457300275,1.0675209414798035
A549,6.0,vin,12,7,39.29,1,1488.1960251046025,1707.8864996260284,0.8713670524537017
A549,6.0,vin,12,7,39.29,2,2816.7548076923076,3249.470310391363,0.8668350649903492
A549,6.0,vin,12,7,39.29,3,2495.607407407407,3907.96875,0.6385945147098239
A549,6.0,vin,13,7,39.29,1,1269.0035355839416,1761.4612138263665,0.7204266126458302
A549,6.0,vin,13,7,39.29,2,1149.8221643138543,1253.7692604006163,0.917092323627756
A549,6.0,vin,13,7,39.29,3,886.182204749679,894.2210063176896,0.9910102742932494
A549,6.0,vin,13,7,39.29,4,2166.214453295504,2690.8405612244896,0.805032629770435
A549,6.0,vin,13,7,39.29,5,1925.0448113207547,2660.565990401396,0.7235471017316604
A549,6.0,vin,13,7,39.29,6,6480.987209302326,15410.619575471697,0.4205533189345473
A549,6.0,vin,13,7,39.29,7,13042.915111456714,20247.84746343693,0.6441630467144368
A549,6.0,vin,13,7,39.29,8,1082.5848285752402,1189.2224264705883,0.9103299807321743
A549,6.0,vin,14,7,39.29,1,680.3898442847365,643.0229985955057,1.058111211839775
A549,6.0,vin,14,7,39.29,2,681.2336448598131,705.4023197852761,0.9657377439121269
A549,6.0,vin,14,7,39.29,3,896.597519545793,844.2037631271878,1.0620629268750506
A549,6.0,vin,14,7,39.29,4,681.8960663162603,667.1737607758621,1.0220666734903925
A549,6.0,vin,14,7,39.29,5,731.5625,751.3221604215456,0.9737001495996617
A549,6.0,vin,14,7,39.29,6,867.4520258620689,818.3847262247839,1.0599562749217388
A549,6.0,vin,14,7,39.29,7,808.5125301932367,791.2345717884131,1.0218367081278699
A549,6.0,vin,14,7,39.29,8,750.8298841059602,772.6065687361419,0.971814005327699
A549,6.0,vin,14,7,39.29,9,991.5558691262848,1134.5239661654136,0.8739840661785685
A549,6.0,vin,14,7,39.29,10,2197.145683990442,2738.153589580686,0.8024187146955871
A549,6.0,vin,15,7,39.29,1,799.836602324616,729.2752453512396,1.0967554533396948
A549,6.0,vin,15,7,39.29,2,1201.7332113102752,1681.466395274585,0.7146935643123757
A549,6.0,vin,15,7,39.29,3,835.9512180118111,948.7495789220404,0.8811083942315002
A549,6.0,vin,15,7,39.29,4,4452.42266902342,5285.2046856639245,0.8424314541876837
A549,6.0,vin,2,7,39.29,1,673.5790629575403,709.2754702194358,0.9496720121297135
A549,6.0,vin,2,7,39.29,2,964.1172106824926,929.5304132040628,1.0372088927776018
A549,6.0,vin,2,7,39.29,3,2071.7684272505235,2076.2936320754716,0.9978205371557082
A549,6.0,vin,2,7,39.29,4,675.0125734813847,668.0175260718424,1.0104713531255316
A549,6.0,vin,2,7,39.29,5,760.7918776371308,754.9005576208178,1.0078041007611391
A549,6.0,vin,2,7,39.29,6,1068.1154187366926,1262.5620558375635,0.845990431755944
A549,6.0,vin,2,7,39.29,7,723.064952048823,757.6215197215777,0.9543880859067281
A549,6.0,vin,3,7,39.29,1,711.0203962703963,900.6115747460087,0.7894861849526184
A549,6.0,vin,3,7,39.29,2,749.8408745659722,834.5493525369978,0.8984979405789302
A549,6.0,vin,3,7,39.29,3,706.5543398308201,789.4474539544962,0.8949985667716727
A549,6.0,vin,3,7,39.29,4,1054.9873906034086,1329.2089863498484,0.793695650147926
A549,6.0,vin,3,7,39.29,5,1490.2694305781285,1726.9327262044653,0.8629574319629193
A549,6.0,vin,3,7,39.29,6,1614.9365384615385,1272.8006944444444,1.2688055133144238
A549,6.0,vin,3,7,39.29,7,1003.5507380073801,956.4633477393617,1.049230731506138
A549,6.0,vin,4,7,39.29,1,711.5489130434783,903.9260008517888,0.7871760657099923
A549,6.0,vin,4,7,39.29,2,595.8234710550887,593.5240872210953,1.003874120500752
A549,6.0,vin,4,7,39.29,3,651.4958022388059,654.5453274760383,0.9953410022053147
A549,6.0,vin,4,7,39.29,4,824.815674053555,625.7819976076555,1.3180559319488236
A549,6.0,vin,4,7,39.29,5,623.6451854066986,629.9392800632911,0.9900084105630623
A549,6.0,vin,4,7,39.29,6,860.0702840218712,1079.304823290846,0.7968743078526053
A549,6.0,vin,4,7,39.29,7,680.3196947283486,717.3060218978102,0.9484371718062465
A549,6.0,vin,4,7,39.29,8,619.456210443038,618.4091677943167,1.001693122778978
A549,6.0,vin,4,7,39.29,9,643.3180177824268,667.0393159379407,0.964437931035356
A549,6.0,vin,4,7,39.29,10,750.3495547945206,956.6371776504297,0.7843616914799751
A549,6.0,vin,4,7,39.29,11,749.3971683673469,842.0935522151899,0.8899215133473019
A549,6.0,vin,5,7,39.29,1,813.0204494382023,785.65625,1.0348297355722713
A549,6.0,vin,5,7,39.29,2,1364.3318483577918,1499.6287636861314,0.9097797277535703
A549,6.0,vin,5,7,39.29,3,2131.4907933929053,2128.612294661191,1.0013522888780328
A549,6.0,vin,5,7,39.29,4,678.6885927322592,744.0962209302326,0.9120978895495477
A549,6.0,vin,5,7,39.29,5,1549.3251544440016,1539.288762446657,1.006520148942939
A549,6.0,vin,5,7,39.29,6,1054.6331835142469,1229.925361570248,0.8574773855933784
A549,6.0,vin,6,7,39.29,1,711.781128875969,882.7400182672234,0.8063315519252899
A549,6.0,vin,6,7,39.29,2,1049.3442409263273,1269.3476694915255,0.8266799287122597
A549,6.0,vin,6,7,39.29,3,651.1021655231561,697.3446681864235,0.9336877375379814
A549,6.0,vin,6,7,39.29,4,1472.8667860044688,1769.9086013349515,0.8321710990576354
A549,6.0,vin,7,7,39.29,1,2424.9523287385127,4364.6,0.555595547985729
A549,6.0,vin,7,7,39.29,2,1551.9571247697975,2023.8031387665199,0.7668518222161144
A549,6.0,vin,7,7,39.29,3,756.6053319919517,934.8617197875166,0.8093232570950916
A549,6.0,vin,8,7,39.29,1,1157.8380842321521,1088.4441568047337,1.0637551563794814
A549,6.0,vin,8,7,39.29,2,684.7217465753424,677.6159176029962,1.0104865142446513
A549,6.0,vin,8,7,39.29,3,1075.016604010025,939.056891025641,1.144783254650193
A549,6.0,vin,8,7,39.29,4,2540.9859759221313,2558.565798611111,0.993129032406154
A549,6.0,vin,8,7,39.29,5,1883.9134991496599,1737.522153092006,1.0842529378961547
A549,6.0,vin,8,7,39.29,6,1507.0776658061955,1730.8482016925248,0.8707162559561761
A549,6.0,vin,8,7,39.29,7,972.9073799070248,944.4070069204153,1.0301780617654939
A549,6.0,vin,9,7,39.29,1,837.9279818956337,863.2825887392901,0.9706300032290893
A549,6.0,vin,9,7,39.29,2,1009.8218327111526,1166.9938358302122,0.8653189088978814
A549,6.0,vin,9,7,39.29,3,897.045209390863,,
A549,6.0,vin,9,7,39.29,4,1062.1115086463924,1150.8359797297298,0.9229043298557853
A549,6.0,vin,9,7,39.29,5,769.8208146487294,736.4324106256206,1.0453380426246373
A549,6.0,vin,9,7,39.29,6,1544.4170304232805,1718.6558388157894,0.8986191391799738
A549,6.0,vin,9,7,39.29,7,3597.8070511437204,4142.521202531646,0.8685066111297075
A549,6.0,vin,9,7,39.29,8,800.6344165435746,824.1646317829458,0.9714496177924217
A549,8.0,vin,0,7,39.29,1,751.0197442383361,757.187865497076,0.9918539089969559
A549,8.0,vin,0,7,39.29,2,1075.6212400681045,1023.5010990621337,1.050923385479244
A549,8.0,vin,0,7,39.29,3,1018.2606802041722,941.9758333333333,1.0809838683450006
A549,8.0,vin,0,7,39.29,4,944.6595156959934,753.8870511319282,1.2530517857782923
A549,8.0,vin,1,7,39.29,1,738.3516739846323,753.6728758169935,0.9796712840225903
A549,8.0,vin,1,7,39.29,2,830.3033409658618,833.4486157718121,0.9962261922973649
A549,8.0,vin,1,7,39.29,3,869.8720558546433,1042.307794599018,0.8345635141194433
A549,8.0,vin,1,7,39.29,4,1359.4337810834813,1326.5595760233919,1.0247815519591181
A549,8.0,vin,1,7,39.29,5,2860.4234953703703,3199.818477130977,0.8939330514570579
A549,8.0,vin,1,7,39.29,6,2214.9013434579438,2963.9611023206753,0.7472774665375181
A549,8.0,vin,10,7,39.29,1,439.1032828769765,469.18261494252874,0.9358899262087178
A549,8.0,vin,10,7,39.29,2,436.2099854932302,470.574910952805,0.9269724656803445
A549,8.0,vin,10,7,39.29,3,415.01371334681494,474.1631698685541,0.87525505926971
A549,8.0,vin,10,7,39.29,4,823.0734109221128,1523.7921545667448,0.5401480828309781
A549,8.0,vin,10,7,39.29,5,398.3792613636364,421.2408398184176,0.9457280104544562
A549,8.0,vin,10,7,39.29,6,1990.9368795126354,2737.476711438475,0.7272890655812916
A549,8.0,vin,10,7,39.29,7,671.3689108455883,894.5174148606811,0.7505375520834912
A549,8.0,vin,11,7,39.29,1,1683.8060755283068,2332.6092779503106,0.7218551737082541
A549,8.0,vin,11,7,39.29,2,524.9530135520685,499.73109702797206,1.0504709766394318
A549,8.0,vin,11,7,39.29,3,1056.7220664038812,1675.8975811907983,0.6305409580298064
A549,8.0,vin,11,7,39.29,4,1305.223385989011,1950.611405109489,0.6691355246719415
A549,8.0,vin,11,7,39.29,5,580.1268796992481,594.036376953125,0.9765847719205006
A549,8.0,vin,11,7,39.29,6,624.4832746478874,703.7241581415175,0.8873978069718406
A549,8.0,vin,11,7,39.29,7,677.2413436848018,945.9427601377199,0.7159432602308856
A549,8.0,vin,11,7,39.29,8,704.3058080808081,779.8780381944445,0.9030973736757616
A549,8.0,vin,11,7,39.29,9,534.080670681911,797.5761179828735,0.6696297176407925
A549,8.0,vin,11,7,39.29,10,441.74044389642415,489.3109114811569,0.9027806932799931
A549,8.0,vin,11,7,39.29,11,487.04024981586053,556.8092142857142,0.8746986172645245
A549,8.0,vin,11,7,39.29,12,460.4835053158224,565.4643788010426,0.8143457352560178
A549,8.0,vin,11,7,39.29,13,399.40592237341065,422.3768312101911,0.9456151305199095
A549,8.0,vin,12,7,39.29,1,1086.8405530149053,2033.4853768278965,0.5344717819954551
A549,8.0,vin,12,7,39.29,2,525.4860248447205,519.4688547954393,1.0115833124425733
A549,8.0,vin,12,7,39.29,3,565.7610821602599,576.1253412192902,0.982010409337149
A549,8.0,vin,12,7,39.29,4,867.3772349936143,943.3386075949367,0.9194760269644983
A549,8.0,vin,12,7,39.29,5,576.157301553063,900.4689700704225,0.6398413723329119
A549,8.0,vin,13,7,39.29,1,1348.5408017644006,2171.7802591463415,0.6209379591167615
A549,8.0,vin,13,7,39.29,2,640.0448369565217,750.4171232876712,0.852918752909589
A549,8.0,vin,13,7,39.29,3,717.9056950274459,1255.2972310126581,0.5719009628088686
A549,8.0,vin,13,7,39.29,4,1043.8849115334208,505.14365034168566,2.066511003013348
A549,8.0,vin,14,7,39.29,1,629.0920790173573,822.7553207434053,0.7646162390647775
A549,8.0,vin,14,7,39.29,2,2741.759996191927,3053.988993710692,0.8977635485387271
A549,8.0,vin,14,7,39.29,3,1224.3576091010816,1495.8384703196348,0.8185092397305824
A549,8.0,vin,14,7,39.29,4,676.9997857142857,615.9962171052632,1.099032375386484
A549,8.0,vin,14,7,39.29,5,780.8175959232614,714.2375762195122,1.0932183098740895
A549,8.0,vin,14,7,39.29,6,872.9087716676629,835.7301646706587,1.0444863767860473
A549,8.0,vin,14,7,39.29,7,1005.6403799758746,997.8982496463932,1.0077584366264043
A549,8.0,vin,14,7,39.29,8,1906.32837995338,2782.331359329446,0.685155049401741
A549,8.0,vin,14,7,39.29,9,532.7833666871921,486.0325443786982,1.0961886664775835
A549,8.0,vin,14,7,39.29,10,618.3053797468355,701.2464684625493,0.8817233420118915
A549,8.0,vin,15,7,39.29,1,629.7366190900981,606.6825502364067,1.0380002174855827
A549,8.0,vin,15,7,39.29,2,844.5643144319131,1164.7135968229954,0.7251261741389834
A549,8.0,vin,15,7,39.29,3,646.078898879717,589.7892857142857,1.0954402097984193
A549,8.0,vin,15,7,39.29,4,961.5622703612983,1158.9968085106384,0.8296504902346952
A549,8.0,vin,2,7,39.29,1,1624.9759212730319,,
A549,8.0,vin,2,7,39.29,2,2831.6959984459986,2777.2502376425855,1.0196041970094953
A549,8.0,vin,2,7,39.29,3,1919.7540222772277,1835.4576379974326,1.0459266302499721
A549,8.0,vin,2,7,39.29,4,1441.622802960222,,
A549,8.0,vin,2,7,39.29,5,1741.6407320872274,1454.8925829238328,1.1970923163187275
A549,8.0,vin,2,7,39.29,6,731.4270833333334,789.1195695897023,0.926890057629206
A549,8.0,vin,2,7,39.29,7,893.0268682588597,842.437193927522,1.0600515678747324
A549,8.0,vin,2,7,39.29,8,715.4965277777778,754.7653642936597,0.9479721270031631
A549,8.0,vin,3,7,39.29,1,2395.505111283644,1186.1281483208954,2.0196005926296956
A549,8.0,vin,3,7,39.29,2,2767.833648393195,1185.5329370179948,2.3346746108591523
A549,8.0,vin,3,7,39.29,3,2584.684055683123,1321.1120937711578,1.9564456853203558
A549,8.0,vin,3,7,39.29,4,2426.0554490690033,1296.465532286213,1.871284186623033
A549,8.0,vin,3,7,39.29,5,2265.550141242938,1250.3760171790236,1.811895070056007
A549,8.0,vin,3,7,39.29,6,2325.450476346912,1184.5584483793518,1.963136964265855
A549,8.0,vin,3,7,39.29,7,2396.555102040816,1197.5862103174604,2.0011545568861626
A549,8.0,vin,3,7,39.29,8,2144.4066814595662,,
A549,8.0,vin,3,7,39.29,9,2345.2276073619632,1359.6271884654996,1.7249049057402497
A549,8.0,vin,4,7,39.29,1,490.155822698268,465.47939453125,1.053012933455127
A549,8.0,vin,4,7,39.29,2,3191.2112135176653,4151.328548824593,0.7687204652643609
A549,8.0,vin,4,7,39.29,3,820.7158043569334,848.4470351609058,0.9673153070789938
A549,8.0,vin,4,7,39.29,4,701.6147621602289,699.1389583333333,1.0035412185194166
A549,8.0,vin,4,7,39.29,5,448.2695528580209,432.572030141844,1.0362888065394094
A549,8.0,vin,4,7,39.29,6,535.5765446855462,544.6871693121693,0.9832736566236212
A549,8.0,vin,4,7,39.29,7,441.17783469945357,423.3788948393379,1.0420402152234582
A549,8.0,vin,4,7,39.29,8,427.29446231617646,415.74008105802045,1.0277923197319614
A549,8.0,vin,5,7,39.29,1,778.9101293103448,826.8662295640327,0.9420025893680858
A549,8.0,vin,5,7,39.29,2,575.9509307257305,535.3920304232804,1.075755517448372
A549,8.0,vin,5,7,39.29,3,513.9360863726322,484.8934832317073,1.059894810190812
A549,8.0,vin,5,7,39.29,4,681.3346474953618,632.478853926097,1.0772449438680733
A549,8.0,vin,5,7,39.29,5,439.96119281045753,465.4720970970971,0.9451934832490765
A549,8.0,vin,5,7,39.29,6,474.7952247742442,468.38710732984293,1.0136812421693935
A549,8.0,vin,5,7,39.29,7,437.9762956860395,493.2072160883281,0.88801680388959
A549,8.0,vin,5,7,39.29,8,604.6617150098564,600.4715477996965,1.0069781278155707
A549,8.0,vin,5,7,39.29,9,461.42756712626993,454.0337534530387,1.0162847224837348
A549,8.0,vin,5,7,39.29,10,589.809359632243,787.4746112730807,0.7489884133263932
A549,8.0,vin,6,7,39.29,1,12303.731702831923,24469.892075596817,0.5028110326282196
A549,8.0,vin,6,7,39.29,2,7174.542454769737,18230.973671574902,0.3935358902940018
A549,8.0,vin,6,7,39.29,3,687.0242673992674,706.6794084821429,0.972186622608557
A549,8.0,vin,6,7,39.29,4,1229.5156512605042,771.2761096605744,1.594131642171042
A549,8.0,vin,6,7,39.29,5,1715.8771853146852,2332.9181101344366,0.7355068220614938
A549,8.0,vin,6,7,39.29,6,1997.035502675841,1768.7129934210527,1.1290896318984833
A549,8.0,vin,6,7,39.29,7,1760.044956140351,1872.765696872125,0.93981054815344
A549,8.0,vin,6,7,39.29,8,796.3555746766792,670.8089107365793,1.1871571202031945
A549,8.0,vin,7,7,39.29,1,1109.4590621784507,1616.4637866015971,0.6863494693629622
A549,8.0,vin,7,7,39.29,2,1260.4721627408994,1817.4671901893287,0.6935322791767118
A549,8.0,vin,7,7,39.29,3,602.3548395553692,990.2116150442478,0.608309204218386
A549,8.0,vin,8,7,39.29,1,366.9556818181818,382.72207958921695,0.958804577494046
A549,8.0,vin,8,7,39.29,2,391.1614960500329,393.9316624365482,0.9929679011598579
A549,8.0,vin,8,7,39.29,3,439.2185052219321,417.6390522875817,1.0516701032055091
A549,8.0,vin,9,7,39.29,1,946.5827271257679,1170.7479815455595,0.8085281734811445
A549,8.0,vin,9,7,39.29,2,480.65561224489795,516.0996387283237,0.9313232875520697
A549,8.0,vin,9,7,39.29,3,789.4398133375878,834.528232405892,0.9459713676332828
A549,8.0,vin,9,7,39.29,4,2610.734870926788,3488.866137370753,0.7483046835652645
A549,8.0,vin,9,7,39.29,5,475.06470588235294,503.8853421288014,0.9428031858900919
A549,8.0,vin,9,7,39.29,6,488.44471153846155,512.5518800229621,0.9529663836499428
A549,8.0,vin,9,7,39.29,7,1696.3228191286069,2512.926115455382,0.6750388754749387
