ImageNumber,ObjectNumber,Metadata_FileLocation,Metadata_Frame,Metadata_Series,Metadata_cell,Metadata_cell,Metadata_cell,Metadata_concentration,Metadata_dish,Metadata_dish,Metadata_hour,Metadata_hour,Metadata_hour,Metadata_site,Metadata_site,Metadata_treatment,Metadata_treatment,Metadata_treatment
1,1,nan,0,0,H1975,H1975,H1975,9,1,1,2,2,2,0,0,Alm,Alm,Alm
1,2,nan,0,0,H1975,H1975,H1975,9,1,1,2,2,2,0,0,Alm,Alm,Alm
1,3,nan,0,0,H1975,H1975,H1975,9,1,1,2,2,2,0,0,Alm,Alm,Alm
1,4,nan,0,0,H1975,H1975,H1975,9,1,1,2,2,2,0,0,Alm,Alm,Alm
1,5,nan,0,0,H1975,H1975,H1975,9,1,1,2,2,2,0,0,Alm,Alm,Alm
1,6,nan,0,0,H1975,H1975,H1975,9,1,1,2,2,2,0,0,Alm,Alm,Alm
1,7,nan,0,0,H1975,H1975,H1975,9,1,1,2,2,2,0,0,Alm,Alm,Alm
1,8,nan,0,0,H1975,H1975,H1975,9,1,1,2,2,2,0,0,Alm,Alm,Alm
2,1,nan,0,0,H1975,H1975,H1975,9,1,1,2,2,2,1,1,Alm,Alm,Alm
2,2,nan,0,0,H1975,H1975,H1975,9,1,1,2,2,2,1,1,Alm,Alm,Alm
2,3,nan,0,0,H1975,H1975,H1975,9,1,1,2,2,2,1,1,Alm,Alm,Alm
2,4,nan,0,0,H1975,H1975,H1975,9,1,1,2,2,2,1,1,Alm,Alm,Alm
3,1,nan,0,0,H1975,H1975,H1975,9,1,1,2,2,2,10,10,Alm,Alm,Alm
3,2,nan,0,0,H1975,H1975,H1975,9,1,1,2,2,2,10,10,Alm,Alm,Alm
3,3,nan,0,0,H1975,H1975,H1975,9,1,1,2,2,2,10,10,Alm,Alm,Alm
3,4,nan,0,0,H1975,H1975,H1975,9,1,1,2,2,2,10,10,Alm,Alm,Alm
4,1,nan,0,0,H1975,H1975,H1975,9,1,1,2,2,2,11,11,Alm,Alm,Alm
4,2,nan,0,0,H1975,H1975,H1975,9,1,1,2,2,2,11,11,Alm,Alm,Alm
4,3,nan,0,0,H1975,H1975,H1975,9,1,1,2,2,2,11,11,Alm,Alm,Alm
4,4,nan,0,0,H1975,H1975,H1975,9,1,1,2,2,2,11,11,Alm,Alm,Alm
4,5,nan,0,0,H1975,H1975,H1975,9,1,1,2,2,2,11,11,Alm,Alm,Alm
4,6,nan,0,0,H1975,H1975,H1975,9,1,1,2,2,2,11,11,Alm,Alm,Alm
5,1,nan,0,0,H1975,H1975,H1975,9,1,1,2,2,2,12,12,Alm,Alm,Alm
5,2,nan,0,0,H1975,H1975,H1975,9,1,1,2,2,2,12,12,Alm,Alm,Alm
5,3,nan,0,0,H1975,H1975,H1975,9,1,1,2,2,2,12,12,Alm,Alm,Alm
5,4,nan,0,0,H1975,H1975,H1975,9,1,1,2,2,2,12,12,Alm,Alm,Alm
5,5,nan,0,0,H1975,H1975,H1975,9,1,1,2,2,2,12,12,Alm,Alm,Alm
5,6,nan,0,0,H1975,H1975,H1975,9,1,1,2,2,2,12,12,Alm,Alm,Alm
5,7,nan,0,0,H1975,H1975,H1975,9,1,1,2,2,2,12,12,Alm,Alm,Alm
5,8,nan,0,0,H1975,H1975,H1975,9,1,1,2,2,2,12,12,Alm,Alm,Alm
6,1,nan,0,0,H1975,H1975,H1975,9,1,1,2,2,2,13,13,Alm,Alm,Alm
6,2,nan,0,0,H1975,H1975,H1975,9,1,1,2,2,2,13,13,Alm,Alm,Alm
6,3,nan,0,0,H1975,H1975,H1975,9,1,1,2,2,2,13,13,Alm,Alm,Alm
6,4,nan,0,0,H1975,H1975,H1975,9,1,1,2,2,2,13,13,Alm,Alm,Alm
6,5,nan,0,0,H1975,H1975,H1975,9,1,1,2,2,2,13,13,Alm,Alm,Alm
6,6,nan,0,0,H1975,H1975,H1975,9,1,1,2,2,2,13,13,Alm,Alm,Alm
7,1,nan,0,0,H1975,H1975,H1975,9,1,1,2,2,2,14,14,Alm,Alm,Alm
7,2,nan,0,0,H1975,H1975,H1975,9,1,1,2,2,2,14,14,Alm,Alm,Alm
7,3,nan,0,0,H1975,H1975,H1975,9,1,1,2,2,2,14,14,Alm,Alm,Alm
7,4,nan,0,0,H1975,H1975,H1975,9,1,1,2,2,2,14,14,Alm,Alm,Alm
7,5,nan,0,0,H1975,H1975,H1975,9,1,1,2,2,2,14,14,Alm,Alm,Alm
7,6,nan,0,0,H1975,H1975,H1975,9,1,1,2,2,2,14,14,Alm,Alm,Alm
7,7,nan,0,0,H1975,H1975,H1975,9,1,1,2,2,2,14,14,Alm,Alm,Alm
7,8,nan,0,0,H1975,H1975,H1975,9,1,1,2,2,2,14,14,Alm,Alm,Alm
7,9,nan,0,0,H1975,H1975,H1975,9,1,1,2,2,2,14,14,Alm,Alm,Alm
7,10,nan,0,0,H1975,H1975,H1975,9,1,1,2,2,2,14,14,Alm,Alm,Alm
7,11,nan,0,0,H1975,H1975,H1975,9,1,1,2,2,2,14,14,Alm,Alm,Alm
7,12,nan,0,0,H1975,H1975,H1975,9,1,1,2,2,2,14,14,Alm,Alm,Alm
8,1,nan,0,0,H1975,H1975,H1975,9,1,1,2,2,2,15,15,Alm,Alm,Alm
8,2,nan,0,0,H1975,H1975,H1975,9,1,1,2,2,2,15,15,Alm,Alm,Alm
8,3,nan,0,0,H1975,H1975,H1975,9,1,1,2,2,2,15,15,Alm,Alm,Alm
8,4,nan,0,0,H1975,H1975,H1975,9,1,1,2,2,2,15,15,Alm,Alm,Alm
8,5,nan,0,0,H1975,H1975,H1975,9,1,1,2,2,2,15,15,Alm,Alm,Alm
8,6,nan,0,0,H1975,H1975,H1975,9,1,1,2,2,2,15,15,Alm,Alm,Alm
8,7,nan,0,0,H1975,H1975,H1975,9,1,1,2,2,2,15,15,Alm,Alm,Alm
8,8,nan,0,0,H1975,H1975,H1975,9,1,1,2,2,2,15,15,Alm,Alm,Alm
8,9,nan,0,0,H1975,H1975,H1975,9,1,1,2,2,2,15,15,Alm,Alm,Alm
8,10,nan,0,0,H1975,H1975,H1975,9,1,1,2,2,2,15,15,Alm,Alm,Alm
8,11,nan,0,0,H1975,H1975,H1975,9,1,1,2,2,2,15,15,Alm,Alm,Alm
8,12,nan,0,0,H1975,H1975,H1975,9,1,1,2,2,2,15,15,Alm,Alm,Alm
9,1,nan,0,0,H1975,H1975,H1975,9,1,1,2,2,2,16,16,Alm,Alm,Alm
9,2,nan,0,0,H1975,H1975,H1975,9,1,1,2,2,2,16,16,Alm,Alm,Alm
9,3,nan,0,0,H1975,H1975,H1975,9,1,1,2,2,2,16,16,Alm,Alm,Alm
9,4,nan,0,0,H1975,H1975,H1975,9,1,1,2,2,2,16,16,Alm,Alm,Alm
9,5,nan,0,0,H1975,H1975,H1975,9,1,1,2,2,2,16,16,Alm,Alm,Alm
9,6,nan,0,0,H1975,H1975,H1975,9,1,1,2,2,2,16,16,Alm,Alm,Alm
9,7,nan,0,0,H1975,H1975,H1975,9,1,1,2,2,2,16,16,Alm,Alm,Alm
9,8,nan,0,0,H1975,H1975,H1975,9,1,1,2,2,2,16,16,Alm,Alm,Alm
9,9,nan,0,0,H1975,H1975,H1975,9,1,1,2,2,2,16,16,Alm,Alm,Alm
9,10,nan,0,0,H1975,H1975,H1975,9,1,1,2,2,2,16,16,Alm,Alm,Alm
9,11,nan,0,0,H1975,H1975,H1975,9,1,1,2,2,2,16,16,Alm,Alm,Alm
9,12,nan,0,0,H1975,H1975,H1975,9,1,1,2,2,2,16,16,Alm,Alm,Alm
9,13,nan,0,0,H1975,H1975,H1975,9,1,1,2,2,2,16,16,Alm,Alm,Alm
9,14,nan,0,0,H1975,H1975,H1975,9,1,1,2,2,2,16,16,Alm,Alm,Alm
9,15,nan,0,0,H1975,H1975,H1975,9,1,1,2,2,2,16,16,Alm,Alm,Alm
9,16,nan,0,0,H1975,H1975,H1975,9,1,1,2,2,2,16,16,Alm,Alm,Alm
10,1,nan,0,0,H1975,H1975,H1975,9,1,1,2,2,2,2,2,Alm,Alm,Alm
10,2,nan,0,0,H1975,H1975,H1975,9,1,1,2,2,2,2,2,Alm,Alm,Alm
10,3,nan,0,0,H1975,H1975,H1975,9,1,1,2,2,2,2,2,Alm,Alm,Alm
10,4,nan,0,0,H1975,H1975,H1975,9,1,1,2,2,2,2,2,Alm,Alm,Alm
11,1,nan,0,0,H1975,H1975,H1975,9,1,1,2,2,2,3,3,Alm,Alm,Alm
11,2,nan,0,0,H1975,H1975,H1975,9,1,1,2,2,2,3,3,Alm,Alm,Alm
11,3,nan,0,0,H1975,H1975,H1975,9,1,1,2,2,2,3,3,Alm,Alm,Alm
11,4,nan,0,0,H1975,H1975,H1975,9,1,1,2,2,2,3,3,Alm,Alm,Alm
11,5,nan,0,0,H1975,H1975,H1975,9,1,1,2,2,2,3,3,Alm,Alm,Alm
11,6,nan,0,0,H1975,H1975,H1975,9,1,1,2,2,2,3,3,Alm,Alm,Alm
11,7,nan,0,0,H1975,H1975,H1975,9,1,1,2,2,2,3,3,Alm,Alm,Alm
11,8,nan,0,0,H1975,H1975,H1975,9,1,1,2,2,2,3,3,Alm,Alm,Alm
11,9,nan,0,0,H1975,H1975,H1975,9,1,1,2,2,2,3,3,Alm,Alm,Alm
11,10,nan,0,0,H1975,H1975,H1975,9,1,1,2,2,2,3,3,Alm,Alm,Alm
12,1,nan,0,0,H1975,H1975,H1975,9,1,1,2,2,2,6,6,Alm,Alm,Alm
12,2,nan,0,0,H1975,H1975,H1975,9,1,1,2,2,2,6,6,Alm,Alm,Alm
12,3,nan,0,0,H1975,H1975,H1975,9,1,1,2,2,2,6,6,Alm,Alm,Alm
12,4,nan,0,0,H1975,H1975,H1975,9,1,1,2,2,2,6,6,Alm,Alm,Alm
12,5,nan,0,0,H1975,H1975,H1975,9,1,1,2,2,2,6,6,Alm,Alm,Alm
12,6,nan,0,0,H1975,H1975,H1975,9,1,1,2,2,2,6,6,Alm,Alm,Alm
12,7,nan,0,0,H1975,H1975,H1975,9,1,1,2,2,2,6,6,Alm,Alm,Alm
13,1,nan,0,0,H1975,H1975,H1975,9,1,1,2,2,2,7,7,Alm,Alm,Alm
13,2,nan,0,0,H1975,H1975,H1975,9,1,1,2,2,2,7,7,Alm,Alm,Alm
13,3,nan,0,0,H1975,H1975,H1975,9,1,1,2,2,2,7,7,Alm,Alm,Alm
14,1,nan,0,0,H1975,H1975,H1975,9,1,1,2,2,2,8,8,Alm,Alm,Alm
14,2,nan,0,0,H1975,H1975,H1975,9,1,1,2,2,2,8,8,Alm,Alm,Alm
14,3,nan,0,0,H1975,H1975,H1975,9,1,1,2,2,2,8,8,Alm,Alm,Alm
14,4,nan,0,0,H1975,H1975,H1975,9,1,1,2,2,2,8,8,Alm,Alm,Alm
14,5,nan,0,0,H1975,H1975,H1975,9,1,1,2,2,2,8,8,Alm,Alm,Alm
14,6,nan,0,0,H1975,H1975,H1975,9,1,1,2,2,2,8,8,Alm,Alm,Alm
14,7,nan,0,0,H1975,H1975,H1975,9,1,1,2,2,2,8,8,Alm,Alm,Alm
14,8,nan,0,0,H1975,H1975,H1975,9,1,1,2,2,2,8,8,Alm,Alm,Alm
14,9,nan,0,0,H1975,H1975,H1975,9,1,1,2,2,2,8,8,Alm,Alm,Alm
14,10,nan,0,0,H1975,H1975,H1975,9,1,1,2,2,2,8,8,Alm,Alm,Alm
14,11,nan,0,0,H1975,H1975,H1975,9,1,1,2,2,2,8,8,Alm,Alm,Alm
15,1,nan,0,0,H1975,H1975,H1975,9,1,1,2,2,2,9,9,Alm,Alm,Alm
15,2,nan,0,0,H1975,H1975,H1975,9,1,1,2,2,2,9,9,Alm,Alm,Alm
15,3,nan,0,0,H1975,H1975,H1975,9,1,1,2,2,2,9,9,Alm,Alm,Alm
15,4,nan,0,0,H1975,H1975,H1975,9,1,1,2,2,2,9,9,Alm,Alm,Alm
15,5,nan,0,0,H1975,H1975,H1975,9,1,1,2,2,2,9,9,Alm,Alm,Alm
15,6,nan,0,0,H1975,H1975,H1975,9,1,1,2,2,2,9,9,Alm,Alm,Alm
15,7,nan,0,0,H1975,H1975,H1975,9,1,1,2,2,2,9,9,Alm,Alm,Alm
15,8,nan,0,0,H1975,H1975,H1975,9,1,1,2,2,2,9,9,Alm,Alm,Alm
15,9,nan,0,0,H1975,H1975,H1975,9,1,1,2,2,2,9,9,Alm,Alm,Alm
15,10,nan,0,0,H1975,H1975,H1975,9,1,1,2,2,2,9,9,Alm,Alm,Alm
15,11,nan,0,0,H1975,H1975,H1975,9,1,1,2,2,2,9,9,Alm,Alm,Alm
15,12,nan,0,0,H1975,H1975,H1975,9,1,1,2,2,2,9,9,Alm,Alm,Alm
16,1,nan,0,0,H1975,H1975,H1975,7,1,1,2,2,2,0,0,Dac,Dac,Dac
16,2,nan,0,0,H1975,H1975,H1975,7,1,1,2,2,2,0,0,Dac,Dac,Dac
16,3,nan,0,0,H1975,H1975,H1975,7,1,1,2,2,2,0,0,Dac,Dac,Dac
16,4,nan,0,0,H1975,H1975,H1975,7,1,1,2,2,2,0,0,Dac,Dac,Dac
16,5,nan,0,0,H1975,H1975,H1975,7,1,1,2,2,2,0,0,Dac,Dac,Dac
16,6,nan,0,0,H1975,H1975,H1975,7,1,1,2,2,2,0,0,Dac,Dac,Dac
16,7,nan,0,0,H1975,H1975,H1975,7,1,1,2,2,2,0,0,Dac,Dac,Dac
16,8,nan,0,0,H1975,H1975,H1975,7,1,1,2,2,2,0,0,Dac,Dac,Dac
17,1,nan,0,0,H1975,H1975,H1975,7,1,1,2,2,2,1,1,Dac,Dac,Dac
17,2,nan,0,0,H1975,H1975,H1975,7,1,1,2,2,2,1,1,Dac,Dac,Dac
17,3,nan,0,0,H1975,H1975,H1975,7,1,1,2,2,2,1,1,Dac,Dac,Dac
17,4,nan,0,0,H1975,H1975,H1975,7,1,1,2,2,2,1,1,Dac,Dac,Dac
18,1,nan,0,0,H1975,H1975,H1975,7,1,1,2,2,2,10,10,Dac,Dac,Dac
18,2,nan,0,0,H1975,H1975,H1975,7,1,1,2,2,2,10,10,Dac,Dac,Dac
18,3,nan,0,0,H1975,H1975,H1975,7,1,1,2,2,2,10,10,Dac,Dac,Dac
18,4,nan,0,0,H1975,H1975,H1975,7,1,1,2,2,2,10,10,Dac,Dac,Dac
18,5,nan,0,0,H1975,H1975,H1975,7,1,1,2,2,2,10,10,Dac,Dac,Dac
18,6,nan,0,0,H1975,H1975,H1975,7,1,1,2,2,2,10,10,Dac,Dac,Dac
18,7,nan,0,0,H1975,H1975,H1975,7,1,1,2,2,2,10,10,Dac,Dac,Dac
18,8,nan,0,0,H1975,H1975,H1975,7,1,1,2,2,2,10,10,Dac,Dac,Dac
18,9,nan,0,0,H1975,H1975,H1975,7,1,1,2,2,2,10,10,Dac,Dac,Dac
18,10,nan,0,0,H1975,H1975,H1975,7,1,1,2,2,2,10,10,Dac,Dac,Dac
19,1,nan,0,0,H1975,H1975,H1975,7,1,1,2,2,2,11,11,Dac,Dac,Dac
19,2,nan,0,0,H1975,H1975,H1975,7,1,1,2,2,2,11,11,Dac,Dac,Dac
19,3,nan,0,0,H1975,H1975,H1975,7,1,1,2,2,2,11,11,Dac,Dac,Dac
19,4,nan,0,0,H1975,H1975,H1975,7,1,1,2,2,2,11,11,Dac,Dac,Dac
19,5,nan,0,0,H1975,H1975,H1975,7,1,1,2,2,2,11,11,Dac,Dac,Dac
19,6,nan,0,0,H1975,H1975,H1975,7,1,1,2,2,2,11,11,Dac,Dac,Dac
19,7,nan,0,0,H1975,H1975,H1975,7,1,1,2,2,2,11,11,Dac,Dac,Dac
20,1,nan,0,0,H1975,H1975,H1975,7,1,1,2,2,2,12,12,Dac,Dac,Dac
20,2,nan,0,0,H1975,H1975,H1975,7,1,1,2,2,2,12,12,Dac,Dac,Dac
20,3,nan,0,0,H1975,H1975,H1975,7,1,1,2,2,2,12,12,Dac,Dac,Dac
20,4,nan,0,0,H1975,H1975,H1975,7,1,1,2,2,2,12,12,Dac,Dac,Dac
20,5,nan,0,0,H1975,H1975,H1975,7,1,1,2,2,2,12,12,Dac,Dac,Dac
20,6,nan,0,0,H1975,H1975,H1975,7,1,1,2,2,2,12,12,Dac,Dac,Dac
20,7,nan,0,0,H1975,H1975,H1975,7,1,1,2,2,2,12,12,Dac,Dac,Dac
20,8,nan,0,0,H1975,H1975,H1975,7,1,1,2,2,2,12,12,Dac,Dac,Dac
20,9,nan,0,0,H1975,H1975,H1975,7,1,1,2,2,2,12,12,Dac,Dac,Dac
21,1,nan,0,0,H1975,H1975,H1975,7,1,1,2,2,2,13,13,Dac,Dac,Dac
21,2,nan,0,0,H1975,H1975,H1975,7,1,1,2,2,2,13,13,Dac,Dac,Dac
21,3,nan,0,0,H1975,H1975,H1975,7,1,1,2,2,2,13,13,Dac,Dac,Dac
21,4,nan,0,0,H1975,H1975,H1975,7,1,1,2,2,2,13,13,Dac,Dac,Dac
21,5,nan,0,0,H1975,H1975,H1975,7,1,1,2,2,2,13,13,Dac,Dac,Dac
21,6,nan,0,0,H1975,H1975,H1975,7,1,1,2,2,2,13,13,Dac,Dac,Dac
21,7,nan,0,0,H1975,H1975,H1975,7,1,1,2,2,2,13,13,Dac,Dac,Dac
21,8,nan,0,0,H1975,H1975,H1975,7,1,1,2,2,2,13,13,Dac,Dac,Dac
21,9,nan,0,0,H1975,H1975,H1975,7,1,1,2,2,2,13,13,Dac,Dac,Dac
21,10,nan,0,0,H1975,H1975,H1975,7,1,1,2,2,2,13,13,Dac,Dac,Dac
21,11,nan,0,0,H1975,H1975,H1975,7,1,1,2,2,2,13,13,Dac,Dac,Dac
22,1,nan,0,0,H1975,H1975,H1975,7,1,1,2,2,2,14,14,Dac,Dac,Dac
22,2,nan,0,0,H1975,H1975,H1975,7,1,1,2,2,2,14,14,Dac,Dac,Dac
22,3,nan,0,0,H1975,H1975,H1975,7,1,1,2,2,2,14,14,Dac,Dac,Dac
22,4,nan,0,0,H1975,H1975,H1975,7,1,1,2,2,2,14,14,Dac,Dac,Dac
22,5,nan,0,0,H1975,H1975,H1975,7,1,1,2,2,2,14,14,Dac,Dac,Dac
22,6,nan,0,0,H1975,H1975,H1975,7,1,1,2,2,2,14,14,Dac,Dac,Dac
22,7,nan,0,0,H1975,H1975,H1975,7,1,1,2,2,2,14,14,Dac,Dac,Dac
22,8,nan,0,0,H1975,H1975,H1975,7,1,1,2,2,2,14,14,Dac,Dac,Dac
22,9,nan,0,0,H1975,H1975,H1975,7,1,1,2,2,2,14,14,Dac,Dac,Dac
22,10,nan,0,0,H1975,H1975,H1975,7,1,1,2,2,2,14,14,Dac,Dac,Dac
23,1,nan,0,0,H1975,H1975,H1975,7,1,1,2,2,2,15,15,Dac,Dac,Dac
23,2,nan,0,0,H1975,H1975,H1975,7,1,1,2,2,2,15,15,Dac,Dac,Dac
23,3,nan,0,0,H1975,H1975,H1975,7,1,1,2,2,2,15,15,Dac,Dac,Dac
23,4,nan,0,0,H1975,H1975,H1975,7,1,1,2,2,2,15,15,Dac,Dac,Dac
23,5,nan,0,0,H1975,H1975,H1975,7,1,1,2,2,2,15,15,Dac,Dac,Dac
23,6,nan,0,0,H1975,H1975,H1975,7,1,1,2,2,2,15,15,Dac,Dac,Dac
23,7,nan,0,0,H1975,H1975,H1975,7,1,1,2,2,2,15,15,Dac,Dac,Dac
23,8,nan,0,0,H1975,H1975,H1975,7,1,1,2,2,2,15,15,Dac,Dac,Dac
23,9,nan,0,0,H1975,H1975,H1975,7,1,1,2,2,2,15,15,Dac,Dac,Dac
24,1,nan,0,0,H1975,H1975,H1975,7,1,1,2,2,2,16,16,Dac,Dac,Dac
24,2,nan,0,0,H1975,H1975,H1975,7,1,1,2,2,2,16,16,Dac,Dac,Dac
24,3,nan,0,0,H1975,H1975,H1975,7,1,1,2,2,2,16,16,Dac,Dac,Dac
24,4,nan,0,0,H1975,H1975,H1975,7,1,1,2,2,2,16,16,Dac,Dac,Dac
24,5,nan,0,0,H1975,H1975,H1975,7,1,1,2,2,2,16,16,Dac,Dac,Dac
24,6,nan,0,0,H1975,H1975,H1975,7,1,1,2,2,2,16,16,Dac,Dac,Dac
24,7,nan,0,0,H1975,H1975,H1975,7,1,1,2,2,2,16,16,Dac,Dac,Dac
24,8,nan,0,0,H1975,H1975,H1975,7,1,1,2,2,2,16,16,Dac,Dac,Dac
24,9,nan,0,0,H1975,H1975,H1975,7,1,1,2,2,2,16,16,Dac,Dac,Dac
24,10,nan,0,0,H1975,H1975,H1975,7,1,1,2,2,2,16,16,Dac,Dac,Dac
24,11,nan,0,0,H1975,H1975,H1975,7,1,1,2,2,2,16,16,Dac,Dac,Dac
24,12,nan,0,0,H1975,H1975,H1975,7,1,1,2,2,2,16,16,Dac,Dac,Dac
24,13,nan,0,0,H1975,H1975,H1975,7,1,1,2,2,2,16,16,Dac,Dac,Dac
24,14,nan,0,0,H1975,H1975,H1975,7,1,1,2,2,2,16,16,Dac,Dac,Dac
24,15,nan,0,0,H1975,H1975,H1975,7,1,1,2,2,2,16,16,Dac,Dac,Dac
24,16,nan,0,0,H1975,H1975,H1975,7,1,1,2,2,2,16,16,Dac,Dac,Dac
25,1,nan,0,0,H1975,H1975,H1975,7,1,1,2,2,2,2,2,Dac,Dac,Dac
25,2,nan,0,0,H1975,H1975,H1975,7,1,1,2,2,2,2,2,Dac,Dac,Dac
25,3,nan,0,0,H1975,H1975,H1975,7,1,1,2,2,2,2,2,Dac,Dac,Dac
25,4,nan,0,0,H1975,H1975,H1975,7,1,1,2,2,2,2,2,Dac,Dac,Dac
25,5,nan,0,0,H1975,H1975,H1975,7,1,1,2,2,2,2,2,Dac,Dac,Dac
25,6,nan,0,0,H1975,H1975,H1975,7,1,1,2,2,2,2,2,Dac,Dac,Dac
25,7,nan,0,0,H1975,H1975,H1975,7,1,1,2,2,2,2,2,Dac,Dac,Dac
25,8,nan,0,0,H1975,H1975,H1975,7,1,1,2,2,2,2,2,Dac,Dac,Dac
25,9,nan,0,0,H1975,H1975,H1975,7,1,1,2,2,2,2,2,Dac,Dac,Dac
25,10,nan,0,0,H1975,H1975,H1975,7,1,1,2,2,2,2,2,Dac,Dac,Dac
26,1,nan,0,0,H1975,H1975,H1975,7,1,1,2,2,2,3,3,Dac,Dac,Dac
26,2,nan,0,0,H1975,H1975,H1975,7,1,1,2,2,2,3,3,Dac,Dac,Dac
26,3,nan,0,0,H1975,H1975,H1975,7,1,1,2,2,2,3,3,Dac,Dac,Dac
26,4,nan,0,0,H1975,H1975,H1975,7,1,1,2,2,2,3,3,Dac,Dac,Dac
26,5,nan,0,0,H1975,H1975,H1975,7,1,1,2,2,2,3,3,Dac,Dac,Dac
26,6,nan,0,0,H1975,H1975,H1975,7,1,1,2,2,2,3,3,Dac,Dac,Dac
26,7,nan,0,0,H1975,H1975,H1975,7,1,1,2,2,2,3,3,Dac,Dac,Dac
26,8,nan,0,0,H1975,H1975,H1975,7,1,1,2,2,2,3,3,Dac,Dac,Dac
26,9,nan,0,0,H1975,H1975,H1975,7,1,1,2,2,2,3,3,Dac,Dac,Dac
27,1,nan,0,0,H1975,H1975,H1975,7,1,1,2,2,2,4,4,Dac,Dac,Dac
27,2,nan,0,0,H1975,H1975,H1975,7,1,1,2,2,2,4,4,Dac,Dac,Dac
27,3,nan,0,0,H1975,H1975,H1975,7,1,1,2,2,2,4,4,Dac,Dac,Dac
27,4,nan,0,0,H1975,H1975,H1975,7,1,1,2,2,2,4,4,Dac,Dac,Dac
27,5,nan,0,0,H1975,H1975,H1975,7,1,1,2,2,2,4,4,Dac,Dac,Dac
27,6,nan,0,0,H1975,H1975,H1975,7,1,1,2,2,2,4,4,Dac,Dac,Dac
27,7,nan,0,0,H1975,H1975,H1975,7,1,1,2,2,2,4,4,Dac,Dac,Dac
27,8,nan,0,0,H1975,H1975,H1975,7,1,1,2,2,2,4,4,Dac,Dac,Dac
28,1,nan,0,0,H1975,H1975,H1975,7,1,1,2,2,2,5,5,Dac,Dac,Dac
28,2,nan,0,0,H1975,H1975,H1975,7,1,1,2,2,2,5,5,Dac,Dac,Dac
28,3,nan,0,0,H1975,H1975,H1975,7,1,1,2,2,2,5,5,Dac,Dac,Dac
28,4,nan,0,0,H1975,H1975,H1975,7,1,1,2,2,2,5,5,Dac,Dac,Dac
28,5,nan,0,0,H1975,H1975,H1975,7,1,1,2,2,2,5,5,Dac,Dac,Dac
28,6,nan,0,0,H1975,H1975,H1975,7,1,1,2,2,2,5,5,Dac,Dac,Dac
28,7,nan,0,0,H1975,H1975,H1975,7,1,1,2,2,2,5,5,Dac,Dac,Dac
28,8,nan,0,0,H1975,H1975,H1975,7,1,1,2,2,2,5,5,Dac,Dac,Dac
28,9,nan,0,0,H1975,H1975,H1975,7,1,1,2,2,2,5,5,Dac,Dac,Dac
28,10,nan,0,0,H1975,H1975,H1975,7,1,1,2,2,2,5,5,Dac,Dac,Dac
28,11,nan,0,0,H1975,H1975,H1975,7,1,1,2,2,2,5,5,Dac,Dac,Dac
28,12,nan,0,0,H1975,H1975,H1975,7,1,1,2,2,2,5,5,Dac,Dac,Dac
28,13,nan,0,0,H1975,H1975,H1975,7,1,1,2,2,2,5,5,Dac,Dac,Dac
28,14,nan,0,0,H1975,H1975,H1975,7,1,1,2,2,2,5,5,Dac,Dac,Dac
28,15,nan,0,0,H1975,H1975,H1975,7,1,1,2,2,2,5,5,Dac,Dac,Dac
29,1,nan,0,0,H1975,H1975,H1975,7,1,1,2,2,2,6,6,Dac,Dac,Dac
29,2,nan,0,0,H1975,H1975,H1975,7,1,1,2,2,2,6,6,Dac,Dac,Dac
29,3,nan,0,0,H1975,H1975,H1975,7,1,1,2,2,2,6,6,Dac,Dac,Dac
29,4,nan,0,0,H1975,H1975,H1975,7,1,1,2,2,2,6,6,Dac,Dac,Dac
29,5,nan,0,0,H1975,H1975,H1975,7,1,1,2,2,2,6,6,Dac,Dac,Dac
29,6,nan,0,0,H1975,H1975,H1975,7,1,1,2,2,2,6,6,Dac,Dac,Dac
29,7,nan,0,0,H1975,H1975,H1975,7,1,1,2,2,2,6,6,Dac,Dac,Dac
29,8,nan,0,0,H1975,H1975,H1975,7,1,1,2,2,2,6,6,Dac,Dac,Dac
29,9,nan,0,0,H1975,H1975,H1975,7,1,1,2,2,2,6,6,Dac,Dac,Dac
29,10,nan,0,0,H1975,H1975,H1975,7,1,1,2,2,2,6,6,Dac,Dac,Dac
29,11,nan,0,0,H1975,H1975,H1975,7,1,1,2,2,2,6,6,Dac,Dac,Dac
29,12,nan,0,0,H1975,H1975,H1975,7,1,1,2,2,2,6,6,Dac,Dac,Dac
29,13,nan,0,0,H1975,H1975,H1975,7,1,1,2,2,2,6,6,Dac,Dac,Dac
29,14,nan,0,0,H1975,H1975,H1975,7,1,1,2,2,2,6,6,Dac,Dac,Dac
29,15,nan,0,0,H1975,H1975,H1975,7,1,1,2,2,2,6,6,Dac,Dac,Dac
29,16,nan,0,0,H1975,H1975,H1975,7,1,1,2,2,2,6,6,Dac,Dac,Dac
29,17,nan,0,0,H1975,H1975,H1975,7,1,1,2,2,2,6,6,Dac,Dac,Dac
30,1,nan,0,0,H1975,H1975,H1975,7,1,1,2,2,2,8,8,Dac,Dac,Dac
30,2,nan,0,0,H1975,H1975,H1975,7,1,1,2,2,2,8,8,Dac,Dac,Dac
30,3,nan,0,0,H1975,H1975,H1975,7,1,1,2,2,2,8,8,Dac,Dac,Dac
30,4,nan,0,0,H1975,H1975,H1975,7,1,1,2,2,2,8,8,Dac,Dac,Dac
30,5,nan,0,0,H1975,H1975,H1975,7,1,1,2,2,2,8,8,Dac,Dac,Dac
30,6,nan,0,0,H1975,H1975,H1975,7,1,1,2,2,2,8,8,Dac,Dac,Dac
30,7,nan,0,0,H1975,H1975,H1975,7,1,1,2,2,2,8,8,Dac,Dac,Dac
30,8,nan,0,0,H1975,H1975,H1975,7,1,1,2,2,2,8,8,Dac,Dac,Dac
30,9,nan,0,0,H1975,H1975,H1975,7,1,1,2,2,2,8,8,Dac,Dac,Dac
30,10,nan,0,0,H1975,H1975,H1975,7,1,1,2,2,2,8,8,Dac,Dac,Dac
31,1,nan,0,0,H1975,H1975,H1975,7,1,1,2,2,2,9,9,Dac,Dac,Dac
31,2,nan,0,0,H1975,H1975,H1975,7,1,1,2,2,2,9,9,Dac,Dac,Dac
31,3,nan,0,0,H1975,H1975,H1975,7,1,1,2,2,2,9,9,Dac,Dac,Dac
31,4,nan,0,0,H1975,H1975,H1975,7,1,1,2,2,2,9,9,Dac,Dac,Dac
31,5,nan,0,0,H1975,H1975,H1975,7,1,1,2,2,2,9,9,Dac,Dac,Dac
31,6,nan,0,0,H1975,H1975,H1975,7,1,1,2,2,2,9,9,Dac,Dac,Dac
31,7,nan,0,0,H1975,H1975,H1975,7,1,1,2,2,2,9,9,Dac,Dac,Dac
31,8,nan,0,0,H1975,H1975,H1975,7,1,1,2,2,2,9,9,Dac,Dac,Dac
31,9,nan,0,0,H1975,H1975,H1975,7,1,1,2,2,2,9,9,Dac,Dac,Dac
31,10,nan,0,0,H1975,H1975,H1975,7,1,1,2,2,2,9,9,Dac,Dac,Dac
31,11,nan,0,0,H1975,H1975,H1975,7,1,1,2,2,2,9,9,Dac,Dac,Dac
32,1,nan,0,0,H1975,H1975,H1975,50,1,1,2,2,2,0,0,Gef,Gef,Gef
32,2,nan,0,0,H1975,H1975,H1975,50,1,1,2,2,2,0,0,Gef,Gef,Gef
32,3,nan,0,0,H1975,H1975,H1975,50,1,1,2,2,2,0,0,Gef,Gef,Gef
32,4,nan,0,0,H1975,H1975,H1975,50,1,1,2,2,2,0,0,Gef,Gef,Gef
32,5,nan,0,0,H1975,H1975,H1975,50,1,1,2,2,2,0,0,Gef,Gef,Gef
32,6,nan,0,0,H1975,H1975,H1975,50,1,1,2,2,2,0,0,Gef,Gef,Gef
32,7,nan,0,0,H1975,H1975,H1975,50,1,1,2,2,2,0,0,Gef,Gef,Gef
32,8,nan,0,0,H1975,H1975,H1975,50,1,1,2,2,2,0,0,Gef,Gef,Gef
32,9,nan,0,0,H1975,H1975,H1975,50,1,1,2,2,2,0,0,Gef,Gef,Gef
32,10,nan,0,0,H1975,H1975,H1975,50,1,1,2,2,2,0,0,Gef,Gef,Gef
32,11,nan,0,0,H1975,H1975,H1975,50,1,1,2,2,2,0,0,Gef,Gef,Gef
32,12,nan,0,0,H1975,H1975,H1975,50,1,1,2,2,2,0,0,Gef,Gef,Gef
32,13,nan,0,0,H1975,H1975,H1975,50,1,1,2,2,2,0,0,Gef,Gef,Gef
33,1,nan,0,0,H1975,H1975,H1975,50,1,1,2,2,2,1,1,Gef,Gef,Gef
33,2,nan,0,0,H1975,H1975,H1975,50,1,1,2,2,2,1,1,Gef,Gef,Gef
33,3,nan,0,0,H1975,H1975,H1975,50,1,1,2,2,2,1,1,Gef,Gef,Gef
33,4,nan,0,0,H1975,H1975,H1975,50,1,1,2,2,2,1,1,Gef,Gef,Gef
33,5,nan,0,0,H1975,H1975,H1975,50,1,1,2,2,2,1,1,Gef,Gef,Gef
33,6,nan,0,0,H1975,H1975,H1975,50,1,1,2,2,2,1,1,Gef,Gef,Gef
33,7,nan,0,0,H1975,H1975,H1975,50,1,1,2,2,2,1,1,Gef,Gef,Gef
34,1,nan,0,0,H1975,H1975,H1975,50,1,1,2,2,2,10,10,Gef,Gef,Gef
34,2,nan,0,0,H1975,H1975,H1975,50,1,1,2,2,2,10,10,Gef,Gef,Gef
34,3,nan,0,0,H1975,H1975,H1975,50,1,1,2,2,2,10,10,Gef,Gef,Gef
34,4,nan,0,0,H1975,H1975,H1975,50,1,1,2,2,2,10,10,Gef,Gef,Gef
35,1,nan,0,0,H1975,H1975,H1975,50,1,1,2,2,2,11,11,Gef,Gef,Gef
35,2,nan,0,0,H1975,H1975,H1975,50,1,1,2,2,2,11,11,Gef,Gef,Gef
36,1,nan,0,0,H1975,H1975,H1975,50,1,1,2,2,2,12,12,Gef,Gef,Gef
36,2,nan,0,0,H1975,H1975,H1975,50,1,1,2,2,2,12,12,Gef,Gef,Gef
36,3,nan,0,0,H1975,H1975,H1975,50,1,1,2,2,2,12,12,Gef,Gef,Gef
36,4,nan,0,0,H1975,H1975,H1975,50,1,1,2,2,2,12,12,Gef,Gef,Gef
36,5,nan,0,0,H1975,H1975,H1975,50,1,1,2,2,2,12,12,Gef,Gef,Gef
37,1,nan,0,0,H1975,H1975,H1975,50,1,1,2,2,2,13,13,Gef,Gef,Gef
37,2,nan,0,0,H1975,H1975,H1975,50,1,1,2,2,2,13,13,Gef,Gef,Gef
37,3,nan,0,0,H1975,H1975,H1975,50,1,1,2,2,2,13,13,Gef,Gef,Gef
37,4,nan,0,0,H1975,H1975,H1975,50,1,1,2,2,2,13,13,Gef,Gef,Gef
38,1,nan,0,0,H1975,H1975,H1975,50,1,1,2,2,2,14,14,Gef,Gef,Gef
38,2,nan,0,0,H1975,H1975,H1975,50,1,1,2,2,2,14,14,Gef,Gef,Gef
38,3,nan,0,0,H1975,H1975,H1975,50,1,1,2,2,2,14,14,Gef,Gef,Gef
38,4,nan,0,0,H1975,H1975,H1975,50,1,1,2,2,2,14,14,Gef,Gef,Gef
38,5,nan,0,0,H1975,H1975,H1975,50,1,1,2,2,2,14,14,Gef,Gef,Gef
38,6,nan,0,0,H1975,H1975,H1975,50,1,1,2,2,2,14,14,Gef,Gef,Gef
38,7,nan,0,0,H1975,H1975,H1975,50,1,1,2,2,2,14,14,Gef,Gef,Gef
38,8,nan,0,0,H1975,H1975,H1975,50,1,1,2,2,2,14,14,Gef,Gef,Gef
38,9,nan,0,0,H1975,H1975,H1975,50,1,1,2,2,2,14,14,Gef,Gef,Gef
39,1,nan,0,0,H1975,H1975,H1975,50,1,1,2,2,2,2,2,Gef,Gef,Gef
39,2,nan,0,0,H1975,H1975,H1975,50,1,1,2,2,2,2,2,Gef,Gef,Gef
39,3,nan,0,0,H1975,H1975,H1975,50,1,1,2,2,2,2,2,Gef,Gef,Gef
39,4,nan,0,0,H1975,H1975,H1975,50,1,1,2,2,2,2,2,Gef,Gef,Gef
39,5,nan,0,0,H1975,H1975,H1975,50,1,1,2,2,2,2,2,Gef,Gef,Gef
39,6,nan,0,0,H1975,H1975,H1975,50,1,1,2,2,2,2,2,Gef,Gef,Gef
39,7,nan,0,0,H1975,H1975,H1975,50,1,1,2,2,2,2,2,Gef,Gef,Gef
39,8,nan,0,0,H1975,H1975,H1975,50,1,1,2,2,2,2,2,Gef,Gef,Gef
39,9,nan,0,0,H1975,H1975,H1975,50,1,1,2,2,2,2,2,Gef,Gef,Gef
39,10,nan,0,0,H1975,H1975,H1975,50,1,1,2,2,2,2,2,Gef,Gef,Gef
39,11,nan,0,0,H1975,H1975,H1975,50,1,1,2,2,2,2,2,Gef,Gef,Gef
39,12,nan,0,0,H1975,H1975,H1975,50,1,1,2,2,2,2,2,Gef,Gef,Gef
39,13,nan,0,0,H1975,H1975,H1975,50,1,1,2,2,2,2,2,Gef,Gef,Gef
40,1,nan,0,0,H1975,H1975,H1975,50,1,1,2,2,2,3,3,Gef,Gef,Gef
40,2,nan,0,0,H1975,H1975,H1975,50,1,1,2,2,2,3,3,Gef,Gef,Gef
40,3,nan,0,0,H1975,H1975,H1975,50,1,1,2,2,2,3,3,Gef,Gef,Gef
40,4,nan,0,0,H1975,H1975,H1975,50,1,1,2,2,2,3,3,Gef,Gef,Gef
40,5,nan,0,0,H1975,H1975,H1975,50,1,1,2,2,2,3,3,Gef,Gef,Gef
40,6,nan,0,0,H1975,H1975,H1975,50,1,1,2,2,2,3,3,Gef,Gef,Gef
40,7,nan,0,0,H1975,H1975,H1975,50,1,1,2,2,2,3,3,Gef,Gef,Gef
40,8,nan,0,0,H1975,H1975,H1975,50,1,1,2,2,2,3,3,Gef,Gef,Gef
40,9,nan,0,0,H1975,H1975,H1975,50,1,1,2,2,2,3,3,Gef,Gef,Gef
40,10,nan,0,0,H1975,H1975,H1975,50,1,1,2,2,2,3,3,Gef,Gef,Gef
40,11,nan,0,0,H1975,H1975,H1975,50,1,1,2,2,2,3,3,Gef,Gef,Gef
40,12,nan,0,0,H1975,H1975,H1975,50,1,1,2,2,2,3,3,Gef,Gef,Gef
40,13,nan,0,0,H1975,H1975,H1975,50,1,1,2,2,2,3,3,Gef,Gef,Gef
40,14,nan,0,0,H1975,H1975,H1975,50,1,1,2,2,2,3,3,Gef,Gef,Gef
40,15,nan,0,0,H1975,H1975,H1975,50,1,1,2,2,2,3,3,Gef,Gef,Gef
40,16,nan,0,0,H1975,H1975,H1975,50,1,1,2,2,2,3,3,Gef,Gef,Gef
40,17,nan,0,0,H1975,H1975,H1975,50,1,1,2,2,2,3,3,Gef,Gef,Gef
40,18,nan,0,0,H1975,H1975,H1975,50,1,1,2,2,2,3,3,Gef,Gef,Gef
40,19,nan,0,0,H1975,H1975,H1975,50,1,1,2,2,2,3,3,Gef,Gef,Gef
40,20,nan,0,0,H1975,H1975,H1975,50,1,1,2,2,2,3,3,Gef,Gef,Gef
40,21,nan,0,0,H1975,H1975,H1975,50,1,1,2,2,2,3,3,Gef,Gef,Gef
41,1,nan,0,0,H1975,H1975,H1975,50,1,1,2,2,2,4,4,Gef,Gef,Gef
41,2,nan,0,0,H1975,H1975,H1975,50,1,1,2,2,2,4,4,Gef,Gef,Gef
41,3,nan,0,0,H1975,H1975,H1975,50,1,1,2,2,2,4,4,Gef,Gef,Gef
41,4,nan,0,0,H1975,H1975,H1975,50,1,1,2,2,2,4,4,Gef,Gef,Gef
41,5,nan,0,0,H1975,H1975,H1975,50,1,1,2,2,2,4,4,Gef,Gef,Gef
41,6,nan,0,0,H1975,H1975,H1975,50,1,1,2,2,2,4,4,Gef,Gef,Gef
41,7,nan,0,0,H1975,H1975,H1975,50,1,1,2,2,2,4,4,Gef,Gef,Gef
41,8,nan,0,0,H1975,H1975,H1975,50,1,1,2,2,2,4,4,Gef,Gef,Gef
41,9,nan,0,0,H1975,H1975,H1975,50,1,1,2,2,2,4,4,Gef,Gef,Gef
41,10,nan,0,0,H1975,H1975,H1975,50,1,1,2,2,2,4,4,Gef,Gef,Gef
41,11,nan,0,0,H1975,H1975,H1975,50,1,1,2,2,2,4,4,Gef,Gef,Gef
41,12,nan,0,0,H1975,H1975,H1975,50,1,1,2,2,2,4,4,Gef,Gef,Gef
41,13,nan,0,0,H1975,H1975,H1975,50,1,1,2,2,2,4,4,Gef,Gef,Gef
41,14,nan,0,0,H1975,H1975,H1975,50,1,1,2,2,2,4,4,Gef,Gef,Gef
41,15,nan,0,0,H1975,H1975,H1975,50,1,1,2,2,2,4,4,Gef,Gef,Gef
41,16,nan,0,0,H1975,H1975,H1975,50,1,1,2,2,2,4,4,Gef,Gef,Gef
41,17,nan,0,0,H1975,H1975,H1975,50,1,1,2,2,2,4,4,Gef,Gef,Gef
41,18,nan,0,0,H1975,H1975,H1975,50,1,1,2,2,2,4,4,Gef,Gef,Gef
41,19,nan,0,0,H1975,H1975,H1975,50,1,1,2,2,2,4,4,Gef,Gef,Gef
41,20,nan,0,0,H1975,H1975,H1975,50,1,1,2,2,2,4,4,Gef,Gef,Gef
41,21,nan,0,0,H1975,H1975,H1975,50,1,1,2,2,2,4,4,Gef,Gef,Gef
41,22,nan,0,0,H1975,H1975,H1975,50,1,1,2,2,2,4,4,Gef,Gef,Gef
41,23,nan,0,0,H1975,H1975,H1975,50,1,1,2,2,2,4,4,Gef,Gef,Gef
41,24,nan,0,0,H1975,H1975,H1975,50,1,1,2,2,2,4,4,Gef,Gef,Gef
41,25,nan,0,0,H1975,H1975,H1975,50,1,1,2,2,2,4,4,Gef,Gef,Gef
41,26,nan,0,0,H1975,H1975,H1975,50,1,1,2,2,2,4,4,Gef,Gef,Gef
41,27,nan,0,0,H1975,H1975,H1975,50,1,1,2,2,2,4,4,Gef,Gef,Gef
41,28,nan,0,0,H1975,H1975,H1975,50,1,1,2,2,2,4,4,Gef,Gef,Gef
41,29,nan,0,0,H1975,H1975,H1975,50,1,1,2,2,2,4,4,Gef,Gef,Gef
41,30,nan,0,0,H1975,H1975,H1975,50,1,1,2,2,2,4,4,Gef,Gef,Gef
41,31,nan,0,0,H1975,H1975,H1975,50,1,1,2,2,2,4,4,Gef,Gef,Gef
41,32,nan,0,0,H1975,H1975,H1975,50,1,1,2,2,2,4,4,Gef,Gef,Gef
41,33,nan,0,0,H1975,H1975,H1975,50,1,1,2,2,2,4,4,Gef,Gef,Gef
41,34,nan,0,0,H1975,H1975,H1975,50,1,1,2,2,2,4,4,Gef,Gef,Gef
42,1,nan,0,0,H1975,H1975,H1975,50,1,1,2,2,2,5,5,Gef,Gef,Gef
42,2,nan,0,0,H1975,H1975,H1975,50,1,1,2,2,2,5,5,Gef,Gef,Gef
42,3,nan,0,0,H1975,H1975,H1975,50,1,1,2,2,2,5,5,Gef,Gef,Gef
42,4,nan,0,0,H1975,H1975,H1975,50,1,1,2,2,2,5,5,Gef,Gef,Gef
42,5,nan,0,0,H1975,H1975,H1975,50,1,1,2,2,2,5,5,Gef,Gef,Gef
42,6,nan,0,0,H1975,H1975,H1975,50,1,1,2,2,2,5,5,Gef,Gef,Gef
42,7,nan,0,0,H1975,H1975,H1975,50,1,1,2,2,2,5,5,Gef,Gef,Gef
42,8,nan,0,0,H1975,H1975,H1975,50,1,1,2,2,2,5,5,Gef,Gef,Gef
42,9,nan,0,0,H1975,H1975,H1975,50,1,1,2,2,2,5,5,Gef,Gef,Gef
42,10,nan,0,0,H1975,H1975,H1975,50,1,1,2,2,2,5,5,Gef,Gef,Gef
42,11,nan,0,0,H1975,H1975,H1975,50,1,1,2,2,2,5,5,Gef,Gef,Gef
42,12,nan,0,0,H1975,H1975,H1975,50,1,1,2,2,2,5,5,Gef,Gef,Gef
43,1,nan,0,0,H1975,H1975,H1975,50,1,1,2,2,2,6,6,Gef,Gef,Gef
43,2,nan,0,0,H1975,H1975,H1975,50,1,1,2,2,2,6,6,Gef,Gef,Gef
43,3,nan,0,0,H1975,H1975,H1975,50,1,1,2,2,2,6,6,Gef,Gef,Gef
43,4,nan,0,0,H1975,H1975,H1975,50,1,1,2,2,2,6,6,Gef,Gef,Gef
43,5,nan,0,0,H1975,H1975,H1975,50,1,1,2,2,2,6,6,Gef,Gef,Gef
43,6,nan,0,0,H1975,H1975,H1975,50,1,1,2,2,2,6,6,Gef,Gef,Gef
43,7,nan,0,0,H1975,H1975,H1975,50,1,1,2,2,2,6,6,Gef,Gef,Gef
43,8,nan,0,0,H1975,H1975,H1975,50,1,1,2,2,2,6,6,Gef,Gef,Gef
44,1,nan,0,0,H1975,H1975,H1975,50,1,1,2,2,2,7,7,Gef,Gef,Gef
44,2,nan,0,0,H1975,H1975,H1975,50,1,1,2,2,2,7,7,Gef,Gef,Gef
44,3,nan,0,0,H1975,H1975,H1975,50,1,1,2,2,2,7,7,Gef,Gef,Gef
44,4,nan,0,0,H1975,H1975,H1975,50,1,1,2,2,2,7,7,Gef,Gef,Gef
44,5,nan,0,0,H1975,H1975,H1975,50,1,1,2,2,2,7,7,Gef,Gef,Gef
44,6,nan,0,0,H1975,H1975,H1975,50,1,1,2,2,2,7,7,Gef,Gef,Gef
44,7,nan,0,0,H1975,H1975,H1975,50,1,1,2,2,2,7,7,Gef,Gef,Gef
44,8,nan,0,0,H1975,H1975,H1975,50,1,1,2,2,2,7,7,Gef,Gef,Gef
44,9,nan,0,0,H1975,H1975,H1975,50,1,1,2,2,2,7,7,Gef,Gef,Gef
44,10,nan,0,0,H1975,H1975,H1975,50,1,1,2,2,2,7,7,Gef,Gef,Gef
44,11,nan,0,0,H1975,H1975,H1975,50,1,1,2,2,2,7,7,Gef,Gef,Gef
44,12,nan,0,0,H1975,H1975,H1975,50,1,1,2,2,2,7,7,Gef,Gef,Gef
44,13,nan,0,0,H1975,H1975,H1975,50,1,1,2,2,2,7,7,Gef,Gef,Gef
44,14,nan,0,0,H1975,H1975,H1975,50,1,1,2,2,2,7,7,Gef,Gef,Gef
45,1,nan,0,0,H1975,H1975,H1975,50,1,1,2,2,2,8,8,Gef,Gef,Gef
45,2,nan,0,0,H1975,H1975,H1975,50,1,1,2,2,2,8,8,Gef,Gef,Gef
45,3,nan,0,0,H1975,H1975,H1975,50,1,1,2,2,2,8,8,Gef,Gef,Gef
45,4,nan,0,0,H1975,H1975,H1975,50,1,1,2,2,2,8,8,Gef,Gef,Gef
45,5,nan,0,0,H1975,H1975,H1975,50,1,1,2,2,2,8,8,Gef,Gef,Gef
45,6,nan,0,0,H1975,H1975,H1975,50,1,1,2,2,2,8,8,Gef,Gef,Gef
45,7,nan,0,0,H1975,H1975,H1975,50,1,1,2,2,2,8,8,Gef,Gef,Gef
45,8,nan,0,0,H1975,H1975,H1975,50,1,1,2,2,2,8,8,Gef,Gef,Gef
45,9,nan,0,0,H1975,H1975,H1975,50,1,1,2,2,2,8,8,Gef,Gef,Gef
46,1,nan,0,0,H1975,H1975,H1975,50,1,1,2,2,2,9,9,Gef,Gef,Gef
46,2,nan,0,0,H1975,H1975,H1975,50,1,1,2,2,2,9,9,Gef,Gef,Gef
46,3,nan,0,0,H1975,H1975,H1975,50,1,1,2,2,2,9,9,Gef,Gef,Gef
46,4,nan,0,0,H1975,H1975,H1975,50,1,1,2,2,2,9,9,Gef,Gef,Gef
46,5,nan,0,0,H1975,H1975,H1975,50,1,1,2,2,2,9,9,Gef,Gef,Gef
47,1,nan,0,0,H1975,H1975,H1975,4,1,1,2,2,2,1,1,Osi,Osi,Osi
47,2,nan,0,0,H1975,H1975,H1975,4,1,1,2,2,2,1,1,Osi,Osi,Osi
47,3,nan,0,0,H1975,H1975,H1975,4,1,1,2,2,2,1,1,Osi,Osi,Osi
47,4,nan,0,0,H1975,H1975,H1975,4,1,1,2,2,2,1,1,Osi,Osi,Osi
47,5,nan,0,0,H1975,H1975,H1975,4,1,1,2,2,2,1,1,Osi,Osi,Osi
47,6,nan,0,0,H1975,H1975,H1975,4,1,1,2,2,2,1,1,Osi,Osi,Osi
47,7,nan,0,0,H1975,H1975,H1975,4,1,1,2,2,2,1,1,Osi,Osi,Osi
48,1,nan,0,0,H1975,H1975,H1975,4,1,1,2,2,2,10,10,Osi,Osi,Osi
48,2,nan,0,0,H1975,H1975,H1975,4,1,1,2,2,2,10,10,Osi,Osi,Osi
49,1,nan,0,0,H1975,H1975,H1975,4,1,1,2,2,2,11,11,Osi,Osi,Osi
49,2,nan,0,0,H1975,H1975,H1975,4,1,1,2,2,2,11,11,Osi,Osi,Osi
50,1,nan,0,0,H1975,H1975,H1975,4,1,1,2,2,2,12,12,Osi,Osi,Osi
50,2,nan,0,0,H1975,H1975,H1975,4,1,1,2,2,2,12,12,Osi,Osi,Osi
50,3,nan,0,0,H1975,H1975,H1975,4,1,1,2,2,2,12,12,Osi,Osi,Osi
50,4,nan,0,0,H1975,H1975,H1975,4,1,1,2,2,2,12,12,Osi,Osi,Osi
50,5,nan,0,0,H1975,H1975,H1975,4,1,1,2,2,2,12,12,Osi,Osi,Osi
50,6,nan,0,0,H1975,H1975,H1975,4,1,1,2,2,2,12,12,Osi,Osi,Osi
50,7,nan,0,0,H1975,H1975,H1975,4,1,1,2,2,2,12,12,Osi,Osi,Osi
51,1,nan,0,0,H1975,H1975,H1975,4,1,1,2,2,2,13,13,Osi,Osi,Osi
51,2,nan,0,0,H1975,H1975,H1975,4,1,1,2,2,2,13,13,Osi,Osi,Osi
51,3,nan,0,0,H1975,H1975,H1975,4,1,1,2,2,2,13,13,Osi,Osi,Osi
51,4,nan,0,0,H1975,H1975,H1975,4,1,1,2,2,2,13,13,Osi,Osi,Osi
52,1,nan,0,0,H1975,H1975,H1975,4,1,1,2,2,2,14,14,Osi,Osi,Osi
52,2,nan,0,0,H1975,H1975,H1975,4,1,1,2,2,2,14,14,Osi,Osi,Osi
52,3,nan,0,0,H1975,H1975,H1975,4,1,1,2,2,2,14,14,Osi,Osi,Osi
52,4,nan,0,0,H1975,H1975,H1975,4,1,1,2,2,2,14,14,Osi,Osi,Osi
53,1,nan,0,0,H1975,H1975,H1975,4,1,1,2,2,2,15,15,Osi,Osi,Osi
53,2,nan,0,0,H1975,H1975,H1975,4,1,1,2,2,2,15,15,Osi,Osi,Osi
54,1,nan,0,0,H1975,H1975,H1975,4,1,1,2,2,2,16,16,Osi,Osi,Osi
55,1,nan,0,0,H1975,H1975,H1975,4,1,1,2,2,2,2,2,Osi,Osi,Osi
55,2,nan,0,0,H1975,H1975,H1975,4,1,1,2,2,2,2,2,Osi,Osi,Osi
55,3,nan,0,0,H1975,H1975,H1975,4,1,1,2,2,2,2,2,Osi,Osi,Osi
55,4,nan,0,0,H1975,H1975,H1975,4,1,1,2,2,2,2,2,Osi,Osi,Osi
55,5,nan,0,0,H1975,H1975,H1975,4,1,1,2,2,2,2,2,Osi,Osi,Osi
55,6,nan,0,0,H1975,H1975,H1975,4,1,1,2,2,2,2,2,Osi,Osi,Osi
55,7,nan,0,0,H1975,H1975,H1975,4,1,1,2,2,2,2,2,Osi,Osi,Osi
55,8,nan,0,0,H1975,H1975,H1975,4,1,1,2,2,2,2,2,Osi,Osi,Osi
55,9,nan,0,0,H1975,H1975,H1975,4,1,1,2,2,2,2,2,Osi,Osi,Osi
55,10,nan,0,0,H1975,H1975,H1975,4,1,1,2,2,2,2,2,Osi,Osi,Osi
55,11,nan,0,0,H1975,H1975,H1975,4,1,1,2,2,2,2,2,Osi,Osi,Osi
55,12,nan,0,0,H1975,H1975,H1975,4,1,1,2,2,2,2,2,Osi,Osi,Osi
55,13,nan,0,0,H1975,H1975,H1975,4,1,1,2,2,2,2,2,Osi,Osi,Osi
56,1,nan,0,0,H1975,H1975,H1975,4,1,1,2,2,2,3,3,Osi,Osi,Osi
56,2,nan,0,0,H1975,H1975,H1975,4,1,1,2,2,2,3,3,Osi,Osi,Osi
56,3,nan,0,0,H1975,H1975,H1975,4,1,1,2,2,2,3,3,Osi,Osi,Osi
56,4,nan,0,0,H1975,H1975,H1975,4,1,1,2,2,2,3,3,Osi,Osi,Osi
57,1,nan,0,0,H1975,H1975,H1975,4,1,1,2,2,2,4,4,Osi,Osi,Osi
57,2,nan,0,0,H1975,H1975,H1975,4,1,1,2,2,2,4,4,Osi,Osi,Osi
57,3,nan,0,0,H1975,H1975,H1975,4,1,1,2,2,2,4,4,Osi,Osi,Osi
57,4,nan,0,0,H1975,H1975,H1975,4,1,1,2,2,2,4,4,Osi,Osi,Osi
57,5,nan,0,0,H1975,H1975,H1975,4,1,1,2,2,2,4,4,Osi,Osi,Osi
57,6,nan,0,0,H1975,H1975,H1975,4,1,1,2,2,2,4,4,Osi,Osi,Osi
58,1,nan,0,0,H1975,H1975,H1975,4,1,1,2,2,2,5,5,Osi,Osi,Osi
58,2,nan,0,0,H1975,H1975,H1975,4,1,1,2,2,2,5,5,Osi,Osi,Osi
58,3,nan,0,0,H1975,H1975,H1975,4,1,1,2,2,2,5,5,Osi,Osi,Osi
58,4,nan,0,0,H1975,H1975,H1975,4,1,1,2,2,2,5,5,Osi,Osi,Osi
58,5,nan,0,0,H1975,H1975,H1975,4,1,1,2,2,2,5,5,Osi,Osi,Osi
58,6,nan,0,0,H1975,H1975,H1975,4,1,1,2,2,2,5,5,Osi,Osi,Osi
58,7,nan,0,0,H1975,H1975,H1975,4,1,1,2,2,2,5,5,Osi,Osi,Osi
59,1,nan,0,0,H1975,H1975,H1975,4,1,1,2,2,2,6,6,Osi,Osi,Osi
59,2,nan,0,0,H1975,H1975,H1975,4,1,1,2,2,2,6,6,Osi,Osi,Osi
59,3,nan,0,0,H1975,H1975,H1975,4,1,1,2,2,2,6,6,Osi,Osi,Osi
60,1,nan,0,0,H1975,H1975,H1975,4,1,1,2,2,2,7,7,Osi,Osi,Osi
60,2,nan,0,0,H1975,H1975,H1975,4,1,1,2,2,2,7,7,Osi,Osi,Osi
61,1,nan,0,0,H1975,H1975,H1975,4,1,1,2,2,2,8,8,Osi,Osi,Osi
61,2,nan,0,0,H1975,H1975,H1975,4,1,1,2,2,2,8,8,Osi,Osi,Osi
61,3,nan,0,0,H1975,H1975,H1975,4,1,1,2,2,2,8,8,Osi,Osi,Osi
61,4,nan,0,0,H1975,H1975,H1975,4,1,1,2,2,2,8,8,Osi,Osi,Osi
61,5,nan,0,0,H1975,H1975,H1975,4,1,1,2,2,2,8,8,Osi,Osi,Osi
61,6,nan,0,0,H1975,H1975,H1975,4,1,1,2,2,2,8,8,Osi,Osi,Osi
61,7,nan,0,0,H1975,H1975,H1975,4,1,1,2,2,2,8,8,Osi,Osi,Osi
61,8,nan,0,0,H1975,H1975,H1975,4,1,1,2,2,2,8,8,Osi,Osi,Osi
61,9,nan,0,0,H1975,H1975,H1975,4,1,1,2,2,2,8,8,Osi,Osi,Osi
61,10,nan,0,0,H1975,H1975,H1975,4,1,1,2,2,2,8,8,Osi,Osi,Osi
62,1,nan,0,0,H1975,H1975,H1975,4,1,1,2,2,2,9,9,Osi,Osi,Osi
62,2,nan,0,0,H1975,H1975,H1975,4,1,1,2,2,2,9,9,Osi,Osi,Osi
62,3,nan,0,0,H1975,H1975,H1975,4,1,1,2,2,2,9,9,Osi,Osi,Osi
62,4,nan,0,0,H1975,H1975,H1975,4,1,1,2,2,2,9,9,Osi,Osi,Osi
63,1,nan,0,0,H1975,H1975,H1975,70,1,1,2,2,2,0,0,Vin,Vin,Vin
63,2,nan,0,0,H1975,H1975,H1975,70,1,1,2,2,2,0,0,Vin,Vin,Vin
63,3,nan,0,0,H1975,H1975,H1975,70,1,1,2,2,2,0,0,Vin,Vin,Vin
63,4,nan,0,0,H1975,H1975,H1975,70,1,1,2,2,2,0,0,Vin,Vin,Vin
63,5,nan,0,0,H1975,H1975,H1975,70,1,1,2,2,2,0,0,Vin,Vin,Vin
64,1,nan,0,0,H1975,H1975,H1975,70,1,1,2,2,2,1,1,Vin,Vin,Vin
64,2,nan,0,0,H1975,H1975,H1975,70,1,1,2,2,2,1,1,Vin,Vin,Vin
65,1,nan,0,0,H1975,H1975,H1975,70,1,1,2,2,2,10,10,Vin,Vin,Vin
65,2,nan,0,0,H1975,H1975,H1975,70,1,1,2,2,2,10,10,Vin,Vin,Vin
65,3,nan,0,0,H1975,H1975,H1975,70,1,1,2,2,2,10,10,Vin,Vin,Vin
65,4,nan,0,0,H1975,H1975,H1975,70,1,1,2,2,2,10,10,Vin,Vin,Vin
65,5,nan,0,0,H1975,H1975,H1975,70,1,1,2,2,2,10,10,Vin,Vin,Vin
65,6,nan,0,0,H1975,H1975,H1975,70,1,1,2,2,2,10,10,Vin,Vin,Vin
66,1,nan,0,0,H1975,H1975,H1975,70,1,1,2,2,2,11,11,Vin,Vin,Vin
66,2,nan,0,0,H1975,H1975,H1975,70,1,1,2,2,2,11,11,Vin,Vin,Vin
67,1,nan,0,0,H1975,H1975,H1975,70,1,1,2,2,2,12,12,Vin,Vin,Vin
67,2,nan,0,0,H1975,H1975,H1975,70,1,1,2,2,2,12,12,Vin,Vin,Vin
67,3,nan,0,0,H1975,H1975,H1975,70,1,1,2,2,2,12,12,Vin,Vin,Vin
67,4,nan,0,0,H1975,H1975,H1975,70,1,1,2,2,2,12,12,Vin,Vin,Vin
67,5,nan,0,0,H1975,H1975,H1975,70,1,1,2,2,2,12,12,Vin,Vin,Vin
68,1,nan,0,0,H1975,H1975,H1975,70,1,1,2,2,2,2,2,Vin,Vin,Vin
68,2,nan,0,0,H1975,H1975,H1975,70,1,1,2,2,2,2,2,Vin,Vin,Vin
68,3,nan,0,0,H1975,H1975,H1975,70,1,1,2,2,2,2,2,Vin,Vin,Vin
68,4,nan,0,0,H1975,H1975,H1975,70,1,1,2,2,2,2,2,Vin,Vin,Vin
68,5,nan,0,0,H1975,H1975,H1975,70,1,1,2,2,2,2,2,Vin,Vin,Vin
68,6,nan,0,0,H1975,H1975,H1975,70,1,1,2,2,2,2,2,Vin,Vin,Vin
68,7,nan,0,0,H1975,H1975,H1975,70,1,1,2,2,2,2,2,Vin,Vin,Vin
68,8,nan,0,0,H1975,H1975,H1975,70,1,1,2,2,2,2,2,Vin,Vin,Vin
68,9,nan,0,0,H1975,H1975,H1975,70,1,1,2,2,2,2,2,Vin,Vin,Vin
68,10,nan,0,0,H1975,H1975,H1975,70,1,1,2,2,2,2,2,Vin,Vin,Vin
68,11,nan,0,0,H1975,H1975,H1975,70,1,1,2,2,2,2,2,Vin,Vin,Vin
68,12,nan,0,0,H1975,H1975,H1975,70,1,1,2,2,2,2,2,Vin,Vin,Vin
68,13,nan,0,0,H1975,H1975,H1975,70,1,1,2,2,2,2,2,Vin,Vin,Vin
68,14,nan,0,0,H1975,H1975,H1975,70,1,1,2,2,2,2,2,Vin,Vin,Vin
68,15,nan,0,0,H1975,H1975,H1975,70,1,1,2,2,2,2,2,Vin,Vin,Vin
68,16,nan,0,0,H1975,H1975,H1975,70,1,1,2,2,2,2,2,Vin,Vin,Vin
68,17,nan,0,0,H1975,H1975,H1975,70,1,1,2,2,2,2,2,Vin,Vin,Vin
68,18,nan,0,0,H1975,H1975,H1975,70,1,1,2,2,2,2,2,Vin,Vin,Vin
69,1,nan,0,0,H1975,H1975,H1975,70,1,1,2,2,2,3,3,Vin,Vin,Vin
69,2,nan,0,0,H1975,H1975,H1975,70,1,1,2,2,2,3,3,Vin,Vin,Vin
69,3,nan,0,0,H1975,H1975,H1975,70,1,1,2,2,2,3,3,Vin,Vin,Vin
69,4,nan,0,0,H1975,H1975,H1975,70,1,1,2,2,2,3,3,Vin,Vin,Vin
69,5,nan,0,0,H1975,H1975,H1975,70,1,1,2,2,2,3,3,Vin,Vin,Vin
69,6,nan,0,0,H1975,H1975,H1975,70,1,1,2,2,2,3,3,Vin,Vin,Vin
70,1,nan,0,0,H1975,H1975,H1975,70,1,1,2,2,2,4,4,Vin,Vin,Vin
70,2,nan,0,0,H1975,H1975,H1975,70,1,1,2,2,2,4,4,Vin,Vin,Vin
70,3,nan,0,0,H1975,H1975,H1975,70,1,1,2,2,2,4,4,Vin,Vin,Vin
71,1,nan,0,0,H1975,H1975,H1975,70,1,1,2,2,2,5,5,Vin,Vin,Vin
71,2,nan,0,0,H1975,H1975,H1975,70,1,1,2,2,2,5,5,Vin,Vin,Vin
71,3,nan,0,0,H1975,H1975,H1975,70,1,1,2,2,2,5,5,Vin,Vin,Vin
72,1,nan,0,0,H1975,H1975,H1975,70,1,1,2,2,2,6,6,Vin,Vin,Vin
72,2,nan,0,0,H1975,H1975,H1975,70,1,1,2,2,2,6,6,Vin,Vin,Vin
72,3,nan,0,0,H1975,H1975,H1975,70,1,1,2,2,2,6,6,Vin,Vin,Vin
72,4,nan,0,0,H1975,H1975,H1975,70,1,1,2,2,2,6,6,Vin,Vin,Vin
72,5,nan,0,0,H1975,H1975,H1975,70,1,1,2,2,2,6,6,Vin,Vin,Vin
72,6,nan,0,0,H1975,H1975,H1975,70,1,1,2,2,2,6,6,Vin,Vin,Vin
72,7,nan,0,0,H1975,H1975,H1975,70,1,1,2,2,2,6,6,Vin,Vin,Vin
72,8,nan,0,0,H1975,H1975,H1975,70,1,1,2,2,2,6,6,Vin,Vin,Vin
73,1,nan,0,0,H1975,H1975,H1975,70,1,1,2,2,2,7,7,Vin,Vin,Vin
73,2,nan,0,0,H1975,H1975,H1975,70,1,1,2,2,2,7,7,Vin,Vin,Vin
73,3,nan,0,0,H1975,H1975,H1975,70,1,1,2,2,2,7,7,Vin,Vin,Vin
73,4,nan,0,0,H1975,H1975,H1975,70,1,1,2,2,2,7,7,Vin,Vin,Vin
73,5,nan,0,0,H1975,H1975,H1975,70,1,1,2,2,2,7,7,Vin,Vin,Vin
73,6,nan,0,0,H1975,H1975,H1975,70,1,1,2,2,2,7,7,Vin,Vin,Vin
73,7,nan,0,0,H1975,H1975,H1975,70,1,1,2,2,2,7,7,Vin,Vin,Vin
73,8,nan,0,0,H1975,H1975,H1975,70,1,1,2,2,2,7,7,Vin,Vin,Vin
74,1,nan,0,0,H1975,H1975,H1975,70,1,1,2,2,2,8,8,Vin,Vin,Vin
74,2,nan,0,0,H1975,H1975,H1975,70,1,1,2,2,2,8,8,Vin,Vin,Vin
75,1,nan,0,0,H1975,H1975,H1975,70,1,1,2,2,2,9,9,Vin,Vin,Vin
75,2,nan,0,0,H1975,H1975,H1975,70,1,1,2,2,2,9,9,Vin,Vin,Vin
75,3,nan,0,0,H1975,H1975,H1975,70,1,1,2,2,2,9,9,Vin,Vin,Vin
75,4,nan,0,0,H1975,H1975,H1975,70,1,1,2,2,2,9,9,Vin,Vin,Vin
76,1,nan,0,0,H1975,H1975,H1975,0,1,1,2,2,2,0,0,control,control,control
76,2,nan,0,0,H1975,H1975,H1975,0,1,1,2,2,2,0,0,control,control,control
76,3,nan,0,0,H1975,H1975,H1975,0,1,1,2,2,2,0,0,control,control,control
76,4,nan,0,0,H1975,H1975,H1975,0,1,1,2,2,2,0,0,control,control,control
76,5,nan,0,0,H1975,H1975,H1975,0,1,1,2,2,2,0,0,control,control,control
76,6,nan,0,0,H1975,H1975,H1975,0,1,1,2,2,2,0,0,control,control,control
76,7,nan,0,0,H1975,H1975,H1975,0,1,1,2,2,2,0,0,control,control,control
76,8,nan,0,0,H1975,H1975,H1975,0,1,1,2,2,2,0,0,control,control,control
76,9,nan,0,0,H1975,H1975,H1975,0,1,1,2,2,2,0,0,control,control,control
76,10,nan,0,0,H1975,H1975,H1975,0,1,1,2,2,2,0,0,control,control,control
76,11,nan,0,0,H1975,H1975,H1975,0,1,1,2,2,2,0,0,control,control,control
76,12,nan,0,0,H1975,H1975,H1975,0,1,1,2,2,2,0,0,control,control,control
76,13,nan,0,0,H1975,H1975,H1975,0,1,1,2,2,2,0,0,control,control,control
76,14,nan,0,0,H1975,H1975,H1975,0,1,1,2,2,2,0,0,control,control,control
76,15,nan,0,0,H1975,H1975,H1975,0,1,1,2,2,2,0,0,control,control,control
76,16,nan,0,0,H1975,H1975,H1975,0,1,1,2,2,2,0,0,control,control,control
76,17,nan,0,0,H1975,H1975,H1975,0,1,1,2,2,2,0,0,control,control,control
76,18,nan,0,0,H1975,H1975,H1975,0,1,1,2,2,2,0,0,control,control,control
76,19,nan,0,0,H1975,H1975,H1975,0,1,1,2,2,2,0,0,control,control,control
76,20,nan,0,0,H1975,H1975,H1975,0,1,1,2,2,2,0,0,control,control,control
76,21,nan,0,0,H1975,H1975,H1975,0,1,1,2,2,2,0,0,control,control,control
76,22,nan,0,0,H1975,H1975,H1975,0,1,1,2,2,2,0,0,control,control,control
76,23,nan,0,0,H1975,H1975,H1975,0,1,1,2,2,2,0,0,control,control,control
76,24,nan,0,0,H1975,H1975,H1975,0,1,1,2,2,2,0,0,control,control,control
76,25,nan,0,0,H1975,H1975,H1975,0,1,1,2,2,2,0,0,control,control,control
76,26,nan,0,0,H1975,H1975,H1975,0,1,1,2,2,2,0,0,control,control,control
76,27,nan,0,0,H1975,H1975,H1975,0,1,1,2,2,2,0,0,control,control,control
76,28,nan,0,0,H1975,H1975,H1975,0,1,1,2,2,2,0,0,control,control,control
76,29,nan,0,0,H1975,H1975,H1975,0,1,1,2,2,2,0,0,control,control,control
76,30,nan,0,0,H1975,H1975,H1975,0,1,1,2,2,2,0,0,control,control,control
76,31,nan,0,0,H1975,H1975,H1975,0,1,1,2,2,2,0,0,control,control,control
76,32,nan,0,0,H1975,H1975,H1975,0,1,1,2,2,2,0,0,control,control,control
76,33,nan,0,0,H1975,H1975,H1975,0,1,1,2,2,2,0,0,control,control,control
76,34,nan,0,0,H1975,H1975,H1975,0,1,1,2,2,2,0,0,control,control,control
76,35,nan,0,0,H1975,H1975,H1975,0,1,1,2,2,2,0,0,control,control,control
76,36,nan,0,0,H1975,H1975,H1975,0,1,1,2,2,2,0,0,control,control,control
76,37,nan,0,0,H1975,H1975,H1975,0,1,1,2,2,2,0,0,control,control,control
76,38,nan,0,0,H1975,H1975,H1975,0,1,1,2,2,2,0,0,control,control,control
76,39,nan,0,0,H1975,H1975,H1975,0,1,1,2,2,2,0,0,control,control,control
76,40,nan,0,0,H1975,H1975,H1975,0,1,1,2,2,2,0,0,control,control,control
76,41,nan,0,0,H1975,H1975,H1975,0,1,1,2,2,2,0,0,control,control,control
76,42,nan,0,0,H1975,H1975,H1975,0,1,1,2,2,2,0,0,control,control,control
76,43,nan,0,0,H1975,H1975,H1975,0,1,1,2,2,2,0,0,control,control,control
77,1,nan,0,0,H1975,H1975,H1975,0,1,1,2,2,2,1,1,control,control,control
77,2,nan,0,0,H1975,H1975,H1975,0,1,1,2,2,2,1,1,control,control,control
77,3,nan,0,0,H1975,H1975,H1975,0,1,1,2,2,2,1,1,control,control,control
77,4,nan,0,0,H1975,H1975,H1975,0,1,1,2,2,2,1,1,control,control,control
77,5,nan,0,0,H1975,H1975,H1975,0,1,1,2,2,2,1,1,control,control,control
77,6,nan,0,0,H1975,H1975,H1975,0,1,1,2,2,2,1,1,control,control,control
77,7,nan,0,0,H1975,H1975,H1975,0,1,1,2,2,2,1,1,control,control,control
77,8,nan,0,0,H1975,H1975,H1975,0,1,1,2,2,2,1,1,control,control,control
77,9,nan,0,0,H1975,H1975,H1975,0,1,1,2,2,2,1,1,control,control,control
77,10,nan,0,0,H1975,H1975,H1975,0,1,1,2,2,2,1,1,control,control,control
77,11,nan,0,0,H1975,H1975,H1975,0,1,1,2,2,2,1,1,control,control,control
77,12,nan,0,0,H1975,H1975,H1975,0,1,1,2,2,2,1,1,control,control,control
77,13,nan,0,0,H1975,H1975,H1975,0,1,1,2,2,2,1,1,control,control,control
77,14,nan,0,0,H1975,H1975,H1975,0,1,1,2,2,2,1,1,control,control,control
77,15,nan,0,0,H1975,H1975,H1975,0,1,1,2,2,2,1,1,control,control,control
77,16,nan,0,0,H1975,H1975,H1975,0,1,1,2,2,2,1,1,control,control,control
77,17,nan,0,0,H1975,H1975,H1975,0,1,1,2,2,2,1,1,control,control,control
77,18,nan,0,0,H1975,H1975,H1975,0,1,1,2,2,2,1,1,control,control,control
77,19,nan,0,0,H1975,H1975,H1975,0,1,1,2,2,2,1,1,control,control,control
77,20,nan,0,0,H1975,H1975,H1975,0,1,1,2,2,2,1,1,control,control,control
77,21,nan,0,0,H1975,H1975,H1975,0,1,1,2,2,2,1,1,control,control,control
77,22,nan,0,0,H1975,H1975,H1975,0,1,1,2,2,2,1,1,control,control,control
77,23,nan,0,0,H1975,H1975,H1975,0,1,1,2,2,2,1,1,control,control,control
77,24,nan,0,0,H1975,H1975,H1975,0,1,1,2,2,2,1,1,control,control,control
77,25,nan,0,0,H1975,H1975,H1975,0,1,1,2,2,2,1,1,control,control,control
77,26,nan,0,0,H1975,H1975,H1975,0,1,1,2,2,2,1,1,control,control,control
77,27,nan,0,0,H1975,H1975,H1975,0,1,1,2,2,2,1,1,control,control,control
77,28,nan,0,0,H1975,H1975,H1975,0,1,1,2,2,2,1,1,control,control,control
77,29,nan,0,0,H1975,H1975,H1975,0,1,1,2,2,2,1,1,control,control,control
77,30,nan,0,0,H1975,H1975,H1975,0,1,1,2,2,2,1,1,control,control,control
77,31,nan,0,0,H1975,H1975,H1975,0,1,1,2,2,2,1,1,control,control,control
77,32,nan,0,0,H1975,H1975,H1975,0,1,1,2,2,2,1,1,control,control,control
77,33,nan,0,0,H1975,H1975,H1975,0,1,1,2,2,2,1,1,control,control,control
77,34,nan,0,0,H1975,H1975,H1975,0,1,1,2,2,2,1,1,control,control,control
77,35,nan,0,0,H1975,H1975,H1975,0,1,1,2,2,2,1,1,control,control,control
77,36,nan,0,0,H1975,H1975,H1975,0,1,1,2,2,2,1,1,control,control,control
77,37,nan,0,0,H1975,H1975,H1975,0,1,1,2,2,2,1,1,control,control,control
77,38,nan,0,0,H1975,H1975,H1975,0,1,1,2,2,2,1,1,control,control,control
77,39,nan,0,0,H1975,H1975,H1975,0,1,1,2,2,2,1,1,control,control,control
77,40,nan,0,0,H1975,H1975,H1975,0,1,1,2,2,2,1,1,control,control,control
77,41,nan,0,0,H1975,H1975,H1975,0,1,1,2,2,2,1,1,control,control,control
77,42,nan,0,0,H1975,H1975,H1975,0,1,1,2,2,2,1,1,control,control,control
77,43,nan,0,0,H1975,H1975,H1975,0,1,1,2,2,2,1,1,control,control,control
77,44,nan,0,0,H1975,H1975,H1975,0,1,1,2,2,2,1,1,control,control,control
77,45,nan,0,0,H1975,H1975,H1975,0,1,1,2,2,2,1,1,control,control,control
77,46,nan,0,0,H1975,H1975,H1975,0,1,1,2,2,2,1,1,control,control,control
77,47,nan,0,0,H1975,H1975,H1975,0,1,1,2,2,2,1,1,control,control,control
77,48,nan,0,0,H1975,H1975,H1975,0,1,1,2,2,2,1,1,control,control,control
77,49,nan,0,0,H1975,H1975,H1975,0,1,1,2,2,2,1,1,control,control,control
77,50,nan,0,0,H1975,H1975,H1975,0,1,1,2,2,2,1,1,control,control,control
77,51,nan,0,0,H1975,H1975,H1975,0,1,1,2,2,2,1,1,control,control,control
77,52,nan,0,0,H1975,H1975,H1975,0,1,1,2,2,2,1,1,control,control,control
77,53,nan,0,0,H1975,H1975,H1975,0,1,1,2,2,2,1,1,control,control,control
77,54,nan,0,0,H1975,H1975,H1975,0,1,1,2,2,2,1,1,control,control,control
78,1,nan,0,0,H1975,H1975,H1975,0,1,1,2,2,2,10,10,control,control,control
78,2,nan,0,0,H1975,H1975,H1975,0,1,1,2,2,2,10,10,control,control,control
78,3,nan,0,0,H1975,H1975,H1975,0,1,1,2,2,2,10,10,control,control,control
79,1,nan,0,0,H1975,H1975,H1975,0,1,1,2,2,2,11,11,control,control,control
79,2,nan,0,0,H1975,H1975,H1975,0,1,1,2,2,2,11,11,control,control,control
79,3,nan,0,0,H1975,H1975,H1975,0,1,1,2,2,2,11,11,control,control,control
80,1,nan,0,0,H1975,H1975,H1975,0,1,1,2,2,2,12,12,control,control,control
80,2,nan,0,0,H1975,H1975,H1975,0,1,1,2,2,2,12,12,control,control,control
81,1,nan,0,0,H1975,H1975,H1975,0,1,1,2,2,2,13,13,control,control,control
82,1,nan,0,0,H1975,H1975,H1975,0,1,1,2,2,2,14,14,control,control,control
82,2,nan,0,0,H1975,H1975,H1975,0,1,1,2,2,2,14,14,control,control,control
83,1,nan,0,0,H1975,H1975,H1975,0,1,1,2,2,2,15,15,control,control,control
83,2,nan,0,0,H1975,H1975,H1975,0,1,1,2,2,2,15,15,control,control,control
83,3,nan,0,0,H1975,H1975,H1975,0,1,1,2,2,2,15,15,control,control,control
83,4,nan,0,0,H1975,H1975,H1975,0,1,1,2,2,2,15,15,control,control,control
84,1,nan,0,0,H1975,H1975,H1975,0,1,1,2,2,2,2,2,control,control,control
84,2,nan,0,0,H1975,H1975,H1975,0,1,1,2,2,2,2,2,control,control,control
84,3,nan,0,0,H1975,H1975,H1975,0,1,1,2,2,2,2,2,control,control,control
84,4,nan,0,0,H1975,H1975,H1975,0,1,1,2,2,2,2,2,control,control,control
84,5,nan,0,0,H1975,H1975,H1975,0,1,1,2,2,2,2,2,control,control,control
84,6,nan,0,0,H1975,H1975,H1975,0,1,1,2,2,2,2,2,control,control,control
85,1,nan,0,0,H1975,H1975,H1975,0,1,1,2,2,2,3,3,control,control,control
85,2,nan,0,0,H1975,H1975,H1975,0,1,1,2,2,2,3,3,control,control,control
85,3,nan,0,0,H1975,H1975,H1975,0,1,1,2,2,2,3,3,control,control,control
86,1,nan,0,0,H1975,H1975,H1975,0,1,1,2,2,2,4,4,control,control,control
86,2,nan,0,0,H1975,H1975,H1975,0,1,1,2,2,2,4,4,control,control,control
86,3,nan,0,0,H1975,H1975,H1975,0,1,1,2,2,2,4,4,control,control,control
86,4,nan,0,0,H1975,H1975,H1975,0,1,1,2,2,2,4,4,control,control,control
86,5,nan,0,0,H1975,H1975,H1975,0,1,1,2,2,2,4,4,control,control,control
86,6,nan,0,0,H1975,H1975,H1975,0,1,1,2,2,2,4,4,control,control,control
86,7,nan,0,0,H1975,H1975,H1975,0,1,1,2,2,2,4,4,control,control,control
87,1,nan,0,0,H1975,H1975,H1975,0,1,1,2,2,2,5,5,control,control,control
87,2,nan,0,0,H1975,H1975,H1975,0,1,1,2,2,2,5,5,control,control,control
87,3,nan,0,0,H1975,H1975,H1975,0,1,1,2,2,2,5,5,control,control,control
87,4,nan,0,0,H1975,H1975,H1975,0,1,1,2,2,2,5,5,control,control,control
87,5,nan,0,0,H1975,H1975,H1975,0,1,1,2,2,2,5,5,control,control,control
87,6,nan,0,0,H1975,H1975,H1975,0,1,1,2,2,2,5,5,control,control,control
87,7,nan,0,0,H1975,H1975,H1975,0,1,1,2,2,2,5,5,control,control,control
87,8,nan,0,0,H1975,H1975,H1975,0,1,1,2,2,2,5,5,control,control,control
87,9,nan,0,0,H1975,H1975,H1975,0,1,1,2,2,2,5,5,control,control,control
87,10,nan,0,0,H1975,H1975,H1975,0,1,1,2,2,2,5,5,control,control,control
87,11,nan,0,0,H1975,H1975,H1975,0,1,1,2,2,2,5,5,control,control,control
87,12,nan,0,0,H1975,H1975,H1975,0,1,1,2,2,2,5,5,control,control,control
87,13,nan,0,0,H1975,H1975,H1975,0,1,1,2,2,2,5,5,control,control,control
87,14,nan,0,0,H1975,H1975,H1975,0,1,1,2,2,2,5,5,control,control,control
87,15,nan,0,0,H1975,H1975,H1975,0,1,1,2,2,2,5,5,control,control,control
87,16,nan,0,0,H1975,H1975,H1975,0,1,1,2,2,2,5,5,control,control,control
87,17,nan,0,0,H1975,H1975,H1975,0,1,1,2,2,2,5,5,control,control,control
87,18,nan,0,0,H1975,H1975,H1975,0,1,1,2,2,2,5,5,control,control,control
87,19,nan,0,0,H1975,H1975,H1975,0,1,1,2,2,2,5,5,control,control,control
87,20,nan,0,0,H1975,H1975,H1975,0,1,1,2,2,2,5,5,control,control,control
87,21,nan,0,0,H1975,H1975,H1975,0,1,1,2,2,2,5,5,control,control,control
87,22,nan,0,0,H1975,H1975,H1975,0,1,1,2,2,2,5,5,control,control,control
87,23,nan,0,0,H1975,H1975,H1975,0,1,1,2,2,2,5,5,control,control,control
87,24,nan,0,0,H1975,H1975,H1975,0,1,1,2,2,2,5,5,control,control,control
87,25,nan,0,0,H1975,H1975,H1975,0,1,1,2,2,2,5,5,control,control,control
87,26,nan,0,0,H1975,H1975,H1975,0,1,1,2,2,2,5,5,control,control,control
87,27,nan,0,0,H1975,H1975,H1975,0,1,1,2,2,2,5,5,control,control,control
87,28,nan,0,0,H1975,H1975,H1975,0,1,1,2,2,2,5,5,control,control,control
87,29,nan,0,0,H1975,H1975,H1975,0,1,1,2,2,2,5,5,control,control,control
87,30,nan,0,0,H1975,H1975,H1975,0,1,1,2,2,2,5,5,control,control,control
87,31,nan,0,0,H1975,H1975,H1975,0,1,1,2,2,2,5,5,control,control,control
87,32,nan,0,0,H1975,H1975,H1975,0,1,1,2,2,2,5,5,control,control,control
87,33,nan,0,0,H1975,H1975,H1975,0,1,1,2,2,2,5,5,control,control,control
87,34,nan,0,0,H1975,H1975,H1975,0,1,1,2,2,2,5,5,control,control,control
87,35,nan,0,0,H1975,H1975,H1975,0,1,1,2,2,2,5,5,control,control,control
87,36,nan,0,0,H1975,H1975,H1975,0,1,1,2,2,2,5,5,control,control,control
87,37,nan,0,0,H1975,H1975,H1975,0,1,1,2,2,2,5,5,control,control,control
87,38,nan,0,0,H1975,H1975,H1975,0,1,1,2,2,2,5,5,control,control,control
87,39,nan,0,0,H1975,H1975,H1975,0,1,1,2,2,2,5,5,control,control,control
87,40,nan,0,0,H1975,H1975,H1975,0,1,1,2,2,2,5,5,control,control,control
87,41,nan,0,0,H1975,H1975,H1975,0,1,1,2,2,2,5,5,control,control,control
87,42,nan,0,0,H1975,H1975,H1975,0,1,1,2,2,2,5,5,control,control,control
87,43,nan,0,0,H1975,H1975,H1975,0,1,1,2,2,2,5,5,control,control,control
87,44,nan,0,0,H1975,H1975,H1975,0,1,1,2,2,2,5,5,control,control,control
87,45,nan,0,0,H1975,H1975,H1975,0,1,1,2,2,2,5,5,control,control,control
87,46,nan,0,0,H1975,H1975,H1975,0,1,1,2,2,2,5,5,control,control,control
87,47,nan,0,0,H1975,H1975,H1975,0,1,1,2,2,2,5,5,control,control,control
87,48,nan,0,0,H1975,H1975,H1975,0,1,1,2,2,2,5,5,control,control,control
87,49,nan,0,0,H1975,H1975,H1975,0,1,1,2,2,2,5,5,control,control,control
87,50,nan,0,0,H1975,H1975,H1975,0,1,1,2,2,2,5,5,control,control,control
88,1,nan,0,0,H1975,H1975,H1975,0,1,1,2,2,2,6,6,control,control,control
88,2,nan,0,0,H1975,H1975,H1975,0,1,1,2,2,2,6,6,control,control,control
88,3,nan,0,0,H1975,H1975,H1975,0,1,1,2,2,2,6,6,control,control,control
88,4,nan,0,0,H1975,H1975,H1975,0,1,1,2,2,2,6,6,control,control,control
88,5,nan,0,0,H1975,H1975,H1975,0,1,1,2,2,2,6,6,control,control,control
88,6,nan,0,0,H1975,H1975,H1975,0,1,1,2,2,2,6,6,control,control,control
88,7,nan,0,0,H1975,H1975,H1975,0,1,1,2,2,2,6,6,control,control,control
89,1,nan,0,0,H1975,H1975,H1975,0,1,1,2,2,2,7,7,control,control,control
89,2,nan,0,0,H1975,H1975,H1975,0,1,1,2,2,2,7,7,control,control,control
89,3,nan,0,0,H1975,H1975,H1975,0,1,1,2,2,2,7,7,control,control,control
89,4,nan,0,0,H1975,H1975,H1975,0,1,1,2,2,2,7,7,control,control,control
89,5,nan,0,0,H1975,H1975,H1975,0,1,1,2,2,2,7,7,control,control,control
89,6,nan,0,0,H1975,H1975,H1975,0,1,1,2,2,2,7,7,control,control,control
89,7,nan,0,0,H1975,H1975,H1975,0,1,1,2,2,2,7,7,control,control,control
89,8,nan,0,0,H1975,H1975,H1975,0,1,1,2,2,2,7,7,control,control,control
89,9,nan,0,0,H1975,H1975,H1975,0,1,1,2,2,2,7,7,control,control,control
89,10,nan,0,0,H1975,H1975,H1975,0,1,1,2,2,2,7,7,control,control,control
90,1,nan,0,0,H1975,H1975,H1975,0,1,1,2,2,2,8,8,control,control,control
91,1,nan,0,0,H1975,H1975,H1975,0,1,1,2,2,2,9,9,control,control,control
91,2,nan,0,0,H1975,H1975,H1975,0,1,1,2,2,2,9,9,control,control,control
91,3,nan,0,0,H1975,H1975,H1975,0,1,1,2,2,2,9,9,control,control,control
